ID,TARGET
32933,0.245481
32713,0.79908246
90799,0.20093733
30990,0.80841833
110120,0.27846062
64879,0.47989923
86700,0.23173311
32599,0.72939974
42504,0.80821896
30559,0.39555562
97930,0.66419625
41814,0.37926155
83325,0.20859048
104376,0.6096302
57754,0.6411027
90016,0.21806772
19652,0.7933174
62811,0.6102907
47551,0.8069103
11370,0.5241241
70550,0.37961593
49494,0.33895442
124132,0.48947185
30807,0.8081197
112804,0.44198367
70340,0.5296236
27515,0.26070908
74851,0.36892986
23773,0.54737645
1905,0.77547044
36533,0.7891251
85121,0.2057686
49630,0.7354832
120981,0.75649893
52205,0.7431494
89516,0.19727612
46859,0.47663856
95029,0.32963115
33309,0.44746363
36372,0.8082987
46642,0.80061066
77876,0.19716427
27967,0.31827724
63091,0.79033977
112046,0.5904159
100185,0.55556667
75328,0.21775475
119761,0.300604
18970,0.20045832
93993,0.4118634
16516,0.5293339
111056,0.43463242
104819,0.41001138
1834,0.37100983
81597,0.2018793
21208,0.20071383
104115,0.48722816
60668,0.6050945
77085,0.20004468
31114,0.5639947
44601,0.80340356
39482,0.64674443
35622,0.80895203
105276,0.35263932
111644,0.45244563
19609,0.79832655
46831,0.650846
67796,0.38272038
97497,0.69886434
43621,0.78964967
21305,0.24882478
31350,0.78683996
25638,0.55381143
39958,0.62964433
116905,0.37711772
63544,0.7842405
71318,0.28217304
119726,0.6275476
98813,0.44492543
66351,0.6206877
94473,0.28963464
113650,0.67341036
12016,0.25181505
114787,0.4841594
59160,0.78166604
76200,0.21142098
77519,0.2013529
53197,0.37220013
12077,0.63563484
112146,0.50919116
87227,0.20646583
71274,0.39541614
91319,0.20819162
27975,0.6778204
34909,0.7975846
70008,0.7592301
8719,0.34316927
12879,0.60307133
78498,0.22388813
117980,0.32998794
86705,0.21320541
45665,0.80129594
101761,0.78976077
106773,0.8092244
49470,0.7346615
76997,0.24249275
122677,0.77573425
51579,0.34557486
75429,0.22393556
7196,0.36882192
57834,0.7401102
18762,0.80584764
60024,0.41519743
91935,0.23562232
37195,0.80104226
45366,0.689044
78321,0.22167099
31308,0.30249912
219,0.28688315
37532,0.8017056
93392,0.73767245
21536,0.8011279
54080,0.30753118
22147,0.8016232
89698,0.19925535
92849,0.48897278
4855,0.77257067
12988,0.39123073
75952,0.20012447
92039,0.2314758
36456,0.80895203
98659,0.41538382
108163,0.31019273
56935,0.80066
60366,0.7936831
33317,0.6313574
63699,0.79825
92138,0.38783586
58368,0.7820643
52166,0.4492166
61821,0.7948689
54413,0.53022087
107351,0.8077964
109938,0.23082173
62470,0.794977
24453,0.20075087
116107,0.74843377
27751,0.70122445
53375,0.7822329
57102,0.66156656
44187,0.4928904
54241,0.52141047
51642,0.7547623
70917,0.78859717
84722,0.20688346
25283,0.75228924
89106,0.20456482
116544,0.6140295
64814,0.66016775
70345,0.3016316
65943,0.6991469
88437,0.20066488
34393,0.7509981
71405,0.30319127
22288,0.8029905
71863,0.4160486
102765,0.68020463
45463,0.77406335
28616,0.57919526
16888,0.5802331
3345,0.43913317
10439,0.27740973
7506,0.49823645
117131,0.52496123
50448,0.71803325
47119,0.6032685
40832,0.7978385
58634,0.7923286
4825,0.78095263
107712,0.42519665
106090,0.34173068
95974,0.29286277
18969,0.20045832
24427,0.20075087
83219,0.19941431
31307,0.30249912
27371,0.34539014
20212,0.4494517
22287,0.8029905
55792,0.78802425
124159,0.7725501
49055,0.7939288
34595,0.79532456
38653,0.8082987
11365,0.36456516
62740,0.72382045
51615,0.52521026
96456,0.3559896
17369,0.303257
28545,0.57919526
123930,0.77573425
12249,0.6811953
46122,0.809229
82569,0.20310645
25517,0.7994737
49118,0.33561334
12387,0.48360983
1451,0.62025684
46907,0.80718696
62122,0.7878665
62793,0.6994013
80038,0.20527248
112769,0.3186168
13833,0.4263661
117387,0.43687445
98295,0.79714495
117040,0.35082287
69156,0.55284494
108383,0.43899307
80162,0.20143482
90487,0.20266423
57007,0.72897077
122164,0.7607873
98934,0.4656142
22013,0.65535176
121276,0.68491787
121619,0.7193865
66475,0.805242
7160,0.57851446
101439,0.5532886
114406,0.42742538
25628,0.23186314
81898,0.20541182
93667,0.6374339
87454,0.22430784
85894,0.21683623
35880,0.80895203
33368,0.6260661
56837,0.5430218
9759,0.37185392
8980,0.46951622
86473,0.21910709
118492,0.6897357
29785,0.4258732
4954,0.79814386
94226,0.8091231
25787,0.2506116
100373,0.33027163
116172,0.72511554
89868,0.19865619
89622,0.22711281
91351,0.21705136
77755,0.21095371
46760,0.52340853
7767,0.6340014
120572,0.6102759
29163,0.78086734
62600,0.59622604
93316,0.37555912
121961,0.7211271
96668,0.8086842
81910,0.21754745
68634,0.68467414
31080,0.761605
109041,0.24112435
99814,0.35428205
112044,0.7252728
81866,0.20218292
55253,0.38569254
5213,0.80916846
95650,0.4654562
3744,0.4011202
19020,0.5845888
64387,0.7954371
3803,0.28311908
72598,0.37900463
106969,0.34226465
7535,0.47539514
59700,0.76514494
9414,0.5831704
107049,0.8093602
117550,0.61753476
30168,0.39439833
119586,0.70404005
87756,0.22296892
99601,0.7294882
86645,0.20115723
115488,0.6853785
101469,0.30736914
361,0.45844227
49542,0.7361849
79688,0.23068005
95116,0.29286277
86092,0.22461027
70365,0.78289264
85203,0.2068417
27182,0.37711933
52390,0.589614
40108,0.79722136
78524,0.24952763
101801,0.49684465
120810,0.70667946
29048,0.7041766
107985,0.38766253
18056,0.7957616
6486,0.71770185
92567,0.6382334
71959,0.264656
56836,0.46420133
115995,0.59728825
27472,0.37428558
97544,0.53975004
63071,0.43820137
118130,0.32557595
28409,0.2631082
100355,0.33027163
23544,0.7658766
41256,0.80259776
119245,0.42142415
5537,0.26951572
73118,0.40869683
56043,0.78675014
118876,0.7243865
87033,0.23772684
8049,0.5094034
100268,0.33062983
110317,0.34463784
109547,0.24759457
14730,0.7420546
94952,0.3278565
107556,0.80911267
40891,0.7537964
112923,0.506425
68243,0.6971163
64292,0.43738377
90716,0.20762463
55756,0.7783945
69880,0.46656433
122207,0.7607873
13677,0.2800015
11216,0.706752
125008,0.54854435
46094,0.7681905
82982,0.20583034
96309,0.4638523
50725,0.5415722
70310,0.28177378
111706,0.41076306
50762,0.7081877
45479,0.37381408
41741,0.28751868
112337,0.5839541
51054,0.39824057
54007,0.3180332
53753,0.7202177
35644,0.80895203
21693,0.8029905
1142,0.8041842
53739,0.4621745
61790,0.48956305
121504,0.76941335
53204,0.63208646
79840,0.22247238
60801,0.7866082
56861,0.53560275
35442,0.8012454
36072,0.8016797
103482,0.65239185
7974,0.50359505
53790,0.4601936
77715,0.23392509
115484,0.6082876
17041,0.3639428
63378,0.799285
97278,0.32703808
28267,0.5876575
40230,0.7973143
109173,0.24314402
30535,0.809041
20064,0.21093589
60385,0.7936831
62868,0.373679
90501,0.20559
5504,0.6154152
112133,0.6095916
29687,0.4744119
42269,0.36327046
29780,0.33146736
43616,0.78964967
124180,0.76941335
120552,0.4383942
70654,0.52487266
49378,0.49993718
120663,0.689396
58320,0.8031131
48923,0.8025664
50730,0.5210212
20011,0.80088234
103250,0.40120566
106599,0.46630067
85603,0.24744102
13879,0.4420079
49518,0.6864158
89656,0.2090512
83574,0.21576066
105497,0.5061612
6987,0.28179953
84233,0.20971645
37940,0.8088441
116121,0.40479317
17611,0.79001915
63593,0.79825
89672,0.20992874
52326,0.6237053
65186,0.4253053
33111,0.38383457
98338,0.4276707
55349,0.77862585
35493,0.8007448
19361,0.27167022
47730,0.38098443
68589,0.40234682
46582,0.80061066
14105,0.8078827
2674,0.34039867
25523,0.7994737
69380,0.37372705
73812,0.5856767
1257,0.80455685
94076,0.80791086
111332,0.35885274
33737,0.38150814
69521,0.38596642
18350,0.20074731
90474,0.19865619
75125,0.2021671
90553,0.20520423
69738,0.79571474
78157,0.2101736
87841,0.20173404
84421,0.20682335
118956,0.75821793
66108,0.6285545
119135,0.6504558
123338,0.7565942
23169,0.5723798
62890,0.39324206
106330,0.81097645
79920,0.21978468
48441,0.8092743
118596,0.6857782
47171,0.32720426
30142,0.21355927
108793,0.2766732
29796,0.37304622
56601,0.7484064
37741,0.8088441
28003,0.4478046
30370,0.809041
75940,0.23642024
38785,0.79381466
39206,0.7912696
62448,0.794977
55860,0.6119234
17220,0.32820854
86088,0.23824461
17776,0.77299154
95778,0.4337412
89588,0.20027757
91781,0.21049573
17760,0.77693963
17920,0.7994667
67039,0.3019855
121532,0.6462334
84684,0.2009418
21718,0.8029905
41684,0.8017142
12458,0.39303786
99714,0.6748273
80551,0.20555252
118910,0.40748602
115054,0.71592027
90147,0.19926375
102832,0.31383973
49861,0.763824
43627,0.78964967
113624,0.528906
6118,0.25537977
61625,0.2622286
121100,0.34714147
66348,0.45606223
83750,0.20321421
30688,0.8081197
99555,0.5368156
8992,0.32169825
70278,0.38500467
20202,0.3936855
57207,0.77089417
99445,0.26230413
48072,0.31140783
99147,0.6322145
48526,0.80945295
80771,0.20354581
39126,0.79608226
103101,0.33990514
64584,0.7024645
71277,0.60450226
116747,0.59474736
117253,0.3329535
67175,0.76806396
125077,0.6180014
108462,0.48720872
63786,0.7313545
19351,0.7883159
51654,0.33736527
13345,0.6127805
75155,0.19907562
81559,0.23643255
24801,0.4447845
40662,0.7974256
121463,0.7442338
119125,0.37575963
67044,0.3323506
45915,0.8042443
57103,0.66156656
122494,0.71678436
73528,0.43678224
29546,0.51910925
7158,0.33305943
23549,0.8097241
57075,0.80066
110550,0.27965277
14148,0.8078827
17092,0.49205697
53106,0.7966562
58354,0.6897306
83571,0.21932194
51975,0.5294001
94593,0.3626667
85879,0.245396
103485,0.40894338
108903,0.24511872
94779,0.2722864
98859,0.54081625
119143,0.38146287
68547,0.76392424
112899,0.63537276
113971,0.75442797
13130,0.6829514
101883,0.48505044
21136,0.5334713
49106,0.5466326
93419,0.36621368
5714,0.2590064
94810,0.40833405
124653,0.7769989
117031,0.37521008
14996,0.69391036
86877,0.20173404
60824,0.7882959
101195,0.3342126
84374,0.19880842
114510,0.6153855
6711,0.69444835
53930,0.4088761
22124,0.8016232
123509,0.74159306
98259,0.5693241
19570,0.79996735
121090,0.5596508
99486,0.7282474
59319,0.77354735
71306,0.3290363
81240,0.21227308
51787,0.7486666
65834,0.63601303
93986,0.30834007
82169,0.22030051
60575,0.74460745
86347,0.19639269
68719,0.23920584
26267,0.53282046
90004,0.20780519
4080,0.7679637
13606,0.563782
84653,0.20805486
32832,0.7898537
39723,0.39838424
14591,0.80941623
67656,0.5285127
70134,0.5807279
48068,0.31140783
35474,0.6204257
21292,0.23717918
12825,0.62299097
28645,0.51432085
24485,0.20071383
110810,0.2429854
12364,0.4028797
91271,0.21028993
67338,0.41606808
92167,0.6620985
99563,0.38607392
39023,0.79608226
48901,0.8025664
72970,0.7951123
101352,0.34552115
4644,0.73844284
66872,0.3683634
33268,0.34725714
52733,0.42418924
51720,0.31999633
87972,0.22933199
81181,0.24672832
37712,0.79371494
29181,0.748744
45861,0.8042443
20002,0.80088234
39060,0.79608226
59055,0.77882355
177,0.8044831
46584,0.7305027
104156,0.38899374
22539,0.20075087
22687,0.56932867
8126,0.5604794
38153,0.7804523
65721,0.688146
121815,0.7104719
79315,0.21135609
109390,0.20519689
88471,0.20066488
18722,0.80584764
35229,0.8075424
12202,0.36450177
12587,0.32833627
8440,0.34316927
84249,0.21075511
18127,0.7957616
82809,0.20019524
88603,0.21055026
80781,0.21719672
107589,0.28607044
26223,0.68863696
51885,0.321652
2637,0.36905044
121546,0.7813309
122798,0.727056
110865,0.24753089
88722,0.19668941
25620,0.2705994
57295,0.7994125
86591,0.22393987
3036,0.4794442
84328,0.20027037
116020,0.6829032
63628,0.79654837
4532,0.7941082
115456,0.48211017
42405,0.7961172
81165,0.2068648
111767,0.6732915
13838,0.5760418
50232,0.7302842
13987,0.79648846
40085,0.80259776
49290,0.6849451
14209,0.8078827
27900,0.31827724
12134,0.57652354
124788,0.77363646
102547,0.30513027
59420,0.73530895
2394,0.32927695
117203,0.3492624
46086,0.33821654
96986,0.609606
104254,0.45184368
34989,0.8005567
35956,0.8090495
90615,0.20432475
72038,0.31306463
32481,0.63527405
98428,0.5904299
30325,0.7594116
39585,0.7985452
17495,0.7994779
94574,0.5197993
101756,0.78976077
115162,0.31724137
53985,0.3180332
76336,0.20596774
31204,0.78794247
55914,0.53527457
52903,0.31151
96674,0.8086842
112289,0.64772236
74018,0.37634948
59607,0.7987054
41344,0.7950451
71599,0.37237075
101668,0.80445945
9558,0.35603702
79623,0.2040379
36045,0.8016797
98802,0.33738607
49827,0.71742463
104537,0.44813907
55036,0.5342776
115232,0.69792163
70369,0.33343372
54527,0.36625877
14004,0.79648846
24677,0.80835134
82793,0.19861539
79107,0.19944331
88565,0.2135781
76189,0.21142098
101501,0.36535373
60039,0.4625088
52913,0.3066033
63202,0.76388085
25490,0.7994737
87408,0.2040791
67711,0.29450032
80974,0.20416708
119056,0.43279037
67444,0.5742559
38846,0.8010264
3629,0.50381666
117302,0.43873423
104691,0.39106977
81048,0.23444793
111854,0.40049
7460,0.6120567
116026,0.73417056
101819,0.6306749
8133,0.5604794
9767,0.65282965
33845,0.51918656
45956,0.8042443
34594,0.79532456
106212,0.73859555
21796,0.42747048
14788,0.80941623
79157,0.24469562
117092,0.6102613
44108,0.80095965
91317,0.20842062
77674,0.21417348
104568,0.6321695
21313,0.24882478
19713,0.4318643
105226,0.5440704
53005,0.7928239
78294,0.21736024
106894,0.8092244
41324,0.7950451
40761,0.26924145
121332,0.4767595
50098,0.5954375
116619,0.58731365
112927,0.36813125
62843,0.6559698
54799,0.7823451
114413,0.42742538
35200,0.80085033
82709,0.23063144
96027,0.50071234
117811,0.6333785
69424,0.5398515
59214,0.79346615
92887,0.8126727
16641,0.7343416
87929,0.2412233
50977,0.71448463
102296,0.29567185
2050,0.7374721
124551,0.7769989
59301,0.76241183
121585,0.7813309
36990,0.79122895
13703,0.27645072
11090,0.51743764
50545,0.7437607
105281,0.6474142
83120,0.20011267
102282,0.48614252
76762,0.19935705
118477,0.43759125
83000,0.2147109
72656,0.45481896
68436,0.62897044
71208,0.5150394
48758,0.31395948
99542,0.3183575
55031,0.45455614
5901,0.24677347
67276,0.67633146
49673,0.7048945
116866,0.61630964
45997,0.8042443
112998,0.44158438
28244,0.28790075
85893,0.245396
93027,0.8126727
103109,0.3554538
532,0.70874083
26788,0.7883043
114342,0.33193314
114322,0.71527505
12763,0.36063743
73177,0.39682856
31869,0.8023811
42666,0.8002086
105358,0.8074962
109623,0.21883611
46498,0.80061066
101165,0.59940624
13656,0.6847718
8955,0.6767217
124072,0.7712831
19490,0.7992589
123258,0.7864152
69099,0.6650083
64594,0.7024645
122459,0.7015538
13469,0.37417918
24132,0.20071383
93293,0.42444676
58122,0.7589909
24444,0.20075087
81916,0.20370932
105241,0.66030717
60431,0.73530895
247,0.34041068
92184,0.5096837
9958,0.24840309
77618,0.19816259
54361,0.65404713
98299,0.5102297
7190,0.53716695
5052,0.80916846
67495,0.41124418
10741,0.3440425
27965,0.31827724
106444,0.50209504
94641,0.30235803
52759,0.5622432
67035,0.34817496
42885,0.80101717
80693,0.20566131
93718,0.6650695
88791,0.20929937
475,0.26022854
43664,0.63102037
26496,0.71336883
118765,0.535978
86573,0.20654024
91235,0.20518774
31862,0.8023811
106251,0.81097645
101449,0.3766738
116854,0.33679402
81355,0.20541182
27281,0.34539014
123344,0.7565942
82335,0.21151848
2105,0.39891446
26887,0.7883043
59904,0.74460745
110609,0.2407181
64041,0.4022859
100968,0.30584615
20972,0.61241066
29952,0.21149233
28285,0.29103315
16599,0.4960651
25460,0.7994737
65189,0.6271768
71927,0.2678368
49839,0.61753535
24701,0.80835134
48829,0.8095503
105214,0.53091705
105820,0.2902164
68285,0.5529421
98190,0.7950035
71225,0.6628743
122674,0.77573425
51483,0.41714844
109979,0.22820163
46791,0.4609184
38973,0.79744464
120089,0.67921257
75454,0.20428012
42516,0.80821896
110803,0.24762991
111495,0.5192272
102537,0.7066707
45514,0.33396077
87311,0.20360541
25438,0.7994737
5950,0.24176691
77385,0.2046068
92518,0.7050771
38399,0.80112976
115009,0.697113
85021,0.22903469
24196,0.7959555
59318,0.76241183
121410,0.67074454
46307,0.809229
103174,0.5724543
59406,0.7355937
55666,0.43303472
111847,0.30228075
59738,0.7987054
29882,0.26974148
75032,0.2021557
66437,0.49003837
118024,0.32998794
106742,0.42478332
5198,0.80916846
20091,0.20075087
36893,0.8023691
85647,0.20050389
51442,0.41027117
111343,0.530651
52225,0.7431494
114283,0.65998477
30338,0.809041
33181,0.3931908
117427,0.40528265
47325,0.78429174
109514,0.23607054
107855,0.4705972
45687,0.80129594
69272,0.50935936
84657,0.19836894
27345,0.36128923
115417,0.50122803
89251,0.2053043
91137,0.20434585
27641,0.28888062
79533,0.19584253
51385,0.57730764
123054,0.7635503
50797,0.46257535
64563,0.432375
51216,0.53750175
124175,0.7725501
23573,0.8097241
79092,0.19944331
92054,0.2507885
77453,0.23503561
85259,0.2104691
1214,0.80455685
69223,0.3917991
50835,0.3179379
56492,0.7678325
51344,0.30868003
84408,0.20682335
99683,0.648676
25501,0.7994737
14200,0.8078827
93315,0.5319529
71687,0.3550042
53351,0.77459514
61346,0.7936831
122027,0.75292736
17185,0.6901807
22274,0.79362744
69352,0.42358842
121892,0.56652176
110264,0.26647782
34291,0.31404218
66901,0.35353225
84927,0.20443398
116115,0.7510882
22301,0.79362744
55555,0.7984359
11652,0.36073723
48175,0.70692074
12569,0.6065421
18219,0.76352614
41347,0.7950451
36773,0.7969342
77183,0.20636779
8545,0.7591698
26273,0.34831813
88776,0.20476788
18910,0.20049535
28936,0.71528393
35394,0.7112475
73200,0.40353733
26429,0.73209584
112393,0.35616648
106635,0.5109077
100468,0.48021013
31086,0.761605
91237,0.21360156
53499,0.7459458
43307,0.7125621
115974,0.7306626
97212,0.54585904
89468,0.20193765
85990,0.21005696
25873,0.51556844
33028,0.22361958
52142,0.33829492
10523,0.2924785
66842,0.3902797
96734,0.8086842
33390,0.5954004
124728,0.66489714
9802,0.32981318
6534,0.26014683
24044,0.21114601
46633,0.80061066
54605,0.6393781
9916,0.5723067
5325,0.5358561
15833,0.30736443
88847,0.20276047
24380,0.7096664
32663,0.7886512
50332,0.33321592
30029,0.69410944
51776,0.5676208
84310,0.20502692
55694,0.38230187
42278,0.49045157
16290,0.59301925
49111,0.36715636
109129,0.21731248
121653,0.7377916
2461,0.3919664
6589,0.5159335
102824,0.53477746
15111,0.2948809
6858,0.7685967
12839,0.62299097
119439,0.38525483
87160,0.21148136
120804,0.6972297
72188,0.37670052
9493,0.38869584
47864,0.7222458
10898,0.3282867
76280,0.20090342
29060,0.59007263
48722,0.8095503
6545,0.26014683
97182,0.2997867
9282,0.38412896
91033,0.20515905
2844,0.3105094
19772,0.6392699
59571,0.7987054
121036,0.39416176
52673,0.31134886
124296,0.7733903
46754,0.33105132
93080,0.8126727
48137,0.75900847
11658,0.51606584
122349,0.7088582
70881,0.47175258
28684,0.5558768
13293,0.4756513
41140,0.80259776
64325,0.71730965
111962,0.5651123
15636,0.809004
46210,0.809229
109141,0.24416485
108409,0.66552997
2918,0.3120953
86007,0.20353216
564,0.3619551
23336,0.79667634
4860,0.77257067
88049,0.21320541
23290,0.79667634
62834,0.6559698
9994,0.37952358
19489,0.7992589
4696,0.794338
63397,0.7945282
71646,0.5772429
46636,0.80061066
103405,0.40733796
99096,0.63661295
91332,0.20274015
62463,0.794977
49852,0.61640704
53766,0.4601936
63118,0.6559192
49178,0.7136791
38028,0.8088441
88777,0.19889447
115408,0.71245843
93295,0.6099317
61706,0.3992797
65032,0.5755062
125042,0.7434503
65509,0.3645541
63714,0.79654837
98496,0.30871922
54236,0.40775728
87222,0.21341048
79679,0.20597881
70392,0.43472382
38940,0.79744464
39837,0.73058194
25030,0.5433122
72046,0.31306463
37412,0.8020883
28951,0.71528393
115863,0.703083
24149,0.7959555
45877,0.8042443
39396,0.80112976
120203,0.6534682
89538,0.20980288
59640,0.7987054
26310,0.42893562
56840,0.35204598
12455,0.39303786
36807,0.7987928
70832,0.3099862
27430,0.54044664
45129,0.8064426
34977,0.8005567
82795,0.19861539
38132,0.48155195
77579,0.19776668
93065,0.8126727
118840,0.473847
20736,0.5947445
44868,0.8013557
91588,0.21116225
27193,0.48312017
98480,0.3667664
95310,0.3083201
17340,0.7014428
52656,0.47325486
84094,0.20116654
108289,0.62524945
4534,0.7941082
34193,0.80037135
72959,0.7951123
447,0.28507394
98924,0.30022788
382,0.3687563
93421,0.42941463
50912,0.6417754
42385,0.34418404
61458,0.75686926
17113,0.61044616
47246,0.40414914
116446,0.64317644
96264,0.39154723
35495,0.8007448
87699,0.20879588
89405,0.22079268
37636,0.80793554
27758,0.30117765
18073,0.7957616
123349,0.39625525
3871,0.44532782
13075,0.808339
32141,0.7994277
14753,0.80941623
112441,0.56382895
110518,0.2487245
55394,0.3211999
23565,0.8097241
7559,0.53723305
46847,0.47663856
91212,0.2260886
119806,0.33819708
118417,0.6547449
38952,0.79744464
52267,0.7647062
53002,0.7928239
10770,0.39317504
118755,0.35438928
120312,0.40378338
563,0.6849451
60764,0.78944904
35246,0.8075424
59116,0.64372873
81409,0.21337157
109851,0.23936832
90897,0.22497906
12041,0.6078194
45365,0.746019
66688,0.3631877
1394,0.37587008
83298,0.20190091
123203,0.7864152
75301,0.21473889
69306,0.35057238
80075,0.20763764
37506,0.77706754
6861,0.7685967
69298,0.5350873
12069,0.65307045
96922,0.7519962
19529,0.79996735
84303,0.20502692
78990,0.19886276
122415,0.40772676
1887,0.77547044
116600,0.4030708
113421,0.75112104
118514,0.31745508
119860,0.39744854
3923,0.47033098
100437,0.33722466
60874,0.76419103
96870,0.43273345
58382,0.7369569
94392,0.65249556
72716,0.58724904
73587,0.53052944
36654,0.8090495
113658,0.67341036
108846,0.33536676
100411,0.42237374
64312,0.5287283
112279,0.635139
61994,0.7922315
76418,0.20349011
6595,0.6889281
3521,0.374442
115888,0.48173058
68233,0.57410926
32815,0.7898537
83560,0.19816239
64251,0.7637976
35217,0.8075424
8788,0.29858634
76586,0.19812216
62750,0.7455094
26012,0.52153224
20127,0.20071383
85805,0.22863814
92992,0.8126727
105995,0.5145612
38734,0.5168713
66630,0.25303486
88977,0.20517023
42696,0.8002086
32619,0.7886512
79086,0.20094126
12616,0.33790895
35105,0.8005567
90513,0.20939144
18427,0.48031685
92702,0.39839044
4395,0.8019783
13236,0.7186954
18366,0.2004756
22787,0.6539394
49402,0.75107473
85697,0.21605821
103926,0.65282947
36190,0.7912617
34140,0.55157894
22758,0.40676835
81776,0.23025955
9205,0.7160313
37469,0.8020883
92341,0.6442346
85149,0.20929724
122202,0.7607873
30615,0.8081197
94500,0.409143
60831,0.7882959
96381,0.51005536
120970,0.75649893
41652,0.80785656
77064,0.19935705
33064,0.8015809
58700,0.7643595
49754,0.7634369
119664,0.33291957
111780,0.62629944
1131,0.6798566
91376,0.20080587
120466,0.39744854
114300,0.59215915
82164,0.22399761
22219,0.8016232
85451,0.20295233
98250,0.30197254
62109,0.7878665
123355,0.59644157
88284,0.21541685
55173,0.5297909
25522,0.7994737
107909,0.38618916
100486,0.6447532
73562,0.3772526
122332,0.7132312
18795,0.64673436
4402,0.8019783
92091,0.7316556
60720,0.5414233
62316,0.7841183
95133,0.6863963
4646,0.73844284
28611,0.57919526
5313,0.79733104
53322,0.7822329
45762,0.62175816
19907,0.20986605
95431,0.37539646
33198,0.71349055
59824,0.7854728
53207,0.69455504
80765,0.20416708
99296,0.35521528
49539,0.7361849
69054,0.738087
119732,0.42798495
64564,0.48355106
99948,0.50857306
48706,0.8095503
80192,0.19983833
100404,0.473805
95618,0.52784204
109143,0.24416485
8591,0.75585276
56795,0.6485953
102754,0.32302415
118162,0.5685469
71607,0.6120552
16675,0.57554185
48556,0.80945295
99986,0.28338164
106628,0.5660953
98835,0.4827528
28921,0.76378036
23052,0.52819806
103508,0.58089596
61915,0.7249927
80194,0.19983833
2265,0.72548056
44825,0.78586066
118733,0.629661
28118,0.41016418
43961,0.79777825
15683,0.3696473
101304,0.27480656
62867,0.373679
114455,0.7256712
79908,0.19820943
89087,0.21293223
66027,0.4985994
114824,0.4930401
24690,0.80835134
51802,0.771103
10708,0.44045323
91942,0.31564575
67229,0.42782614
82955,0.21761036
77727,0.21095371
91534,0.20336875
55714,0.61847454
59925,0.5048954
99475,0.28902474
12303,0.5767123
16982,0.5544749
12331,0.4315798
91067,0.22697015
103040,0.29357037
8416,0.33502215
71564,0.4525773
104644,0.62482655
88863,0.202908
117760,0.43975565
38603,0.8082987
124525,0.763824
49867,0.5887796
50294,0.4053319
66318,0.665945
86636,0.20368263
6768,0.25347558
99970,0.46461207
62522,0.8048985
97067,0.6127239
23444,0.51933146
52755,0.606732
56791,0.8031131
47571,0.6399112
83797,0.20913285
104785,0.446964
8599,0.7564123
57506,0.7812169
19194,0.8007238
113307,0.21046467
95265,0.3332907
98787,0.38026017
83703,0.21110854
22912,0.8096462
67894,0.47772184
58134,0.36931542
124013,0.74473023
95034,0.32963115
50812,0.7279844
18854,0.80906737
117108,0.5331781
87762,0.2106527
5139,0.80916846
86845,0.20234919
63508,0.7753987
100051,0.571511
101637,0.7268965
82115,0.21720077
82303,0.20369448
113468,0.75112104
105377,0.8074962
65004,0.77362347
11898,0.26451418
110130,0.23559333
22082,0.6956962
11736,0.37987575
97482,0.79937947
91169,0.20264092
111848,0.30228075
8692,0.3117753
97990,0.42806897
99961,0.43194625
1089,0.7153869
61005,0.41652733
43923,0.80157053
105028,0.3303773
112798,0.7127164
101534,0.6118717
58854,0.4621467
9002,0.4855325
50428,0.32937068
71517,0.5108758
44810,0.78658485
115786,0.660554
40800,0.79639655
83337,0.19832973
81641,0.21305068
65652,0.682711
124067,0.5193841
80246,0.20673712
90468,0.2201988
49108,0.54460657
109502,0.2655877
62227,0.79593754
14857,0.27648756
107840,0.49374413
106758,0.70589787
66134,0.688692
44272,0.74876475
38699,0.8082987
33145,0.77818394
113500,0.38059273
76996,0.24249275
24456,0.20075087
38781,0.78961784
22875,0.78570265
58212,0.6897306
32812,0.7898537
51644,0.45765987
3458,0.49619317
125028,0.3505189
60756,0.7628141
10235,0.65428734
48249,0.8023793
30004,0.30293384
100552,0.30239818
28410,0.2631082
70763,0.63163245
105373,0.8074962
118023,0.32998794
60851,0.7882959
104683,0.5599871
125132,0.68433964
117965,0.33084276
106470,0.66245896
47227,0.4084902
90875,0.19904405
113864,0.65154785
43995,0.79777825
92605,0.25560206
106705,0.33215722
1581,0.6867559
77191,0.19673744
121658,0.7377916
91812,0.21049573
104701,0.5599871
23857,0.39423397
35777,0.80895203
34267,0.3601395
120753,0.39309955
40243,0.7973143
4049,0.3946039
97143,0.34406123
2080,0.7374721
107274,0.4761132
25500,0.7994737
87442,0.22430784
1128,0.8041842
118392,0.6600131
39796,0.80712885
22707,0.4244715
13494,0.7312248
47116,0.56210035
30948,0.80841833
64628,0.70743257
2440,0.55031574
41882,0.44623283
94433,0.486342
79764,0.20394744
82002,0.22303413
34608,0.79532456
49482,0.4066327
3609,0.32387793
78070,0.19415936
122229,0.32450828
63691,0.79825
116236,0.7308963
11822,0.24941759
86187,0.20804606
115219,0.6710187
38173,0.5011837
123649,0.6623743
68514,0.44663194
95225,0.5833258
61990,0.37314537
36280,0.46908742
50527,0.7437607
72780,0.39606926
36142,0.801061
70566,0.5970441
95805,0.25841805
10683,0.42703635
70913,0.78859717
94252,0.8091231
89296,0.20077117
103207,0.36795846
98450,0.4147154
54835,0.387987
115336,0.7512252
54017,0.5035581
54227,0.40072343
107977,0.45786884
64889,0.43122742
74491,0.3979331
15866,0.7260069
82114,0.20278917
50419,0.32937068
107207,0.8093602
48761,0.60272825
27948,0.6778204
92107,0.7486251
105955,0.80888706
70529,0.47116366
23942,0.44815326
46756,0.33105132
86664,0.22076328
52416,0.6263632
64925,0.6827709
88152,0.20388554
80049,0.2119524
83210,0.19941431
29139,0.79212976
35945,0.8090495
101160,0.59940624
36920,0.7398137
93782,0.7401596
79466,0.20214772
86033,0.21659076
14198,0.72384435
98876,0.65120196
96669,0.7304849
38420,0.34927177
67833,0.32772475
79910,0.19820943
73301,0.39273354
43085,0.33106676
26485,0.5343978
58802,0.7900553
87782,0.2170297
78180,0.2101736
87977,0.212986
2922,0.54965425
45725,0.2601593
14734,0.80941623
34534,0.79532456
115528,0.7166543
81088,0.20393471
121985,0.749838
16435,0.3627535
48775,0.8095503
58324,0.8031131
23789,0.5996879
30800,0.8081197
3285,0.69424593
108528,0.35481125
3720,0.5441624
55116,0.75057685
38860,0.8010264
92507,0.38612857
32343,0.80165464
59344,0.76938885
79195,0.21013962
113114,0.38338086
116749,0.608771
98535,0.340906
53469,0.7852096
56860,0.53560275
42067,0.7973143
99395,0.26853332
109073,0.23381363
63078,0.79033977
68054,0.6353894
7343,0.6293585
67527,0.6094129
21611,0.792719
23139,0.4924492
81250,0.20432535
2214,0.61046404
39517,0.7981991
100354,0.33027163
41927,0.8029965
69785,0.79571474
103658,0.37068313
56020,0.7903997
15997,0.26513758
21333,0.55539393
54617,0.76251364
28263,0.31879824
10829,0.6599831
29248,0.6814578
121832,0.52052814
49912,0.32231823
63130,0.78821516
90596,0.23160574
15231,0.721779
56740,0.80260444
3029,0.7661638
111669,0.34254757
106666,0.33600962
122628,0.6308898
108171,0.8087252
35791,0.8090495
45190,0.3181533
104451,0.34398746
92193,0.40472504
95121,0.6863963
88924,0.20700705
1504,0.7220523
32281,0.41542578
9289,0.32668552
108399,0.37042162
22800,0.6539394
67972,0.395919
53194,0.37220013
117334,0.60332924
7061,0.39985806
41859,0.33875856
24751,0.6865055
84796,0.20106186
3953,0.4443502
49210,0.7637128
24291,0.8010305
42238,0.7994585
99682,0.648676
19104,0.63007337
32929,0.39054877
31351,0.78683996
83565,0.19816239
65495,0.7307723
36855,0.8023691
63640,0.79654837
40531,0.8005098
65422,0.25147715
85493,0.19613387
76467,0.20752124
26801,0.7883043
85039,0.19912316
111752,0.73076814
95639,0.41920528
17746,0.58562744
50626,0.6987621
11350,0.4387039
87124,0.20495524
77224,0.21058555
22673,0.6905689
31157,0.30390152
80739,0.2199557
27173,0.39500093
87961,0.20668793
65317,0.79485494
84431,0.20682335
124151,0.76941335
7149,0.720591
5991,0.2489091
73055,0.7951123
26682,0.7922945
120923,0.50462127
6448,0.40484145
40925,0.7978385
72376,0.5915211
122535,0.7286401
59295,0.76241183
6283,0.6071777
21747,0.8029905
20658,0.8005739
46499,0.80061066
96595,0.48665679
69611,0.79571474
109620,0.23713246
30831,0.8081197
26051,0.5258643
89773,0.20217294
11883,0.26238984
20336,0.79936427
78922,0.23068838
97840,0.24132635
14732,0.80941623
16144,0.66224575
33934,0.7999353
5074,0.80916846
4832,0.78095263
1096,0.43245563
29029,0.5685634
36315,0.7558824
97558,0.26555824
34000,0.7999786
64773,0.58524716
91424,0.2046587
33048,0.78162533
110625,0.21099903
20047,0.80088234
15609,0.809004
17878,0.7994667
6331,0.73181015
502,0.8041842
84471,0.2130904
938,0.7114492
113312,0.21046467
87331,0.20166975
4574,0.78055394
80172,0.20830283
92735,0.38734263
85673,0.22304584
105853,0.30734107
97021,0.7324878
122178,0.48829943
112246,0.5297067
102203,0.5545464
68091,0.4861484
37477,0.72230875
63900,0.67316854
107170,0.8093602
18297,0.7957616
65572,0.7172737
5057,0.80916846
4182,0.6988228
72485,0.6183458
44582,0.80340356
606,0.79701495
102237,0.79915
89137,0.19686837
98770,0.5126333
4857,0.77257067
45462,0.77406335
55590,0.68438023
18750,0.7882662
103407,0.34467116
24685,0.80835134
82000,0.20632103
117613,0.5363538
9814,0.43365887
49431,0.36853486
25195,0.8093588
99919,0.2736823
53379,0.7822329
65840,0.7819981
13932,0.57647556
27854,0.26607528
114646,0.72528714
98143,0.5851547
89688,0.19765124
69478,0.49960768
23447,0.42884055
16548,0.61801654
2070,0.7374721
101026,0.27737394
53119,0.7966562
3192,0.33343244
85487,0.19613387
117739,0.6857782
98045,0.2892383
87173,0.20298703
100535,0.30239818
9359,0.35007474
56520,0.7534088
22768,0.7090319
15767,0.26406425
42359,0.43284595
16637,0.7343416
13849,0.4263661
21781,0.6169455
73652,0.4930873
64666,0.77110916
69196,0.5427522
103604,0.4881749
11903,0.46793452
63680,0.6002836
45383,0.51884615
33470,0.66298556
117745,0.6549718
60560,0.7770301
51461,0.74556047
68597,0.45812342
88680,0.22540005
77124,0.20338607
88589,0.20453335
69756,0.79571474
45046,0.8064426
49596,0.7354832
34238,0.79918724
33453,0.792005
72431,0.6331807
16076,0.45346603
116491,0.65070814
25582,0.28040713
39751,0.80822676
98544,0.59932536
88505,0.20905487
60845,0.7882959
5540,0.5438267
47338,0.80246544
122792,0.7282177
30198,0.75595623
123467,0.7641482
22483,0.70787925
90389,0.20141713
46505,0.80061066
114798,0.66120166
71206,0.37066138
100852,0.57240146
85707,0.20351148
25829,0.23273176
69328,0.41140488
65882,0.63601303
23959,0.6950237
63029,0.77861786
32124,0.7994277
43031,0.80101717
45296,0.8079547
50104,0.3251701
85218,0.2068417
19862,0.21093589
23079,0.43940827
21793,0.6830651
73311,0.31298682
22443,0.8043312
114183,0.5596338
5100,0.80916846
11932,0.28600854
78822,0.21248984
20664,0.8005739
87026,0.22694439
1498,0.7220523
98282,0.3697654
109456,0.23125494
21615,0.792719
98316,0.5692392
46762,0.52340853
4913,0.79814386
123565,0.6877365
48907,0.8025664
73498,0.55337733
17127,0.5802331
54537,0.40583798
103516,0.53941363
83220,0.19941431
84598,0.20540527
35203,0.80085033
97166,0.2729876
97833,0.24132635
25894,0.37218124
28441,0.2909377
653,0.80694073
65818,0.56035376
91788,0.21049573
110350,0.30604652
68144,0.5529421
62101,0.7878665
69701,0.6838573
32235,0.8010758
107238,0.8093602
17946,0.8006369
39383,0.80112976
101870,0.46280146
111795,0.3874837
7936,0.35103172
396,0.8081262
15150,0.7178518
63746,0.79654837
96535,0.29671377
37799,0.80785656
43004,0.80101717
6370,0.7496619
107185,0.75353575
124135,0.48947185
123826,0.36697352
120535,0.4383942
26727,0.5343978
35052,0.8005567
114488,0.40613973
91437,0.20064773
74304,0.36548677
94748,0.42154318
18951,0.20045832
69301,0.37705147
38083,0.8088441
65430,0.25059536
72814,0.51653594
47976,0.808801
32338,0.80165464
100303,0.3727331
83787,0.22184375
114260,0.6221262
36049,0.8016797
37234,0.7433982
56175,0.7632336
42949,0.80101717
36447,0.80895203
9596,0.7616439
82816,0.2057686
123942,0.77573425
62829,0.6864459
108434,0.4334577
37719,0.79371494
87234,0.20940769
30025,0.34241876
104671,0.6259072
62014,0.7922315
63204,0.76388085
44929,0.8013557
10278,0.37483808
60081,0.7741451
34317,0.31433734
12459,0.39303786
89914,0.20340481
90349,0.20637469
13183,0.6356006
65065,0.68844223
76598,0.21073058
120202,0.6534682
120879,0.48545167
55684,0.5241372
109548,0.21332164
24180,0.7959555
56974,0.80066
80862,0.20316106
97513,0.79937947
90493,0.20559
81280,0.20783442
33084,0.8015809
59719,0.76514494
106485,0.4636875
121895,0.56652176
95188,0.30648094
90767,0.20093733
55524,0.70745325
16043,0.25694743
81293,0.219293
11228,0.39352897
10467,0.27008915
85516,0.19613387
8671,0.6724232
26941,0.77549654
73059,0.7951123
25676,0.47410354
43106,0.6047808
2366,0.725405
117024,0.35605985
113534,0.49005198
34018,0.4152889
109742,0.20940076
106243,0.81097645
82734,0.22640271
75738,0.20360835
71707,0.3825779
91596,0.20891276
44813,0.54985696
8357,0.33654794
94786,0.2722864
60944,0.75924224
77315,0.1962753
47431,0.45787725
69788,0.79571474
61412,0.5600007
86875,0.22680041
78996,0.22664358
116784,0.64594156
121144,0.34661916
52481,0.6831031
103246,0.4850085
48063,0.3273853
38563,0.80426425
18909,0.20049535
78636,0.20214772
7687,0.4445401
41060,0.7911968
88531,0.20584817
118864,0.69575524
80415,0.23854883
97549,0.36495948
101127,0.53063756
114163,0.54084474
3064,0.7188313
63860,0.59040874
28993,0.74505526
124982,0.5751942
64935,0.3161161
72909,0.41111398
81574,0.20173448
77612,0.19816259
11906,0.4195184
102543,0.6660137
92667,0.6167395
56444,0.76278096
26109,0.51250833
121782,0.67551523
69158,0.62968874
44535,0.80340356
83954,0.20623556
75282,0.20067476
61510,0.7272892
77706,0.21421255
111750,0.73076814
121106,0.34714147
31935,0.8071193
46818,0.39892235
92034,0.2314758
54906,0.76550466
1908,0.77547044
12930,0.37268323
6652,0.30730137
116890,0.37889913
54164,0.56627345
43130,0.75328314
9428,0.5831704
14313,0.28278965
68521,0.30679315
25913,0.44615167
53416,0.7852096
120029,0.646158
2469,0.37217277
62484,0.79658884
75907,0.22118105
12856,0.45765278
23403,0.7754769
81207,0.21072021
83732,0.20116654
2403,0.3744969
83208,0.19941431
45026,0.7139366
63121,0.65241283
112715,0.49522206
23580,0.8097241
90605,0.22128896
9442,0.33830535
123532,0.6877365
22410,0.8043312
25106,0.8093588
102101,0.629827
97765,0.3266243
81118,0.20652337
32566,0.7306077
35851,0.80900925
72819,0.49702588
34997,0.8005567
10843,0.33954403
86754,0.23438235
1549,0.67497456
110551,0.2784832
33759,0.3120601
97127,0.4493016
91915,0.24189575
29894,0.26974148
26675,0.7796605
38931,0.79744464
100179,0.3659716
96865,0.5103789
51250,0.32734743
99856,0.43315348
43348,0.8037478
29625,0.4959449
106411,0.505087
45177,0.4792374
4219,0.8040453
4864,0.64510256
37468,0.8020883
107475,0.36740723
113741,0.33873257
34353,0.37227964
86532,0.2151883
99226,0.3758052
16236,0.7527791
120399,0.45900166
37738,0.8088441
66891,0.38041753
10453,0.26347727
5471,0.71688074
15792,0.33234918
60701,0.7815754
82350,0.2031457
52064,0.7793118
103169,0.34815592
109993,0.28392172
39178,0.7978946
74158,0.29277334
103597,0.520003
5709,0.7019016
79748,0.2316106
91931,0.23393887
122752,0.47857314
37257,0.80104226
101029,0.27737394
97028,0.7324878
31301,0.311752
43556,0.76983833
28211,0.41142336
15824,0.3858914
97711,0.33123976
30205,0.3405729
72347,0.31575012
91411,0.2023307
123847,0.6783156
2526,0.38628542
72746,0.46520096
25072,0.8093588
46835,0.650846
22517,0.21289705
24994,0.73968965
112865,0.35793886
23513,0.8097241
122190,0.7607873
14225,0.30853787
77984,0.1980037
30970,0.80841833
113105,0.65893877
77940,0.19935705
63831,0.52761537
104431,0.6107238
122971,0.520416
97834,0.24132635
82497,0.19792199
85793,0.22304314
117617,0.67146665
16651,0.7290933
80239,0.23920393
24253,0.8010305
3908,0.6618065
10154,0.257023
104320,0.60309476
98108,0.33500257
52663,0.30801395
83164,0.20124562
52714,0.40097773
8853,0.5730229
20042,0.80088234
14639,0.80941623
12084,0.37620935
45866,0.8042443
20654,0.8005739
66990,0.51406187
118239,0.6476989
551,0.7909222
38290,0.80112976
70447,0.43061024
119606,0.67962253
85448,0.21128143
5817,0.42369524
55900,0.64125824
124786,0.77363646
13549,0.36420387
36601,0.80895203
100034,0.35589522
54304,0.7634342
20484,0.59636813
22258,0.79362744
83302,0.20289826
111099,0.36983943
60880,0.76419103
105309,0.59934205
75160,0.20165287
115311,0.66343725
17873,0.7994667
113524,0.3810492
27120,0.5076679
49658,0.6580691
91764,0.2440829
123884,0.73248
70247,0.5237135
36057,0.8016797
32388,0.80135787
6338,0.73181015
82334,0.21151848
31411,0.60408443
49791,0.7751638
76141,0.19572598
117900,0.573427
36761,0.7969342
95757,0.4454544
15620,0.809004
56015,0.7903997
19554,0.79996735
16594,0.42026097
63817,0.5820918
2925,0.3120953
55493,0.7389595
107279,0.57437587
108203,0.8087252
9614,0.7616439
93476,0.35740355
40026,0.5381794
15320,0.4263661
47678,0.8069103
110738,0.24031578
122825,0.7641482
89376,0.25545508
56952,0.80066
37029,0.8010573
10104,0.6146557
25041,0.48818523
107234,0.8093602
51824,0.771103
93471,0.64794517
19672,0.7933174
108711,0.23932797
111274,0.38811973
20223,0.6143243
17351,0.7014428
88200,0.21499908
95166,0.29426903
58498,0.76278454
49616,0.7537612
47281,0.35125214
35120,0.8005567
51687,0.57991356
36677,0.8016797
31606,0.8017898
101106,0.72285837
19304,0.3126585
5064,0.80916846
43134,0.75328314
47737,0.7511213
48513,0.80945295
12121,0.2802565
93678,0.7584017
54025,0.5035581
83069,0.2056846
17479,0.7994779
49669,0.51619416
88304,0.20059909
69276,0.6817013
66075,0.6829954
36032,0.8088441
103668,0.4154675
99286,0.29100767
95475,0.6269528
91422,0.20995972
39309,0.7922891
10561,0.27163294
27963,0.6778204
110233,0.2935606
23373,0.72429365
90288,0.20528893
26240,0.61368775
53287,0.53624624
76699,0.20257232
120596,0.782627
91409,0.2023307
42921,0.80101717
89168,0.20585833
120354,0.6591647
20353,0.79512703
99268,0.4519739
123315,0.74960905
61669,0.3855114
59570,0.7987054
88663,0.20539077
59595,0.7987054
92850,0.48897278
65871,0.7819981
119685,0.71435016
52022,0.45730424
73366,0.29866946
116483,0.66658956
100892,0.79515296
34567,0.79532456
31333,0.585197
66167,0.75863504
75479,0.19897081
61813,0.7948689
119253,0.42142415
54626,0.71173316
29522,0.41974446
124896,0.7866228
76059,0.20107786
40987,0.80793554
97755,0.3254241
937,0.8081262
62493,0.79658884
49744,0.38068235
82792,0.19861539
34472,0.61002874
53543,0.5343266
47494,0.8069103
70689,0.5834513
55107,0.75057685
6958,0.41876692
48338,0.7643593
76078,0.21045604
10505,0.58244896
24550,0.20098579
57169,0.7080594
30530,0.809041
98942,0.30871922
33066,0.8015809
93206,0.66429204
105371,0.8074962
25182,0.8093588
56484,0.61244214
72587,0.4841642
97144,0.5923291
107410,0.46787867
61073,0.79203284
76246,0.22785453
3847,0.57466173
21656,0.79362744
120772,0.3851377
18322,0.20130867
47705,0.803399
8267,0.6685699
19736,0.37295282
22496,0.70787925
60224,0.6060347
96306,0.43061534
14707,0.80941623
77780,0.2076612
44104,0.6929288
106536,0.53937864
40381,0.7994585
60213,0.47828025
20350,0.79512703
24136,0.20071383
39794,0.80712885
78037,0.20446402
104304,0.48842332
87205,0.20298703
46080,0.55185795
104167,0.367726
77377,0.22108036
34121,0.7964214
112689,0.57462704
121128,0.6169258
71293,0.78649634
69064,0.5314512
108391,0.5159369
29799,0.7405162
14451,0.80941623
39058,0.79608226
31396,0.78683996
68353,0.6035701
70343,0.3016316
45980,0.7277366
77217,0.19673744
93968,0.5172876
74520,0.4356856
11459,0.26425725
33976,0.7999786
98311,0.55585665
76012,0.20465063
107500,0.3902827
66716,0.6551466
99849,0.38607392
120380,0.5137536
53712,0.35925078
81041,0.2045446
103561,0.48161328
13965,0.24953407
29326,0.5003853
2849,0.4114052
107889,0.44713098
100790,0.3687104
12014,0.25181505
62198,0.79127413
114759,0.75207865
20755,0.75603807
106845,0.8092244
112726,0.7016475
98184,0.7950035
111885,0.36242136
72862,0.36100587
20246,0.66992
77356,0.21159117
72512,0.6198679
55199,0.6141333
107252,0.8093602
29750,0.43545827
9259,0.43327618
49279,0.6849451
79310,0.20039672
24709,0.80835134
2600,0.6495626
19581,0.74325883
103203,0.49917024
18883,0.7129491
71598,0.522226
24691,0.80835134
35315,0.47225517
56370,0.8019837
54128,0.6888064
64103,0.40143082
102414,0.44158438
59834,0.7854728
104393,0.4446041
56124,0.78675014
13514,0.7540797
68451,0.51116544
97615,0.38706043
111863,0.6170997
73624,0.49513665
17107,0.6117415
68863,0.20599979
25993,0.28580162
102962,0.33057734
30769,0.8081197
74828,0.49156904
52633,0.3333994
21070,0.43396193
9839,0.34194282
11361,0.3644507
48271,0.28409725
70583,0.3508629
100783,0.6707516
27647,0.35428715
96213,0.48594838
17571,0.70349276
98185,0.7950035
83336,0.19832973
81009,0.22433166
111219,0.47929978
719,0.80694073
32519,0.32918343
110736,0.24031578
39608,0.7985452
65257,0.25313663
64403,0.80919904
119904,0.655126
108478,0.5078639
99554,0.6236963
112310,0.3621517
48081,0.28232318
51404,0.31182134
56729,0.6978745
12066,0.65307045
4840,0.77257067
81783,0.21137816
124820,0.68025213
111221,0.47929978
118794,0.33164853
67344,0.35933313
91297,0.20081039
123889,0.73248
110910,0.2930847
114114,0.513504
53086,0.7877828
51220,0.37217212
71741,0.6092013
53656,0.66003764
21787,0.5632645
89766,0.20217294
111032,0.2582914
52928,0.5058054
57815,0.7966211
114044,0.62293565
7455,0.53055835
13874,0.4420079
70454,0.37268877
107549,0.80911267
38159,0.7804523
26318,0.6743508
116157,0.6807738
66884,0.3245727
94409,0.4009867
66892,0.38041753
28930,0.71528393
1964,0.3720502
13150,0.5139129
85736,0.19656846
55214,0.57551986
93429,0.42941463
77588,0.19776668
89783,0.20217294
71842,0.31789076
58555,0.7923286
32357,0.80165464
17153,0.34420466
35185,0.7423229
56070,0.78675014
90134,0.20424296
87924,0.2412233
93222,0.7390413
23530,0.8097241
50056,0.5628568
116685,0.7033903
1281,0.80455685
123057,0.7635503
113119,0.5602832
25946,0.426145
15466,0.809004
71925,0.29307446
99880,0.38607392
24111,0.20071383
58792,0.7900553
67005,0.3683634
7180,0.56241924
64319,0.73879033
105996,0.55103284
78003,0.2007601
123151,0.6218375
25918,0.44871065
98212,0.7950035
7073,0.39985806
119430,0.38525483
91018,0.20731118
72850,0.33462855
4882,0.79814386
12593,0.4210146
94146,0.8091231
76572,0.21609856
31361,0.78683996
46501,0.80061066
98101,0.27726007
53206,0.4441957
63562,0.7827006
17835,0.69279003
14949,0.71877813
65790,0.6921014
23626,0.80976826
56463,0.7678325
69084,0.57304
65556,0.65023005
52161,0.37734306
94568,0.39813298
31912,0.41518816
72129,0.3092083
26087,0.6447425
20884,0.55308366
61964,0.74294055
19996,0.80088234
90869,0.19904405
113908,0.42304695
40276,0.79750144
57553,0.74835086
61411,0.69028574
19205,0.76186395
108836,0.22781709
24118,0.20071383
65219,0.39170995
81692,0.21797425
32467,0.7805911
42991,0.80101717
88786,0.21513867
106906,0.78470165
24958,0.4066517
112462,0.3494475
77264,0.2096767
32922,0.73437226
103379,0.31982797
108897,0.32881483
25496,0.7994737
16847,0.61801654
31098,0.43545827
83922,0.20218085
90120,0.20559
110287,0.33266884
35197,0.80085033
2205,0.7249909
95735,0.47825795
2373,0.69588643
95577,0.47666046
114280,0.5844472
29487,0.51428145
108935,0.24453259
70710,0.3659401
56845,0.59074014
53879,0.3012661
87280,0.20936146
6531,0.26014683
109230,0.31939262
26477,0.34860247
100964,0.5782585
51690,0.2793746
101351,0.34552115
29253,0.68754685
91219,0.20806722
105867,0.31665573
97086,0.38782516
96939,0.7519962
91037,0.20578036
87220,0.20646583
18478,0.4483416
101573,0.554394
29991,0.21145381
105657,0.44796342
54733,0.58205825
64567,0.432375
80700,0.21134941
100320,0.49508154
7772,0.34429216
24985,0.71774656
121931,0.5047117
29019,0.33512822
69316,0.53331846
24901,0.20075087
30186,0.75595623
80329,0.20360786
111408,0.31555817
69544,0.32010174
73857,0.3666942
112957,0.5471508
10526,0.2924785
71605,0.33519933
53537,0.5428212
9728,0.2532726
86073,0.2201631
1564,0.5293024
101684,0.3951474
87864,0.21105379
62438,0.794977
70289,0.3908013
86844,0.20234919
76194,0.21142098
92911,0.8126727
2158,0.41536936
57967,0.7898255
108734,0.22438821
12130,0.5470785
83970,0.21015471
58655,0.7923286
102696,0.3331502
77981,0.1980037
61955,0.77133465
5190,0.80916846
91562,0.24232951
49891,0.59775597
78254,0.1999716
34829,0.70417774
89290,0.20579368
44889,0.8013557
122131,0.6609853
19227,0.7194482
47521,0.8069103
73145,0.6623146
20647,0.79924935
58250,0.8031131
88431,0.20066488
111369,0.36337394
42574,0.80821896
30313,0.809041
18539,0.6150395
110372,0.24866994
84011,0.20355913
1227,0.80455685
101216,0.2591972
66236,0.39674702
121723,0.76344424
116556,0.5879629
31190,0.78794247
95563,0.3546536
84247,0.20019524
22682,0.4704699
10482,0.58050865
31193,0.78794247
81212,0.21072021
60343,0.5117879
24596,0.20071383
24950,0.7546844
65452,0.78520167
110645,0.25449175
38716,0.7559889
2392,0.32927695
43002,0.80101717
99109,0.5560282
52010,0.622947
84420,0.2057686
54686,0.7911916
103996,0.3661426
47223,0.758225
87814,0.20940769
81601,0.2061733
102528,0.6751243
38770,0.8090495
78956,0.24470752
36306,0.8082987
119622,0.70404005
21800,0.36226156
67995,0.5058385
103971,0.45053217
72254,0.3316505
86814,0.19817063
29185,0.48450392
105406,0.8074962
104696,0.5599871
102273,0.37938756
67457,0.37572598
38638,0.8082987
122215,0.48829943
41519,0.80761963
67773,0.623407
104083,0.34794256
114487,0.40613973
30301,0.7310991
113836,0.3932422
39176,0.7978946
59618,0.7987054
109581,0.23168014
33841,0.5705576
41317,0.7950451
26715,0.45959485
54401,0.7830419
49856,0.763824
43522,0.7859185
122117,0.5203796
9880,0.4944446
114166,0.3768017
87028,0.23674127
38640,0.8082987
49705,0.76257175
68106,0.6114241
45482,0.48998433
32273,0.38208786
91028,0.21351604
109427,0.22585481
13885,0.3199177
35739,0.80895203
51978,0.38639244
120900,0.73843586
117735,0.67909646
23114,0.7852047
18149,0.7957616
7753,0.33926332
43274,0.79269826
100153,0.3659716
106193,0.81097645
14661,0.80941623
39318,0.79250586
89404,0.19982336
40981,0.80793554
24010,0.32596195
98702,0.35904106
106008,0.5509258
79984,0.19785899
67806,0.5990001
69219,0.3917991
61789,0.48956305
91826,0.21049573
88018,0.21062988
19615,0.79832655
107158,0.8093602
38654,0.8082987
15859,0.7260069
35861,0.80895203
19282,0.6294256
7155,0.47409582
98040,0.2892383
112937,0.40161508
103350,0.6135324
25908,0.7682493
21236,0.20071383
68115,0.6114241
18647,0.51403135
49405,0.75107473
41830,0.6055509
100728,0.31592122
30156,0.21355927
64389,0.7954371
80476,0.21752651
82443,0.2099858
3070,0.7188313
17312,0.41091582
53626,0.2944395
105716,0.44830164
83019,0.2012914
51770,0.7486666
70175,0.5602525
40547,0.8005098
56148,0.66156656
46046,0.26595137
9283,0.38412896
85970,0.2165524
60811,0.7866082
11595,0.2678938
98987,0.41320303
78590,0.19704477
109808,0.26915103
95770,0.596091
80294,0.19888838
99140,0.4702974
9057,0.49317703
85344,0.21799636
3934,0.32297492
72812,0.6640512
71812,0.3828765
93466,0.44295335
100521,0.30239818
103890,0.5957515
102173,0.75313824
13229,0.40215957
112312,0.59118176
80388,0.21112977
95726,0.34895346
356,0.36041167
7826,0.32890153
104580,0.62793136
123829,0.36697352
116646,0.6680589
112947,0.727794
39423,0.80112976
34007,0.3362647
7880,0.29927525
60054,0.7085442
91064,0.20660521
115607,0.60067904
75013,0.20629694
1719,0.6557732
65850,0.7819981
56152,0.7350688
48020,0.3931799
35816,0.8090495
10348,0.3413853
45836,0.40871412
119341,0.67304856
37418,0.8020883
104820,0.62635833
51207,0.55545413
69585,0.56534183
29453,0.5185213
87391,0.20401268
30054,0.33210707
105568,0.3884293
50329,0.33321592
75110,0.21036823
108281,0.5823959
53940,0.5035581
23434,0.33717203
82557,0.19792199
6021,0.2509454
66383,0.602308
6767,0.40957984
27744,0.43100262
49837,0.61753535
61583,0.7510643
46772,0.33027115
38276,0.80112976
4674,0.794338
67837,0.41953894
120511,0.70165807
69823,0.70087564
68422,0.4217602
11317,0.4314638
22992,0.3978801
15046,0.50585085
21039,0.6186121
26403,0.5714853
9421,0.36986384
39428,0.38762528
39217,0.7960421
45145,0.28465375
79983,0.19785899
64703,0.782012
27983,0.6778204
62616,0.7841771
119549,0.6611907
86659,0.20208813
101138,0.75044394
41665,0.39622194
15211,0.2869039
83761,0.20466627
58391,0.73997086
43512,0.7859185
6033,0.2509454
72364,0.4487453
111728,0.7084043
46863,0.5325569
32770,0.761678
24741,0.80835134
110333,0.24384294
58081,0.73505384
79453,0.22060964
81524,0.22118714
111516,0.3645947
98848,0.31574827
49342,0.69845176
7721,0.25630045
36846,0.8023691
101036,0.46091637
60806,0.7866082
54216,0.44822863
110942,0.33156794
22536,0.20075087
4967,0.8041499
103403,0.40733796
82870,0.20036025
114330,0.7181765
74758,0.6128404
14965,0.28266072
37407,0.8020883
36721,0.7969342
101502,0.36535373
47779,0.79488033
16128,0.50035316
6068,0.61383325
67649,0.32772475
101579,0.58298206
98977,0.41320303
32127,0.7994277
73182,0.5789673
119320,0.74884
77910,0.21296747
77507,0.22065279
68381,0.42264205
76207,0.21821211
109044,0.24112435
114295,0.59215915
65192,0.59552914
80508,0.20323935
113884,0.46010578
24479,0.20071383
124938,0.72950125
65126,0.63736486
115000,0.68683374
17141,0.363112
99167,0.6781284
43316,0.8037478
110343,0.31220058
1469,0.33680174
924,0.8081262
63349,0.5362741
2117,0.6333503
7356,0.667233
92290,0.6281197
103247,0.40120566
63934,0.48398456
98241,0.30197254
66915,0.44949415
86568,0.20260625
72694,0.6164937
106805,0.8092244
36578,0.80895203
22940,0.8096462
121349,0.715658
17958,0.8006369
84323,0.20027037
104846,0.6664343
82867,0.20036025
114792,0.69022506
121095,0.54744965
73297,0.35991204
77913,0.21296747
108433,0.45113355
36124,0.7987928
77732,0.22766323
60001,0.7588931
12959,0.4566067
31952,0.8071193
68557,0.7530334
68938,0.24483302
109956,0.23082173
87750,0.22296892
9141,0.6685699
81622,0.20360127
93454,0.34198684
10007,0.27866256
16864,0.66437584
106665,0.33600962
84833,0.2153294
90427,0.20283535
107023,0.8093602
56289,0.7920922
91281,0.20409916
43617,0.78964967
94002,0.72389585
25485,0.7994737
114820,0.4930401
23414,0.49036044
74130,0.28696546
6735,0.35803685
6049,0.6098989
51489,0.5634974
123272,0.7864152
16472,0.65711915
77976,0.1980037
2546,0.2695359
109556,0.21332164
122976,0.708679
38102,0.8088441
93922,0.38105372
95760,0.45496586
84926,0.20027447
71677,0.63182634
35876,0.71207595
77667,0.19334048
63312,0.7808865
110995,0.28321752
80696,0.20566131
39241,0.7960421
117901,0.573427
2948,0.51108074
81156,0.20506185
114258,0.6221262
104860,0.63863456
84352,0.20027037
61221,0.70689267
44599,0.80340356
113369,0.21512926
47413,0.4328587
10873,0.35070342
108910,0.24511872
26455,0.78022134
120266,0.7496342
4555,0.52526236
23036,0.8096462
65215,0.76518965
18220,0.7957616
68594,0.40234682
103934,0.6748976
23787,0.54737645
245,0.34041068
4428,0.7217807
22430,0.8043312
116597,0.44220534
125160,0.75107473
86829,0.20940769
54750,0.42594317
119502,0.73839986
30175,0.76041955
44626,0.80340356
94739,0.2722864
86450,0.20525937
47904,0.75425947
84234,0.20868987
12108,0.28282502
102143,0.5791679
70451,0.3812784
31284,0.2788967
122993,0.43889302
53059,0.7966562
105572,0.32980174
88955,0.19798194
67988,0.3822519
64744,0.59360623
120710,0.35799465
39827,0.4444969
115540,0.4114999
23508,0.8097241
78572,0.20112167
59387,0.72554344
120111,0.35438928
16757,0.7569757
71027,0.4068285
82606,0.20633179
9024,0.25618756
5256,0.79733104
74990,0.21562421
86661,0.21447134
116849,0.5295143
105113,0.65904284
55265,0.7672552
46615,0.80061066
13125,0.808339
78225,0.21592267
99093,0.63661295
5644,0.44262955
112436,0.43769974
93389,0.73767245
12704,0.5145976
100001,0.47451386
59037,0.77882355
103547,0.5774874
28090,0.55777144
33631,0.32583404
16854,0.4883773
40143,0.7970081
104149,0.4039596
92331,0.621307
67848,0.38306057
24189,0.53660244
53563,0.5219863
118474,0.4369962
117036,0.35082287
85812,0.20343135
94844,0.3371102
74923,0.7095476
113973,0.49608132
11650,0.327151
31207,0.78794247
18021,0.7804265
113670,0.4529437
43628,0.78964967
1052,0.80024505
116802,0.62198365
283,0.79373175
117391,0.5451287
23072,0.3541412
25651,0.21429974
41370,0.2944097
50102,0.70565355
18453,0.5307704
62486,0.79658884
33439,0.5163708
1734,0.40695915
77214,0.19673744
7176,0.2941823
36741,0.7969342
19808,0.53982675
69513,0.544938
44663,0.80340356
39920,0.80297065
54075,0.37220013
10755,0.327151
96414,0.44030064
27354,0.34539014
28115,0.69858193
87940,0.20281942
12830,0.62299097
75953,0.1964471
47761,0.6875391
85501,0.19613387
79631,0.20747972
80381,0.2209557
113996,0.2862041
64189,0.45985606
8359,0.5978539
28068,0.4902543
75381,0.20838445
85144,0.20345029
60872,0.76419103
119915,0.33513802
60326,0.7781134
89704,0.19925535
68604,0.41736054
98286,0.79714495
6085,0.60829175
37867,0.8088405
85033,0.20559508
106837,0.8092244
66599,0.27290148
16283,0.70698684
17431,0.6073961
37615,0.76476866
96824,0.53763276
41492,0.80785656
17067,0.43137935
103338,0.38295975
122877,0.69595295
119647,0.43367496
74962,0.21681885
88118,0.21821536
33884,0.26828077
113951,0.75442797
18278,0.7957616
103674,0.52984303
31983,0.32918343
84013,0.20355913
44128,0.80095965
55225,0.52698
35100,0.8005567
83366,0.19832973
117395,0.43687445
20468,0.41482174
52862,0.732368
28842,0.5300361
65706,0.45559123
8469,0.5154556
85156,0.21242571
58461,0.76785195
33676,0.7979809
55381,0.7491519
9157,0.70587444
29031,0.6189671
90469,0.20593978
118384,0.58584565
3210,0.39479807
36231,0.49015924
104694,0.39106977
9536,0.48505405
100484,0.44982538
110731,0.30698416
94352,0.65249556
73238,0.35838744
119786,0.4039521
57957,0.7898255
69179,0.4127277
95254,0.32040372
117308,0.65415514
82126,0.20445147
47214,0.29590067
75982,0.2049479
102552,0.6660137
103662,0.52075595
75855,0.21699493
1426,0.39721292
87211,0.2106527
120279,0.7496342
38237,0.80112976
120822,0.44309485
92539,0.6858694
10977,0.37987575
22326,0.8029905
40719,0.7974256
91666,0.20650935
8683,0.3117753
27631,0.28888062
62719,0.70052934
16666,0.34585363
90104,0.21082918
41149,0.7318393
7458,0.6120567
89934,0.20747183
61442,0.78655976
45884,0.8042443
45141,0.76594955
7104,0.5558596
99271,0.54125255
93887,0.67891026
1516,0.7220523
86427,0.20185022
49870,0.64163226
102164,0.75313824
25950,0.42809704
113257,0.21046467
74933,0.7108819
62959,0.79097843
68901,0.58918405
112531,0.55487376
45655,0.79052377
29908,0.23055167
70708,0.3659401
21369,0.8016232
31488,0.8015809
52340,0.72297734
81592,0.2189082
124387,0.64848346
49530,0.43374592
70461,0.33985817
20989,0.7108884
14898,0.26650742
78394,0.21163875
43576,0.61937237
83323,0.19865619
86996,0.20432538
82527,0.19792199
115139,0.70767367
26623,0.5303226
2788,0.29630098
29471,0.47849333
72723,0.73137355
73714,0.3041469
18462,0.5774081
87040,0.19817063
58653,0.7923286
110230,0.23564829
117763,0.67909646
114437,0.7255402
59186,0.79346615
10102,0.5608915
69770,0.79571474
6046,0.6098989
38209,0.79250586
25870,0.69658315
23168,0.58254427
58367,0.5809556
66810,0.5035711
86819,0.19817063
118374,0.545781
104875,0.42874685
61654,0.40478387
44694,0.3181533
78161,0.2101736
33655,0.48163688
58715,0.76446116
88135,0.22027244
6388,0.40979058
102731,0.35346594
97487,0.79937947
81292,0.2060801
48438,0.8092743
15270,0.25436667
92289,0.3102953
93499,0.49175572
80973,0.20416708
52377,0.74396783
41426,0.80785656
1505,0.7220523
18228,0.7957616
66206,0.4203963
36283,0.68072134
112932,0.6874626
16040,0.6952758
89537,0.20980288
54943,0.7817709
108780,0.31432706
80731,0.20780365
27887,0.27761778
48543,0.80945295
84061,0.20411593
14571,0.80941623
119538,0.6611907
36690,0.8016797
85595,0.19951433
42875,0.80101717
111386,0.3246367
51447,0.7003089
109144,0.27171782
9151,0.4118688
44410,0.8091743
38476,0.541284
74603,0.808755
116453,0.7117862
25448,0.7994737
70268,0.38500467
101128,0.6918554
82434,0.19967586
17997,0.45919785
36376,0.8082987
107088,0.8093602
31905,0.5292377
118412,0.64594156
5656,0.42941016
52201,0.7431494
55351,0.77862585
66291,0.6765921
30515,0.809041
44022,0.79199797
122546,0.57092774
59484,0.7956951
122432,0.61070544
41197,0.80259776
69683,0.79571474
111294,0.3402755
40759,0.5875162
76609,0.19949698
114379,0.3334197
67239,0.6311516
1382,0.70933306
38853,0.8010264
1744,0.50283337
7894,0.5226104
54368,0.7830419
35127,0.8005567
34031,0.26895666
107892,0.61393577
3329,0.35042375
97548,0.36495948
120891,0.73843586
76541,0.19978288
50027,0.60187554
12543,0.3712491
102251,0.3359137
91356,0.20632483
87512,0.20859131
21588,0.792719
18103,0.7957616
87525,0.19934975
112478,0.58766526
15987,0.675232
81303,0.20778541
6188,0.7616101
2391,0.32927695
57077,0.80066
70963,0.2509327
100680,0.6611238
106535,0.59934205
101385,0.44434425
93517,0.64484036
38633,0.8082987
89547,0.2238246
118152,0.5570194
23999,0.32486033
76384,0.19727054
10537,0.3101121
42745,0.78493726
48366,0.8092743
99245,0.48919338
70890,0.58699334
18975,0.20045832
30380,0.809041
38344,0.80112976
108220,0.8087252
74984,0.20595615
15233,0.721779
61024,0.39816052
39350,0.79250586
55170,0.5297909
44812,0.78658485
11252,0.6993678
506,0.6798566
65748,0.53478706
5807,0.570243
49288,0.6849451
7127,0.34288108
28579,0.57919526
111549,0.31605467
70280,0.40987393
100850,0.49157578
31785,0.8023811
66568,0.25011656
32184,0.7994277
107447,0.37055913
18138,0.7957616
23943,0.7372992
91415,0.21328995
78224,0.209911
37002,0.8010573
116740,0.45328686
18763,0.80584764
123788,0.34375817
83172,0.21683165
42285,0.34138048
45662,0.53009516
47544,0.8069103
37357,0.49031618
62715,0.70052934
31827,0.7505653
75228,0.21322675
74396,0.51766884
18393,0.2004756
32375,0.80135787
6080,0.60829175
82360,0.20235859
100380,0.33027163
25789,0.2506116
120853,0.3453499
6875,0.7685967
8363,0.3618806
96209,0.38773915
53008,0.7928239
78497,0.22198968
88726,0.19708595
120867,0.6972297
3870,0.59009564
95842,0.6530027
46585,0.80061066
11041,0.24892816
97426,0.784985
53018,0.7928239
47680,0.62149864
2854,0.37166435
32931,0.245481
9954,0.24840309
81433,0.2123183
74749,0.6128404
41689,0.8017142
71634,0.30283704
78346,0.22419257
53292,0.7454048
72026,0.50087744
40746,0.7531907
50107,0.3251701
80430,0.2030609
104063,0.62708324
64582,0.36781383
53475,0.68760353
18579,0.31021324
40033,0.7933869
79898,0.20137419
32530,0.47503957
120968,0.75649893
69603,0.79571474
53508,0.7459458
64492,0.80919904
48475,0.7931126
78781,0.21962616
61358,0.7936831
62703,0.70052934
124886,0.7866228
100629,0.34117472
122796,0.48138162
5726,0.46384442
11467,0.26425725
32358,0.80165464
114825,0.4930401
14995,0.69391036
33025,0.22361958
4567,0.78055394
42196,0.7994585
5234,0.5864351
62833,0.6864459
77892,0.21148154
5923,0.24139234
113302,0.21046467
117899,0.573427
33326,0.4744839
73487,0.3880818
62131,0.7878665
21771,0.5126236
5465,0.71688074
77338,0.20113626
58673,0.7643595
9804,0.4716046
111502,0.38085517
77697,0.21421255
66276,0.50900316
42860,0.7922321
14157,0.8078827
83973,0.21015471
116748,0.53980774
75485,0.19897081
52648,0.74990463
37623,0.80793554
70287,0.5103152
91896,0.21049573
74497,0.3979331
6989,0.61118203
95388,0.37601158
108775,0.26307124
88553,0.21060821
65511,0.37434262
38956,0.79744464
99800,0.44390056
76239,0.2124938
87847,0.20173404
3292,0.68488455
106172,0.5102226
115022,0.44131857
106966,0.38391206
33415,0.72751176
19892,0.20075087
31309,0.35622784
118664,0.6716128
97081,0.38782516
64843,0.42783305
81752,0.2460448
59242,0.381113
25944,0.52262384
96097,0.31391442
67537,0.6094129
53380,0.7822329
119571,0.36403373
124279,0.769291
119086,0.3277192
30348,0.809041
12372,0.6150372
53954,0.3180332
115335,0.5053577
8751,0.3210277
72905,0.41111398
37297,0.77859014
19725,0.48175952
4922,0.79814386
99375,0.25405014
15542,0.809004
61297,0.77854604
89514,0.21117166
54215,0.6938116
62628,0.57515246
14362,0.28239208
44927,0.8013557
32275,0.41542578
36974,0.79122895
56310,0.7920922
11169,0.38713306
110692,0.24184655
17644,0.79880947
92753,0.47051907
34674,0.7975801
81334,0.20454834
6454,0.40484145
116062,0.71479636
114502,0.34913656
39930,0.80297065
57262,0.7994125
33015,0.22361958
63655,0.79825
5144,0.80916846
62908,0.740217
13356,0.39977774
44638,0.80340356
41290,0.5039602
106685,0.52202594
69609,0.79571474
48131,0.79541266
64196,0.45985606
79204,0.20113286
87490,0.20454249
35803,0.8090495
101394,0.44434425
64024,0.64495546
18546,0.5807443
64748,0.59360623
38391,0.80112976
124624,0.7769989
11049,0.24919242
10910,0.51031333
21675,0.8029905
72462,0.36100587
85532,0.20026171
76794,0.2096767
121148,0.34661916
37240,0.80104226
70495,0.679852
32115,0.7994277
115705,0.6066268
89200,0.21536717
104932,0.4103395
81411,0.21939424
99640,0.7294882
41858,0.33875856
119705,0.71435016
2644,0.6353975
109505,0.23607054
5802,0.28650877
50876,0.5631176
79829,0.21270964
3752,0.31646433
7333,0.4206462
53681,0.35925078
23936,0.70884967
68310,0.46998298
124595,0.7769989
23689,0.80976826
51977,0.51987606
30843,0.7904467
72912,0.49698606
20951,0.61241066
17150,0.582919
103781,0.48608974
85225,0.20272054
48565,0.80945295
88290,0.21811885
110516,0.26883608
124293,0.7733903
76145,0.19572598
117398,0.5451287
77625,0.19816259
45649,0.79052377
86168,0.24137509
89452,0.20257288
50823,0.7279844
115989,0.7306626
79800,0.20662896
80763,0.20416708
33930,0.7999353
20444,0.79504216
114257,0.411358
84838,0.20903587
34001,0.7999786
120745,0.6577779
123672,0.7285028
118061,0.32998794
104772,0.40835908
82270,0.20226298
22098,0.8016232
44821,0.78586066
120621,0.782627
100830,0.41994745
9540,0.35603702
80990,0.22596586
118098,0.3492624
121796,0.49849984
48218,0.8023793
83644,0.20520006
29559,0.38921264
70648,0.5294937
1204,0.80455685
84822,0.20659871
86292,0.21705042
67789,0.30880642
84667,0.19836894
111473,0.5282119
50271,0.76257175
13100,0.808339
31798,0.8023811
51441,0.31509978
7052,0.74183017
98846,0.4827528
19124,0.5605845
74826,0.39064988
19643,0.7933174
16025,0.4053388
113382,0.37068632
13612,0.563782
19874,0.20075087
26149,0.7375192
25125,0.8093588
108659,0.513691
17565,0.41052058
28865,0.44169176
121806,0.6094537
37335,0.8007448
86233,0.2088543
55997,0.77514184
34190,0.80037135
104479,0.4291388
66012,0.6295041
23408,0.6683011
28021,0.6625743
88872,0.20673646
106949,0.80592895
69458,0.46892112
5,0.74975014
73184,0.5789673
94498,0.5175488
65125,0.62507975
6386,0.64716816
1763,0.7487457
62613,0.7841771
99311,0.47728488
51374,0.67504275
39542,0.7981991
37129,0.80104226
80609,0.2045446
32158,0.7994277
63198,0.76388085
107366,0.4629307
75028,0.2021557
105654,0.41896266
20721,0.31749603
12002,0.32335758
58690,0.7643595
63849,0.7886459
18447,0.60246176
37793,0.80785656
106222,0.73859555
81299,0.20778541
75910,0.2267185
54154,0.6821034
31286,0.2788967
60031,0.45355007
13064,0.6829514
23441,0.35671958
67570,0.3858748
14373,0.64443266
25563,0.66151834
46170,0.809229
104896,0.37806973
95017,0.76153153
70702,0.5141156
87584,0.1977262
4572,0.7031562
58395,0.73429996
98936,0.34093723
73194,0.46029654
94907,0.39829975
6366,0.54232234
2232,0.7249909
94659,0.2722864
103844,0.42946422
39568,0.6958681
55852,0.7738737
58106,0.73505384
69014,0.7091518
86883,0.20059909
86231,0.23197922
11987,0.24329911
47593,0.8069103
44886,0.8013557
121778,0.67551523
86193,0.20027037
122773,0.7778656
122173,0.71955645
111727,0.7084043
83864,0.2031618
4015,0.5238321
68790,0.20654225
26510,0.71336883
108051,0.43642333
82576,0.19792199
97006,0.7077102
37910,0.8088405
98809,0.33738607
72226,0.54904354
116856,0.33679402
46624,0.80061066
73933,0.42245314
88556,0.20443125
49359,0.33702964
118574,0.28900257
25069,0.8093588
44363,0.8091743
42324,0.56917924
27047,0.47136417
83595,0.21867205
89748,0.20217294
117728,0.43975565
90319,0.21840177
115207,0.73501664
70452,0.57313377
33924,0.7999353
32256,0.8010758
104143,0.4944146
57864,0.7966211
97039,0.7324878
100300,0.3727331
85255,0.20415667
47361,0.80246544
7134,0.49313182
101854,0.39576662
89327,0.20195962
16867,0.66437584
104672,0.38800487
35766,0.80895203
86461,0.20420259
117238,0.68772316
3842,0.41274273
91564,0.24232951
71335,0.41033638
46424,0.80096644
102553,0.6660137
91731,0.23641911
14325,0.28278965
46071,0.27086356
55274,0.7672552
7100,0.59578633
16168,0.32107997
97422,0.784985
52345,0.72297734
29158,0.78086734
19063,0.50441384
93455,0.34198684
68493,0.4377767
43108,0.30874306
61883,0.6504148
73796,0.3571774
679,0.80694073
62067,0.7922315
85289,0.21038666
38623,0.8082987
20768,0.65419215
84923,0.20014746
52978,0.7928239
58412,0.6019921
52269,0.51128095
82150,0.21508223
2869,0.409477
68230,0.6353894
58318,0.8031131
110820,0.2429854
34486,0.786209
59649,0.7987054
2206,0.7249909
11551,0.5294034
64018,0.48357403
53192,0.401158
9637,0.7616439
87459,0.21814579
116659,0.71233016
5978,0.24285078
123419,0.75659925
55340,0.77862585
17151,0.582919
16632,0.47687018
64641,0.49262282
59486,0.7956951
120666,0.689396
12435,0.5589358
12698,0.36330852
74442,0.38919854
121817,0.73287684
86036,0.21659076
124441,0.7757004
94727,0.2722864
30654,0.8081197
2038,0.7374721
34935,0.7975846
94388,0.4663765
28294,0.29103315
72732,0.73137355
61202,0.7628141
12970,0.3656275
35160,0.4792982
97782,0.3266243
117177,0.33886203
95079,0.70395356
12042,0.8030439
3505,0.3345944
95235,0.3203703
87853,0.21105379
76729,0.21663257
13544,0.5885909
99985,0.28338164
121613,0.33700958
80088,0.24227858
124361,0.73263276
64550,0.62507975
59193,0.79346615
10022,0.5552966
64027,0.64495546
89952,0.21899055
110351,0.28358448
121041,0.3645117
512,0.5786597
117936,0.41506696
67115,0.35526556
70988,0.28482646
107194,0.8093602
117902,0.573427
81984,0.21054585
80235,0.20673712
6479,0.71770185
92177,0.61527556
32559,0.79828423
105151,0.443517
61827,0.44176787
104633,0.5511541
64998,0.77756476
47458,0.7430399
32667,0.6265605
96048,0.35441643
68460,0.26027364
71637,0.6018268
23069,0.3541412
86346,0.19639269
80066,0.2139937
95191,0.56782514
59642,0.7097164
92873,0.6019811
111932,0.54417545
121240,0.6117111
35173,0.62611395
40604,0.5472151
12001,0.7560244
88925,0.20866393
16103,0.5811851
1081,0.45181614
105839,0.2925332
35523,0.808773
119892,0.4541686
69593,0.79571474
65973,0.700738
66964,0.37946376
92759,0.57866293
3610,0.4476506
57091,0.66156656
120571,0.6102759
62016,0.64867663
111553,0.31605467
22846,0.69591486
21444,0.8011279
29926,0.21149233
20201,0.4494517
73839,0.43435875
70767,0.63163245
92365,0.6152675
38911,0.79744464
50414,0.3223178
29645,0.76685965
30330,0.809041
84929,0.20443398
46033,0.35626727
33098,0.26671246
107022,0.8093602
52183,0.6170554
110399,0.29606453
71917,0.29307446
91225,0.2082999
53625,0.2944395
116497,0.6953997
21531,0.8011279
18270,0.7957616
50802,0.46257535
120391,0.35947046
11954,0.26492712
107057,0.8093602
99546,0.3183575
3134,0.3210645
2226,0.7249909
9098,0.3327677
91062,0.21708722
107072,0.75353575
34985,0.8005567
49565,0.7537612
77614,0.19816259
68222,0.6353894
69740,0.79571474
5269,0.7867436
8860,0.35430142
19440,0.7992589
31486,0.8015809
50506,0.7516244
19073,0.41995913
113668,0.4529437
13779,0.5030122
15089,0.2800015
72750,0.5618098
25579,0.68475103
3330,0.35042375
100698,0.37099323
76873,0.21089765
9150,0.4118688
105012,0.45035705
26069,0.5018509
7082,0.38748044
47508,0.8069103
17925,0.7994667
50450,0.43919417
88699,0.21869996
91488,0.20229314
108262,0.8087252
42806,0.53583354
112459,0.3494475
65793,0.64194345
57281,0.7994125
14131,0.8078827
106217,0.81097645
54179,0.3801582
28290,0.4305967
87978,0.2025151
25396,0.8003337
122834,0.71848327
62892,0.39324206
14262,0.2564298
3831,0.39075434
1556,0.4000507
74768,0.27802074
103541,0.3496329
31199,0.78794247
19473,0.7992589
38668,0.8082987
70395,0.43472382
83209,0.19941431
73052,0.7951123
63427,0.7945282
97410,0.79530317
97214,0.38706043
49473,0.7346615
62993,0.44660622
99616,0.71919703
117377,0.6960677
62054,0.7922315
19201,0.8007238
643,0.80694073
4078,0.7679637
47167,0.4940896
76775,0.19935705
84242,0.20019524
8119,0.5641957
27676,0.28888062
4536,0.7941082
88277,0.2200479
82718,0.20441265
48792,0.8095503
89145,0.21329321
6086,0.60829175
75426,0.20181541
89720,0.20217294
88561,0.2135781
114985,0.6740448
93602,0.7269699
31473,0.6262583
86468,0.21524882
34675,0.79532456
10105,0.6146557
105439,0.6452573
72234,0.3210808
72748,0.46520096
45054,0.8064426
8857,0.41339943
111638,0.6186675
95591,0.70239514
5060,0.80916846
49918,0.33968368
18046,0.7767755
57051,0.80066
107290,0.58357716
49182,0.7136791
48880,0.66748327
100540,0.30239818
30316,0.809041
112699,0.6874626
90214,0.19926375
114731,0.75207865
49979,0.32396334
47387,0.80246544
86585,0.20907071
70977,0.2950027
108851,0.23385419
86838,0.21635705
44583,0.80340356
44576,0.80340356
113672,0.7208254
33063,0.8015809
279,0.37843663
51640,0.7547623
116044,0.73417056
61251,0.29096192
30588,0.7894059
15033,0.43890005
38201,0.5034501
84175,0.20441265
106850,0.8092244
51859,0.771103
114901,0.55627936
24748,0.8093588
22503,0.5809116
90600,0.20432475
66854,0.4497685
107112,0.8093602
66179,0.75863504
12917,0.63939726
5622,0.80371577
79133,0.21121034
52020,0.45730424
42206,0.7994585
60496,0.7484783
33758,0.3120601
75520,0.20434016
77319,0.1962753
83982,0.20036025
62680,0.7969448
6089,0.33221298
94161,0.8091231
78934,0.22199132
121124,0.34308887
75112,0.21036823
120118,0.301917
11029,0.24941759
32039,0.79832244
52274,0.73462707
15835,0.30736443
31235,0.71225893
76705,0.22769856
10091,0.5830813
117674,0.44482526
65940,0.51261854
76010,0.20465063
83898,0.20147131
53074,0.7877828
9126,0.5862043
46259,0.77482873
29387,0.5219422
111453,0.36406136
8477,0.5506559
106242,0.81097645
113381,0.37068632
11270,0.71349525
84426,0.20682335
23740,0.80976826
5733,0.28970373
24435,0.20075087
40771,0.2630942
85743,0.21690504
10276,0.37483808
42908,0.80101717
68085,0.40026248
22937,0.8096462
116599,0.5086835
53434,0.7852096
43425,0.7125621
84388,0.19880842
3376,0.68488455
50235,0.6580691
114119,0.39502013
81813,0.20552862
48161,0.78822565
61908,0.5838867
7059,0.4861854
100344,0.49508154
23091,0.71818775
60067,0.6297524
15559,0.809004
103050,0.3100072
2365,0.69588643
69870,0.62514293
73690,0.6314512
64847,0.42783305
26324,0.4141349
66451,0.6299309
75231,0.21322675
110836,0.2508595
41164,0.80259776
92975,0.8126727
1375,0.7501708
93564,0.3813723
36804,0.73496467
48389,0.8092743
11948,0.26492712
29624,0.7718476
92472,0.26041776
62626,0.57515246
109994,0.33128768
25434,0.7994737
82172,0.22030051
43365,0.8037478
109182,0.2714603
105493,0.39153022
107721,0.41016614
90871,0.19904405
79039,0.24655582
67473,0.46278626
95560,0.3413669
94540,0.33713728
79939,0.20640348
124787,0.77363646
116940,0.611924
21118,0.6342275
53209,0.7723164
34226,0.61425304
84818,0.21910709
42901,0.80101717
90450,0.21806772
100025,0.31770712
79258,0.22643742
116753,0.54066265
43835,0.31758228
2712,0.23590085
63643,0.79654837
22785,0.6808601
89131,0.23577504
16052,0.25694743
64190,0.45985606
72341,0.31575012
58337,0.6897306
36209,0.8012454
117758,0.67909646
10345,0.4750141
71759,0.26212925
68304,0.59205365
117016,0.32847828
71821,0.63182634
88608,0.21511427
41487,0.73382443
84860,0.21964459
98952,0.30871922
68690,0.57304
99002,0.4017581
81050,0.20587243
22297,0.8029905
64161,0.39322332
42330,0.28384992
118584,0.28900257
27816,0.30917174
39989,0.79508096
40948,0.80793554
124715,0.39245138
24644,0.5778367
2619,0.5082789
3415,0.3567112
45437,0.80080616
52713,0.40271083
54423,0.6768407
67325,0.3099758
40088,0.80259776
55365,0.518825
104599,0.37667742
105754,0.42652795
86757,0.20213448
49552,0.7537612
86447,0.20525937
19454,0.7982406
47879,0.4328587
111,0.8044831
4099,0.7679637
105386,0.8074962
113487,0.5663005
101193,0.45820004
30930,0.35182002
36639,0.8090495
59334,0.53306437
1979,0.6959636
83715,0.21110854
57582,0.76587456
71922,0.29307446
20964,0.5260777
66002,0.3887864
115355,0.73229706
31412,0.3465458
52429,0.377883
15659,0.25424656
38435,0.7921124
52266,0.7647062
110586,0.23263536
9992,0.5127409
21286,0.20474674
67375,0.6094129
37663,0.80793554
8835,0.3637508
86556,0.20260625
75964,0.20249209
10814,0.38560745
72660,0.36657605
99871,0.38607392
40495,0.8005098
60250,0.66978574
48624,0.80945295
122818,0.7641482
115211,0.64152974
100498,0.30239818
61724,0.78831404
56455,0.76278096
87705,0.22927833
25365,0.72959936
124378,0.63731325
84971,0.20186119
1190,0.80455685
74217,0.46121576
36575,0.80895203
12736,0.706984
24611,0.6035874
87213,0.20722508
80571,0.25261
108789,0.2766732
54432,0.7437733
121954,0.5047117
11472,0.4795756
64001,0.4342748
2342,0.37217277
95600,0.683028
39596,0.7985452
73370,0.29866946
26146,0.6127132
32079,0.7994277
110616,0.21099903
98921,0.5535579
118203,0.3164384
70824,0.3475415
21712,0.79362744
68656,0.43932852
106045,0.61228067
29596,0.6731052
18942,0.20045832
95035,0.32963115
3566,0.594279
66344,0.56544447
50033,0.42608345
3076,0.7131118
72486,0.6185709
81746,0.25022885
67354,0.41660532
49083,0.5466326
27574,0.2640327
14258,0.2564298
97191,0.53937095
11262,0.6993678
88807,0.21740033
103835,0.8084247
107054,0.3176667
27598,0.2640327
119626,0.70404005
67217,0.28947175
47973,0.808801
114266,0.67979246
119065,0.43279037
40626,0.30881444
116114,0.7510882
33113,0.7855588
117655,0.69506204
25287,0.75228924
71013,0.28482646
114408,0.7255402
124131,0.7442338
9273,0.43327618
76582,0.2085393
83645,0.20520006
98452,0.4147154
103684,0.46098208
22918,0.8096462
31312,0.585197
63331,0.7881315
119429,0.6004401
59085,0.39433122
64447,0.80919904
86349,0.21133551
60718,0.64372873
467,0.25262165
57743,0.75448227
94184,0.8091231
7436,0.5188438
18965,0.20045832
71085,0.5824726
88265,0.20945163
118140,0.32557595
50292,0.5057723
46549,0.80061066
105751,0.39945304
54384,0.7830419
102279,0.37938756
118390,0.41604236
96711,0.8086842
82239,0.20214815
75206,0.20329629
95057,0.39280337
42647,0.33289236
66657,0.25074685
100668,0.39127398
23808,0.5651579
74813,0.28247032
5521,0.32811758
95933,0.32372054
31060,0.41003373
49919,0.33968368
19464,0.7992589
16761,0.7569757
114709,0.718744
34847,0.7976452
7113,0.5105739
104521,0.34602073
118659,0.6716128
39971,0.79508096
6504,0.25575507
50028,0.60187554
37509,0.77706754
12332,0.4482422
89362,0.25545508
95468,0.5444496
69494,0.51298344
80901,0.20477653
15974,0.660565
68462,0.42538455
92171,0.6620985
110519,0.26883608
7953,0.61040765
124748,0.4683836
75766,0.20457692
47368,0.80246544
75564,0.23932023
94937,0.6296944
106653,0.3398958
83814,0.20954381
78069,0.19415936
86822,0.20746163
42678,0.8002086
66350,0.6206877
57339,0.49187112
82326,0.19791631
24843,0.71066815
42402,0.7961172
60097,0.7628141
97334,0.79937947
97579,0.6375792
71407,0.31364253
125012,0.36395013
24638,0.7969233
117444,0.41725957
18514,0.37952697
3508,0.51300734
105426,0.6452573
3324,0.67690253
11391,0.5937055
107342,0.8077964
103496,0.3747025
102067,0.49569097
54747,0.43034706
21044,0.79334366
113413,0.5953561
55069,0.5195059
82525,0.19792199
14289,0.7684903
106046,0.5193909
18884,0.3320077
7256,0.32448128
57830,0.7966211
88900,0.23291115
114541,0.63705605
64852,0.43256068
8572,0.75585276
48608,0.80945295
94484,0.409143
34320,0.53086245
13598,0.40753865
103481,0.65239185
149,0.8044831
14159,0.8078827
66021,0.52615136
24276,0.49484894
18163,0.7957616
15039,0.61767113
109263,0.21385622
3851,0.36416855
9923,0.30103794
61185,0.55932087
16197,0.25129935
77237,0.20736916
98746,0.25131014
98853,0.31574827
69165,0.62968874
67008,0.34399587
118064,0.60837865
28641,0.39628187
61741,0.42330387
11318,0.37760207
24431,0.20075087
52240,0.34876606
31143,0.39987698
2044,0.7374721
103062,0.458843
56998,0.72897077
120785,0.6972297
80289,0.19879875
92208,0.4553324
22276,0.79362744
7817,0.3924686
67442,0.60297436
63611,0.79654837
34614,0.79532456
24601,0.20071383
93079,0.8126727
51948,0.7647062
39905,0.80259776
103367,0.31982797
69146,0.4544399
115214,0.6719488
3850,0.40661743
45829,0.7857537
17255,0.5531065
17880,0.7994667
60023,0.41519743
9321,0.6541717
79903,0.19525215
38369,0.80112976
36783,0.7969342
79024,0.20820075
5545,0.28767565
57061,0.80066
20475,0.5348593
45151,0.46850374
85081,0.21360081
113517,0.5016656
98589,0.5666349
58105,0.7589909
11303,0.32143736
17961,0.8006369
73816,0.5856767
39822,0.4444969
40407,0.7986321
5953,0.24176691
114239,0.5827364
65415,0.25147715
80159,0.20143482
123989,0.77573425
74829,0.40777206
123143,0.7615474
114694,0.3236794
24315,0.8010305
101736,0.7902093
71919,0.29307446
48505,0.80945295
70335,0.3016316
111265,0.43203792
17780,0.32479975
98177,0.7950035
33228,0.5864068
104917,0.25982285
8710,0.31685278
108883,0.24129026
96451,0.36547908
51590,0.60076034
41977,0.8029965
56400,0.8019837
84589,0.20540527
29853,0.26831695
3013,0.78051233
105600,0.2897993
15755,0.26406425
49737,0.3314681
99390,0.26853332
49324,0.6948511
83487,0.19652802
93194,0.4585509
61295,0.77854604
65739,0.688146
56168,0.7632336
72251,0.6863876
27445,0.6807916
21283,0.20474674
26854,0.7883043
119272,0.39359295
74496,0.3979331
23087,0.71818775
28689,0.7243606
103287,0.4881749
83258,0.21796545
47373,0.80246544
103862,0.24187617
96442,0.42572632
73706,0.3041469
23129,0.5421376
60829,0.7882959
98572,0.42427555
39861,0.80259776
52138,0.7266291
122991,0.43889302
103730,0.63799536
118775,0.33164853
105752,0.39945304
49391,0.74975014
22184,0.6636432
67189,0.43598965
76673,0.21966805
12795,0.42834887
12854,0.45765278
78555,0.20098701
12124,0.2802565
25947,0.42809704
91840,0.21049573
3957,0.6163408
119654,0.65665096
98499,0.30871922
106782,0.8092244
32429,0.80135787
68097,0.717397
94933,0.6296944
109533,0.22969116
102773,0.6093335
122192,0.71955645
46768,0.47620538
53396,0.7116265
112593,0.3546836
100194,0.6385274
77523,0.2013529
93017,0.8126727
89413,0.20584817
123742,0.7326545
80478,0.21752651
43405,0.7125621
13679,0.2800015
77295,0.20087467
78279,0.21736024
9012,0.2872988
90003,0.21612851
77351,0.21159117
32302,0.80165464
117385,0.47654396
30355,0.809041
24158,0.7959555
62736,0.72382045
117585,0.65951526
10483,0.58050865
76422,0.2067532
47683,0.803399
84120,0.20865445
26850,0.7883043
22973,0.33988896
75188,0.20343232
13552,0.36420387
108253,0.8087252
92816,0.45424527
92256,0.6060024
106482,0.4636875
39491,0.66347736
78223,0.209911
65608,0.7542563
104621,0.62482655
44830,0.5831107
56261,0.5373227
52682,0.3986327
6914,0.34778732
50568,0.7256311
29398,0.41856351
38272,0.80112976
19395,0.48532906
110515,0.29591727
90103,0.20192744
62121,0.7878665
74186,0.516429
46224,0.809229
83882,0.20138545
527,0.37843663
22805,0.6808601
38226,0.4104595
26898,0.44473588
68088,0.49666005
57182,0.6395324
94219,0.8091231
50301,0.47896814
53172,0.7966562
21362,0.7943738
86583,0.22413197
75382,0.2190357
63995,0.52761537
83260,0.20138545
40280,0.79750144
113235,0.66687274
72620,0.4244479
83327,0.21763252
25716,0.67292094
39187,0.7978946
25085,0.8093588
96854,0.4264011
27029,0.51421344
11186,0.39352897
44005,0.5204745
51495,0.5221122
5831,0.3085667
109748,0.20940076
12659,0.44150853
51067,0.75107473
38111,0.5169639
45475,0.53370255
41513,0.80785656
123513,0.7609271
109347,0.20519689
39472,0.51761913
36557,0.80895203
74719,0.51766884
22968,0.45648453
62571,0.46402246
8535,0.7591698
99223,0.43047953
4120,0.77397823
102113,0.5397135
25035,0.6865055
69923,0.68467414
18786,0.5862973
88883,0.2455398
55786,0.78802425
122064,0.53236383
124721,0.5167469
23013,0.809851
79067,0.1999895
62761,0.41166565
48964,0.7953699
121670,0.76344424
67085,0.5876386
109047,0.22902296
58866,0.4876764
122065,0.53236383
85748,0.19656846
11513,0.27554312
55494,0.7389595
67564,0.35109553
48926,0.8025664
60071,0.7741451
35607,0.80895203
86760,0.19876218
30144,0.21355927
61673,0.43267608
21567,0.792719
63613,0.79654837
83355,0.19832973
28480,0.2631082
3223,0.78494954
3268,0.7661638
23239,0.7891411
119541,0.6611907
124340,0.4832809
84655,0.19836894
80082,0.24227858
90598,0.20432475
52401,0.3450912
88790,0.21170527
78841,0.22670141
23071,0.6842803
73107,0.53052944
107462,0.3491878
92529,0.6858694
44193,0.8053395
111404,0.31555817
29374,0.6580256
73168,0.6143062
54786,0.72288495
42089,0.62400514
51778,0.7486666
93797,0.57900643
115640,0.76859283
60536,0.7770301
54402,0.7830419
19478,0.7992589
95961,0.36709058
5372,0.8019783
52507,0.34338334
39952,0.5387125
26402,0.5616837
38625,0.8082987
59562,0.7987054
84359,0.19880842
92945,0.8126727
63108,0.79033977
53125,0.7966562
15637,0.809004
626,0.80694073
107550,0.7417264
79664,0.19859582
20656,0.8005739
27084,0.5482508
75770,0.20457692
75273,0.20202294
74232,0.4712375
114822,0.66120166
10661,0.6435969
27776,0.5500612
101966,0.64818
45325,0.31438535
70367,0.7250897
42304,0.3905212
98096,0.27726007
61575,0.7510643
80971,0.20094012
91768,0.21049573
48773,0.8095503
7412,0.6625279
11713,0.34325793
105891,0.6979583
22178,0.8016232
114640,0.72528714
103365,0.36053404
114332,0.34337777
65000,0.77756476
36652,0.8090495
106739,0.5304838
12151,0.67493886
5359,0.779835
20696,0.8005739
17698,0.559162
39583,0.7985452
49710,0.38559157
124429,0.7229309
21530,0.8011279
43393,0.8037478
84472,0.2130904
7971,0.36396632
2550,0.43056548
35513,0.78215677
19710,0.4318643
82274,0.20289826
52341,0.72297734
64025,0.43302232
1733,0.40695915
30346,0.809041
88604,0.20426159
30959,0.80841833
93125,0.812537
91546,0.20545086
60291,0.78768957
86853,0.20696455
37512,0.8017056
39874,0.80259776
46799,0.40324876
65269,0.23666017
64686,0.77110916
81707,0.23388231
32028,0.79832244
124157,0.7725501
372,0.34190825
51366,0.38639244
15164,0.2542702
53394,0.7822329
91795,0.21049573
16784,0.5809622
17050,0.57679397
74312,0.60157496
47052,0.31229407
94858,0.3371102
100788,0.34286812
94595,0.5197993
93978,0.30834007
39271,0.7960421
40581,0.79639655
5517,0.40931356
906,0.8081262
87755,0.22296892
113888,0.46010578
24190,0.7959555
91686,0.20172799
11233,0.6993678
113761,0.7066206
54700,0.76251364
48557,0.80945295
42423,0.79443663
17618,0.7966374
2131,0.6333503
116242,0.43394464
56872,0.604703
41975,0.8029965
120862,0.70667946
78125,0.19508013
9026,0.25618756
43586,0.78040487
88946,0.2296046
95953,0.36709058
46456,0.7355038
94139,0.8091231
87078,0.20201994
116386,0.63409877
96763,0.41884688
107853,0.5383995
94390,0.4663765
36509,0.8088441
8016,0.30429858
9634,0.7616439
84556,0.21600479
55124,0.75057685
87416,0.21465868
46031,0.37688377
33467,0.42234275
47783,0.8025664
44023,0.79199797
43883,0.80157053
2812,0.3510131
125172,0.75107473
400,0.8074672
48528,0.80945295
59342,0.515993
51610,0.4073036
43376,0.8037478
101071,0.44610658
26415,0.40867865
21188,0.20098579
57645,0.6237307
105075,0.39168668
85332,0.21233091
114376,0.5700243
122416,0.40772676
15275,0.25436667
122640,0.39687368
18964,0.20045832
59900,0.74460745
86368,0.19656846
61136,0.7937088
96769,0.34387478
58852,0.4621467
93117,0.812537
59071,0.7914346
107278,0.80815464
119846,0.73177207
3155,0.37336957
48187,0.8023793
389,0.6948663
97662,0.32133433
90067,0.20291778
113539,0.39502013
51078,0.571785
118830,0.6611907
9400,0.48321754
121956,0.5047117
52879,0.6029637
81437,0.2123183
27230,0.38743514
15162,0.2542702
45,0.6790187
57272,0.7994125
98460,0.5058051
68092,0.68541145
74094,0.32579324
73767,0.62649554
35011,0.8005567
113847,0.5800119
34194,0.80037135
30510,0.809041
113289,0.21046467
97202,0.65427
11709,0.6355443
76968,0.20360272
47528,0.8069103
8774,0.7188159
118727,0.38920447
50322,0.41114783
70506,0.679852
49047,0.7939288
32215,0.32323754
98600,0.34863263
22771,0.7090319
1684,0.71992713
10893,0.3282867
9609,0.7616439
110698,0.23008977
31063,0.407104
71061,0.5263736
69247,0.7386304
86878,0.20173404
24015,0.7923276
107866,0.49205264
48897,0.8025664
42959,0.80101717
103989,0.3661426
18245,0.7957616
121561,0.7813309
76833,0.19821529
17989,0.45919785
119801,0.51850116
8900,0.6767217
114927,0.7099226
121755,0.5027978
107705,0.5200302
116461,0.5684321
33460,0.37331375
34467,0.7986151
9403,0.41433552
50660,0.5361932
112634,0.6758405
61315,0.26429084
4362,0.8019783
6041,0.69387335
123253,0.7864152
102956,0.52473825
103574,0.52666616
103004,0.6791912
57575,0.74835086
73858,0.5330481
44086,0.80095965
121378,0.5914582
45162,0.30080855
35174,0.4792982
14794,0.80941623
75443,0.22140403
9947,0.24840309
1470,0.36460346
395,0.8081262
83650,0.20411593
17444,0.7994779
9822,0.33089095
4853,0.78095263
68403,0.39257285
86917,0.20002322
32822,0.7898537
44545,0.80340356
8097,0.35958833
47042,0.2729432
119228,0.65984994
122540,0.39415595
68739,0.23878558
86194,0.20027037
34187,0.80037135
109374,0.20519689
76380,0.20341045
98478,0.6631997
110742,0.24165058
75711,0.19570191
17806,0.7903617
98561,0.41320303
50411,0.3223178
80166,0.21844059
94980,0.62770045
76703,0.22769856
15392,0.29599574
123122,0.7615474
53587,0.6480821
121511,0.6512314
50083,0.6164231
29425,0.2998782
98109,0.28657216
38677,0.8082987
1552,0.4412466
88364,0.21536717
44994,0.8034293
119047,0.5394389
91123,0.20608242
73220,0.6098172
35660,0.80895203
99677,0.65043336
41542,0.807976
123924,0.77573425
26560,0.3800217
48450,0.8092743
110848,0.2517312
87926,0.2412233
114795,0.4841594
8541,0.7591698
58925,0.7914346
40900,0.7978385
73711,0.5682532
27807,0.5274095
2350,0.69588643
3101,0.5946209
35983,0.8090495
106208,0.81097645
101438,0.60642266
48517,0.80945295
34860,0.7976452
64888,0.46534017
51188,0.71876556
4446,0.7197742
40652,0.7974256
110797,0.24762991
40156,0.79552895
124415,0.7757004
112400,0.70291233
65684,0.682711
81730,0.21167053
106394,0.33080235
34780,0.66424954
116615,0.64973426
97872,0.24271716
85672,0.22304584
77971,0.1980037
57984,0.7898255
8361,0.3618806
49046,0.7939288
8318,0.3571049
46678,0.80061066
96399,0.49005988
107398,0.4451831
20315,0.79936427
64919,0.7638159
70674,0.5624457
60077,0.7741451
40271,0.48756668
69804,0.3527909
121936,0.74316823
120000,0.36077863
86674,0.20853558
4974,0.8041499
93409,0.37199104
35481,0.8007448
20199,0.4494517
78880,0.22222933
77080,0.20004468
49721,0.3409688
72726,0.6452321
19333,0.5121114
99791,0.5347258
57792,0.6766818
98368,0.6285568
29945,0.21149233
62449,0.794977
30307,0.7310991
108783,0.23615699
52006,0.36276874
73673,0.40166804
65393,0.72011393
112616,0.5752598
35008,0.8005567
5284,0.79733104
119927,0.70875174
1889,0.77547044
125006,0.36395013
48715,0.8095503
110166,0.26697522
97318,0.79937947
29009,0.37428558
73635,0.39682856
111784,0.5132728
61107,0.79203284
50141,0.47600254
5274,0.7867436
49675,0.51619416
42000,0.48756668
4658,0.794338
41335,0.7950451
36905,0.4944182
20446,0.79504216
27459,0.35542643
114269,0.44895118
13882,0.3199177
82973,0.22184375
33998,0.7999786
96558,0.3064421
77801,0.19841981
111192,0.5121755
86456,0.21910709
51936,0.7647062
9525,0.49914744
3126,0.34803465
122964,0.563636
85901,0.20704286
53032,0.7928239
43077,0.27457184
89703,0.19925535
33204,0.4283885
91771,0.21049573
32732,0.7868757
82946,0.21672943
73977,0.32579324
50757,0.47276214
22314,0.79362744
2494,0.43913317
16943,0.6901807
11084,0.3651133
121467,0.7442338
56087,0.78675014
26209,0.7145059
123127,0.7615474
22292,0.8029905
7145,0.720591
18286,0.7957616
97754,0.55038446
41518,0.46058202
109112,0.26502675
71379,0.64408827
16471,0.37434262
52218,0.7431494
91052,0.20689975
61977,0.74294055
49789,0.43399394
68423,0.52907974
106979,0.37680274
16042,0.25694743
113291,0.21046467
83870,0.21164033
55796,0.78802425
22636,0.78897846
96170,0.48786402
19221,0.49414876
9361,0.5413055
118293,0.36066568
3205,0.52340704
92693,0.64545
118241,0.3817122
102937,0.5339925
124228,0.7778656
123200,0.7864152
49752,0.7634369
85349,0.2070939
10577,0.2585775
62403,0.794977
6382,0.64716816
29919,0.21149233
102183,0.75313824
22257,0.79362744
102563,0.6002434
25456,0.7994737
93074,0.8126727
44657,0.80340356
96578,0.5420476
18332,0.20130867
66064,0.5053932
2624,0.5082789
89364,0.19883782
63327,0.7881315
85094,0.21305938
87337,0.2000614
49038,0.7939288
25264,0.457775
65636,0.7542563
66844,0.3902797
19218,0.8007238
55998,0.77514184
67009,0.34399587
75854,0.20031247
19394,0.48532906
57832,0.7401102
36116,0.7987928
33180,0.7830197
81459,0.2123183
92428,0.31198502
120143,0.7101907
43406,0.36288017
11530,0.27287087
99352,0.57178223
72040,0.31306463
116346,0.42437822
77687,0.21421255
52628,0.42575395
68948,0.24483302
35573,0.80895203
18299,0.7957616
20185,0.40229848
71555,0.36625215
37289,0.80104226
118382,0.5647933
123070,0.7635503
74204,0.50195205
21813,0.3520631
105744,0.39373332
106640,0.5109077
34563,0.7937589
42549,0.80821896
65235,0.29450685
52508,0.532365
67860,0.36219147
50531,0.7437607
32332,0.80165464
12323,0.6917696
112309,0.3621517
16747,0.5892071
57945,0.7898255
74899,0.46359003
5876,0.26873437
16680,0.48490724
48597,0.77665764
9722,0.2532726
94081,0.80791086
19650,0.7933174
82801,0.20994459
14361,0.28239208
81135,0.20243315
39298,0.7987928
116547,0.6140295
13173,0.6800664
58777,0.74770343
96029,0.44375145
44336,0.79696363
121551,0.7813309
113215,0.37767625
38481,0.72884774
85276,0.20185022
38532,0.69682795
98237,0.27465925
34186,0.80037135
41707,0.80259776
39825,0.4444969
64219,0.7144535
109624,0.21883611
78298,0.22745219
124053,0.6810303
60688,0.7815754
75470,0.19897081
16232,0.7527791
100342,0.49508154
2379,0.49562278
31668,0.3931908
116244,0.6884089
97519,0.784985
94529,0.63822764
60972,0.74460745
45147,0.28465375
117223,0.632391
88843,0.20276047
20116,0.20071383
32658,0.7886512
68348,0.461895
91849,0.24189575
107546,0.80911267
30567,0.7894059
124996,0.4296152
8520,0.33233243
35539,0.808773
92238,0.63644
93698,0.73947823
10344,0.4750141
97732,0.59587526
23997,0.7721327
55303,0.7929736
122400,0.43792936
84747,0.20074111
120261,0.7496342
56912,0.80066
10744,0.327151
7561,0.33199123
86579,0.20722508
106844,0.8092244
90563,0.21408589
84797,0.20106186
117479,0.48682
43013,0.80101717
26830,0.7883043
103216,0.37532464
84976,0.20186119
1543,0.29071313
107607,0.2749027
97910,0.2578586
65558,0.7434214
89446,0.20051964
9241,0.5406481
99327,0.39682195
60324,0.784186
89789,0.20217294
10633,0.45222807
69206,0.41798168
81943,0.20273417
19536,0.79996735
10791,0.6909895
10622,0.47646585
14400,0.80941623
1454,0.3934678
86095,0.20453312
121289,0.4155533
13347,0.39977774
27769,0.30117765
2231,0.7249909
35973,0.8090495
100255,0.33242947
61469,0.70225567
120115,0.5981571
103634,0.4302875
102482,0.27428564
64795,0.37821612
4682,0.794338
120555,0.53803533
3385,0.3078607
104809,0.4607249
53136,0.7966562
106560,0.3391391
116922,0.44012237
12395,0.4714091
94312,0.5172876
6805,0.75163925
76964,0.20091492
9208,0.7160313
9163,0.70587444
115981,0.7306626
86500,0.19697398
58259,0.8031131
118536,0.31075132
111120,0.31754518
87715,0.22927833
73948,0.4289421
53818,0.4601936
71420,0.3057192
51070,0.7387406
58021,0.7782769
37946,0.78961784
23898,0.704384
107190,0.8093602
47573,0.8069103
69802,0.3527909
65752,0.5225861
27815,0.5274095
55073,0.51830715
121098,0.63061076
71915,0.44230014
66037,0.61969763
121582,0.7813309
96043,0.5552017
96842,0.42572632
8298,0.44075057
15847,0.2976902
101932,0.648573
94668,0.2722864
61352,0.7936831
70677,0.37257585
76227,0.22914056
50190,0.39771682
79166,0.24469562
77115,0.19875629
85199,0.20042065
63532,0.7827006
112756,0.6575263
98231,0.27465925
1819,0.6805913
76019,0.21199924
106866,0.8092244
77737,0.22766323
75109,0.20090857
44648,0.80340356
25940,0.426145
42449,0.80821896
24342,0.4492274
57719,0.74773633
118948,0.75821793
56267,0.76165676
45820,0.7857537
14256,0.2564298
46480,0.8003926
41772,0.758394
63647,0.79654837
67885,0.29809082
6957,0.36717984
109864,0.24865137
103402,0.40733796
25704,0.67292094
123599,0.7104719
63435,0.41166565
87749,0.21219766
59421,0.73530895
16225,0.7527791
18088,0.7957616
2139,0.6048891
75451,0.20803784
10426,0.28566024
105501,0.4277019
70088,0.65980864
37236,0.80104226
21129,0.6545277
97935,0.66419625
92322,0.30231422
45622,0.8091743
97779,0.6732507
50556,0.5919738
27376,0.34539014
48809,0.8095503
47919,0.32961386
116914,0.40185001
101529,0.43135548
124764,0.7155806
98632,0.4818778
1968,0.3720502
49206,0.35897776
122308,0.69194704
41930,0.8029965
97281,0.32703808
97758,0.3254241
34714,0.7975801
60513,0.7484783
88976,0.20517023
73702,0.5682532
56933,0.80066
20196,0.40229848
85123,0.20753038
94808,0.2722864
73778,0.3421384
19800,0.53982675
91436,0.20064773
62787,0.55757856
10026,0.38085678
41638,0.43887758
91383,0.20529178
104532,0.5504046
108477,0.55533767
5864,0.52992576
94706,0.2722864
66312,0.665945
10317,0.5854402
115801,0.66398126
98001,0.7921526
11128,0.33182403
22130,0.8016232
45568,0.6578655
102791,0.64893264
85397,0.20579673
22444,0.8043312
40762,0.7961792
98901,0.34245396
58527,0.7613611
39779,0.80822676
71642,0.4078919
85481,0.19703627
1924,0.77547044
111297,0.3402755
111977,0.543047
120769,0.3851377
123642,0.6657527
68592,0.5311006
92805,0.5677436
61178,0.7481467
34807,0.36351988
111605,0.58915085
91222,0.2082999
80314,0.20360786
65197,0.7819981
7581,0.6080595
117852,0.40276062
85684,0.22926429
55471,0.79278755
107463,0.3491878
97801,0.27549356
31733,0.8021974
29142,0.78086734
40306,0.79750144
22209,0.8016232
14924,0.687995
92574,0.25397834
112098,0.31549242
71002,0.80076194
95361,0.32566246
8480,0.31154573
51073,0.35145676
22,0.6677823
31517,0.8015809
61938,0.7477105
112635,0.37447432
97617,0.38706043
112138,0.6095916
28811,0.7641904
89560,0.20664656
37361,0.8007448
25163,0.8093588
103621,0.40443385
4414,0.7134107
100208,0.6385274
61122,0.79203284
41917,0.8029965
35046,0.8005567
103764,0.43162102
70435,0.41729882
55026,0.6433757
21449,0.8011279
17447,0.7994779
10536,0.3101121
64590,0.7024645
70646,0.42105544
25184,0.8093588
77175,0.19797267
45623,0.8091743
36625,0.5168713
57948,0.7898255
5446,0.42075005
46257,0.809229
86232,0.23197922
28957,0.66604555
64943,0.3161161
8714,0.4513854
93691,0.6278663
124049,0.6810303
28234,0.28790075
21018,0.444939
108156,0.8087252
83229,0.19941431
73375,0.40676153
38881,0.8010264
80489,0.21752651
9299,0.39124036
119095,0.67728573
15331,0.6049346
105794,0.3743411
4455,0.52526236
67437,0.60297436
100107,0.5676
73348,0.3846128
84736,0.20183973
23762,0.4975426
60430,0.73530895
30813,0.8081197
58776,0.74770343
91245,0.21369584
47480,0.8069103
80147,0.20723107
30240,0.7746149
34437,0.7986151
111906,0.6215586
95828,0.26242602
59276,0.77354735
2462,0.37217277
98089,0.2699063
68333,0.62897044
42805,0.70202786
98565,0.5329329
115494,0.5753199
86169,0.19613123
113224,0.66687274
67524,0.6094129
15058,0.69044054
13819,0.5302066
63184,0.76388085
1637,0.44287738
67868,0.4272676
16521,0.5246465
36688,0.8016797
98129,0.62936187
90445,0.23121877
62687,0.63811076
97719,0.3054161
14585,0.80941623
119673,0.6702397
34803,0.77675444
21994,0.65774286
37492,0.8017056
82564,0.20310645
119909,0.5271458
37052,0.8010573
111247,0.40038347
55953,0.7984359
39448,0.7991268
124128,0.48947185
74542,0.808755
8799,0.29858634
47778,0.79488033
91487,0.20774062
106469,0.66245896
110618,0.21797282
65906,0.5199425
23002,0.809851
64062,0.66946083
103536,0.3496329
118315,0.35279936
112838,0.6650176
73461,0.40869683
67319,0.3099758
74888,0.47777635
80699,0.20566131
78611,0.20909986
87453,0.22430784
122204,0.7607873
94422,0.4897463
47296,0.35443473
121627,0.33700958
72854,0.37007722
63234,0.561909
104338,0.5959371
65823,0.5792162
97137,0.34406123
120197,0.74130756
71755,0.28223163
12261,0.43399006
104284,0.6470826
34659,0.7975801
10146,0.27657762
52264,0.7647062
111380,0.33506647
81995,0.20905428
48404,0.8092743
18784,0.80584764
2777,0.30183446
111140,0.39005083
79080,0.1999895
114327,0.7181765
15195,0.3440749
81913,0.24639608
51150,0.3605672
19075,0.6662114
46980,0.7686596
56118,0.78675014
326,0.39050546
33014,0.22361958
67857,0.36219147
62481,0.5801427
68035,0.44592693
27772,0.30117765
55564,0.5601265
53923,0.6877611
2769,0.47631288
95217,0.277652
124521,0.763824
57442,0.7369569
45252,0.6324585
6512,0.25575507
84493,0.20234638
118146,0.32557595
45576,0.48998964
111043,0.30276296
8776,0.35414305
30666,0.8081197
110943,0.33680484
77270,0.20408006
22541,0.20075087
21938,0.21145965
93306,0.5197993
73454,0.39779815
39212,0.4567941
115968,0.54692155
68607,0.48857158
6789,0.6720341
75364,0.2005766
116271,0.49347413
81309,0.20778541
96281,0.5335318
103832,0.8084247
89480,0.20904508
114839,0.45683655
58188,0.8031131
59265,0.54806066
70965,0.2509327
66747,0.43911862
97822,0.5044043
33030,0.22361958
22058,0.7943738
18460,0.5774081
117267,0.6276476
124405,0.5623153
28372,0.6107733
70262,0.42677495
39693,0.80761963
94088,0.72389585
66815,0.35528377
117641,0.7375725
119305,0.74884
43521,0.7859185
48213,0.8023793
91429,0.20989525
54712,0.76251364
43219,0.78750926
60630,0.69860756
76719,0.2002981
60659,0.49792877
30103,0.21384397
113034,0.32217428
36787,0.7969342
120632,0.782627
115119,0.7315291
7633,0.31410939
63879,0.7378039
40866,0.7978385
43227,0.70703876
70333,0.5296236
2786,0.29630098
50906,0.28838027
65981,0.3802399
49337,0.69845176
79007,0.20903969
57578,0.74835086
26471,0.4238142
103617,0.3646217
61079,0.7937088
65998,0.6285545
66853,0.41780207
120100,0.67921257
43081,0.58891857
48842,0.8095503
60273,0.78768957
73453,0.48651373
97475,0.79937947
8017,0.30429858
35970,0.8090495
52465,0.33487394
43634,0.78964967
29727,0.76693225
57879,0.7966211
122529,0.6903928
79242,0.21270964
17626,0.44877404
42179,0.7994585
95691,0.46527183
76112,0.19572598
116495,0.6953997
23909,0.704384
34069,0.26794726
32960,0.22365966
88903,0.23262969
50990,0.5361932
10850,0.33954403
59462,0.67041934
59158,0.78166604
80420,0.21072021
73031,0.7951123
98852,0.31574827
32353,0.80165464
22366,0.8029905
118645,0.6716128
6931,0.32766658
89346,0.19811073
37773,0.80785656
68098,0.68541145
120400,0.45900166
92544,0.50412637
119885,0.34758288
96764,0.32023153
59532,0.7987054
4736,0.794338
5870,0.28334817
70811,0.3475415
111509,0.6154058
59740,0.6224438
22254,0.79362744
115600,0.6995022
92658,0.5420139
67679,0.33563477
83769,0.20487508
118238,0.63224655
43640,0.78964967
50182,0.35342956
103676,0.52984303
33816,0.7854293
115178,0.6073125
28534,0.2503247
73907,0.37650153
35145,0.8005567
2736,0.24041262
39330,0.4609179
80321,0.21383534
12329,0.4315798
88032,0.20966282
32721,0.79908246
65564,0.7063259
103263,0.42394027
21257,0.20274138
73695,0.34177053
101511,0.40103662
116457,0.6191174
50514,0.7516244
7057,0.4861854
106114,0.8035616
4116,0.77397823
31577,0.8016057
52651,0.74990463
38296,0.80112976
117938,0.38771966
112424,0.6917891
30471,0.809041
36700,0.7969342
84150,0.21796545
19386,0.6191927
108431,0.45113355
97117,0.55762696
123210,0.7864152
25642,0.21429974
50860,0.71803325
43012,0.80101717
123450,0.6247364
121277,0.40506938
87884,0.2255759
56285,0.7920922
115483,0.6082876
17030,0.5809622
90792,0.20093733
3305,0.611136
90053,0.21863613
86278,0.20306738
82985,0.22184375
693,0.80694073
57592,0.76587456
42357,0.41812003
76659,0.19836771
22277,0.79362744
96631,0.60504115
89788,0.20217294
40042,0.7286977
98916,0.34245396
46206,0.809229
35519,0.808773
33114,0.72068393
67397,0.35682303
13456,0.3122077
72548,0.586044
99028,0.58330923
91609,0.20767932
101520,0.34548482
20560,0.79885834
67786,0.30676827
27321,0.59454685
9705,0.26381874
22913,0.7684371
50226,0.7302842
50309,0.43399394
11770,0.2721893
99490,0.3130727
74470,0.4576677
23812,0.5175405
41946,0.7438072
32963,0.22365966
34330,0.28527045
88704,0.22060324
44466,0.8091743
22126,0.8016232
89034,0.20195699
75152,0.20516698
104056,0.62708324
15743,0.26041776
271,0.32569543
9836,0.34194282
100884,0.79515296
93549,0.30852506
77773,0.24358965
18948,0.20045832
31038,0.78683996
11056,0.385371
117134,0.5006877
87621,0.2302589
26431,0.73209584
32671,0.3583835
118194,0.57882035
62891,0.39324206
77804,0.19841981
118517,0.39184228
30964,0.80841833
72547,0.586044
28176,0.41940212
122458,0.70168334
32672,0.50764036
40144,0.51475966
108494,0.5078639
71421,0.32523832
5702,0.3018039
96046,0.5064985
70009,0.7592301
50638,0.6987621
67975,0.395919
1992,0.6959636
51856,0.771103
118166,0.32525083
111160,0.3205837
60098,0.7628141
49463,0.7346615
8269,0.6501924
92559,0.56052595
62340,0.79593754
102943,0.49870196
72103,0.3250729
81340,0.21498138
200,0.8044831
43978,0.79777825
80171,0.20747374
45123,0.8064426
82294,0.21145676
6740,0.41416013
12651,0.59537894
40803,0.79639655
56816,0.5212206
22621,0.74531394
53935,0.3180332
55501,0.7984359
19118,0.5605845
80,0.406939
62422,0.794977
96255,0.5302453
101384,0.58298206
45052,0.8064426
8186,0.51142997
47346,0.80246544
76578,0.2085393
15879,0.72757715
114543,0.63705605
43778,0.34622484
25941,0.426145
61329,0.27135527
57507,0.7812169
95327,0.30607146
74690,0.42684174
13632,0.6499546
69152,0.6777976
107071,0.8093602
90429,0.20283535
88930,0.199611
49273,0.6849451
86752,0.23438235
109784,0.3469218
109351,0.22118765
26622,0.5303226
111413,0.31555817
62083,0.7922315
55948,0.7984359
111345,0.32590142
1812,0.43112385
20887,0.7466582
105094,0.33661315
91921,0.21049573
7853,0.54390734
64332,0.73879033
112662,0.43993157
45194,0.3181533
122351,0.48830527
100906,0.6965554
14388,0.80941623
46838,0.47663856
56433,0.76278096
36630,0.8090495
117640,0.7375725
7675,0.6753279
74924,0.7249541
8209,0.73211986
9775,0.54583234
61599,0.71231806
73664,0.43006274
81147,0.20360786
19291,0.6294256
120847,0.6972297
8940,0.3848642
12044,0.8030439
68447,0.5684731
47063,0.3388353
69271,0.50935936
80198,0.19983833
82924,0.20289145
106493,0.42138827
33887,0.26828077
6430,0.42835125
2910,0.3026714
113791,0.55355847
3105,0.31536475
39412,0.80112976
33858,0.3551955
22423,0.8043312
100702,0.42237374
86225,0.2035817
18000,0.65315217
78035,0.19525215
47729,0.38098443
41243,0.80259776
70082,0.3192685
75511,0.2230298
28157,0.69858193
31456,0.33536264
11425,0.67283374
30751,0.8081197
45559,0.3421085
26777,0.7883043
9996,0.70172787
102831,0.31383973
117273,0.6276476
90648,0.20220451
72604,0.6331807
120947,0.73427373
118681,0.49340075
66370,0.6387025
82981,0.22677782
13101,0.808339
20174,0.49620032
118756,0.506676
7930,0.35103172
78188,0.2101736
13249,0.55683255
96594,0.5626793
105044,0.30590895
70240,0.6082668
52674,0.31134886
44751,0.7948132
1097,0.7153869
53900,0.43445346
38678,0.8082987
70961,0.79600143
5347,0.779835
19155,0.8007238
73596,0.39779815
49951,0.32937068
8496,0.4449158
37638,0.80793554
63916,0.67316854
121088,0.5596508
79353,0.19717546
62982,0.5365084
111152,0.33408248
123499,0.7672387
26776,0.7883043
36248,0.8007448
51910,0.74442554
57673,0.80151975
36927,0.7335577
93484,0.35740355
32849,0.7898537
473,0.26022854
56853,0.42504215
118411,0.67146665
99220,0.43047953
83384,0.19832973
59625,0.7097164
67543,0.5854587
22926,0.8096462
97050,0.7211847
58159,0.634378
1436,0.6780375
113862,0.40159625
5399,0.7311433
34342,0.28527045
26288,0.6491112
124486,0.763824
25418,0.7994737
63053,0.77861786
38763,0.7895183
48097,0.30433604
91974,0.24058448
89973,0.21614684
86196,0.21465681
68718,0.63770074
118476,0.4808386
22618,0.5042494
20497,0.6389346
68407,0.54958856
13966,0.24953407
74720,0.51766884
106889,0.8092244
23939,0.70884967
48099,0.3693696
94556,0.33713728
123102,0.7615474
114431,0.7255402
34041,0.26895666
28920,0.76378036
60320,0.784186
97670,0.679926
62578,0.73213327
43396,0.8037478
50798,0.46343157
81462,0.2123183
31240,0.7881359
63988,0.50054705
95470,0.3928328
73101,0.3852922
42899,0.80101717
109882,0.2271663
98023,0.7921526
103399,0.40733796
43289,0.8037478
5278,0.79733104
11129,0.33182403
64059,0.66946083
37030,0.8010573
75748,0.19938312
124733,0.60552746
113156,0.7127164
32708,0.79657096
86375,0.20715341
43129,0.75328314
44062,0.7863542
23782,0.5996879
31601,0.8017898
19258,0.7336318
108555,0.55545413
72154,0.44423455
23485,0.44874224
44828,0.78586066
78333,0.2139937
62046,0.7922315
11777,0.3857384
53922,0.4088761
12315,0.3383729
1424,0.39721292
90458,0.24931008
36366,0.8082987
112603,0.704684
97988,0.26195726
76410,0.20349011
115503,0.5688068
20607,0.79924935
86699,0.23173311
114430,0.7255402
77686,0.21421255
59667,0.7987054
55484,0.7389595
72160,0.2914571
12542,0.3712491
97279,0.32703808
78207,0.209911
73871,0.4185375
33978,0.7999786
61918,0.7477105
90113,0.20559
14966,0.28266072
63175,0.78821516
88910,0.2293971
57340,0.49187112
96020,0.5234794
116046,0.73417056
71648,0.5772429
20347,0.79936427
15599,0.809004
6274,0.272558
91069,0.22697015
66044,0.70674163
53918,0.6877611
109086,0.28237396
108962,0.23802328
45939,0.8042443
17927,0.7994667
85907,0.20704286
14334,0.7919362
90027,0.21688628
103515,0.53941363
31409,0.78683996
6398,0.67008054
77290,0.20408006
24464,0.20071383
29639,0.4959449
1452,0.3934678
3484,0.5417868
28412,0.2909377
82213,0.21683165
68692,0.57304
580,0.3619551
81130,0.21223599
14124,0.8078827
101317,0.2642398
14140,0.8078827
10778,0.39317504
105590,0.4322589
107156,0.8093602
67160,0.76806396
51004,0.33449385
45059,0.7392682
34474,0.77147335
22371,0.52753603
42459,0.80821896
124977,0.6385976
109862,0.28519478
109178,0.23771681
7016,0.5328916
6344,0.44854248
25089,0.8093588
62875,0.37314537
100336,0.33027163
72790,0.6640512
67023,0.30490565
100448,0.33604878
51041,0.38078567
31686,0.61216474
118872,0.7243865
14727,0.80941623
102305,0.27428564
92192,0.4553324
18926,0.20049535
51071,0.57502264
119636,0.6325124
37370,0.8007448
112694,0.5086798
109578,0.23168014
13034,0.5761102
96082,0.43229756
107675,0.5203649
67490,0.42077553
58564,0.7203225
104709,0.39629486
38387,0.80112976
14275,0.25201714
528,0.37843663
50658,0.37085748
120682,0.66958296
21594,0.792719
62568,0.46402246
92825,0.45424527
25754,0.7639215
98019,0.7921526
93750,0.75042945
10168,0.54583234
70494,0.679852
124502,0.763824
92856,0.4828893
105636,0.4401401
4002,0.49558648
46755,0.33105132
1646,0.73268026
97417,0.79530317
21788,0.47823372
16440,0.41524276
78289,0.21736024
17522,0.4311119
62057,0.64867663
104744,0.72719634
61579,0.7510643
118810,0.33164853
106518,0.39153022
33748,0.30470094
1803,0.43112385
4225,0.8040453
85464,0.2001616
70225,0.4698362
36907,0.8023691
17313,0.41091582
69863,0.65662295
39726,0.7884002
59437,0.7956951
18523,0.50573677
8215,0.73211986
30494,0.809041
92546,0.39373302
62049,0.7922315
92399,0.33492783
22604,0.20071383
72722,0.49803367
121213,0.6252821
23871,0.40813807
114194,0.32547867
73924,0.5798758
117653,0.69506204
69818,0.70087564
117697,0.525513
48086,0.28232318
73760,0.62649554
26341,0.62386125
7435,0.5188438
31178,0.55412304
16816,0.674459
12246,0.6811953
30923,0.6330488
121401,0.6083467
83162,0.20182905
67676,0.7091516
90946,0.23362201
10347,0.3413853
43633,0.78964967
21999,0.40948346
91145,0.22980256
54369,0.7830419
100002,0.4628791
22133,0.8016232
71576,0.48327553
47353,0.80246544
113611,0.33930188
97446,0.784985
12531,0.51054657
65188,0.37394646
44664,0.7422329
79454,0.2082491
96033,0.33543885
124269,0.519971
7441,0.34654945
11179,0.38713306
67106,0.35526556
17482,0.7994779
36678,0.8016797
40936,0.80793554
102095,0.5769148
21933,0.6007642
74361,0.4732084
4215,0.5199338
94773,0.2722864
63324,0.7881315
117827,0.61057043
36169,0.8016797
110541,0.25452602
26,0.568572
20889,0.7466582
8772,0.56859064
23784,0.5996879
110710,0.24533899
78002,0.2007601
106419,0.4060452
8251,0.41818488
9621,0.7616439
73250,0.6360098
116381,0.755351
79381,0.2316492
120974,0.75649893
79946,0.20068139
4298,0.8040453
124308,0.7733903
62081,0.7922315
96336,0.49772787
16640,0.7343416
23656,0.80976826
16214,0.6834459
28511,0.5927415
81125,0.21173218
91996,0.23466213
110087,0.29243118
2816,0.3510131
102652,0.37908417
121044,0.6584491
106862,0.8092244
1285,0.80455685
51453,0.74556047
122037,0.7224127
53267,0.7723164
94337,0.5787641
60571,0.74460745
535,0.70874083
26363,0.37759608
55110,0.75057685
44531,0.80340356
64135,0.48776194
39977,0.79508096
16179,0.24923043
95022,0.76153153
83473,0.20994459
69147,0.4544399
83044,0.20654523
97931,0.66419625
78102,0.19415936
120728,0.35842872
119697,0.71435016
105610,0.2897993
118594,0.6031672
45033,0.8005152
31987,0.53520197
18054,0.7957616
32261,0.5165774
81222,0.20513666
30053,0.33210707
50340,0.42413515
44704,0.25168905
110845,0.25656602
105811,0.30552152
27194,0.48312017
94430,0.4154182
71501,0.51048523
16678,0.62087494
23407,0.6683011
73033,0.7951123
384,0.3687563
81386,0.21156786
49015,0.7939288
6535,0.26014683
77362,0.24738361
90644,0.2536299
25910,0.43971345
93503,0.53132594
79159,0.24469562
10610,0.26455086
29710,0.22941694
94431,0.6124458
96756,0.7304849
66869,0.3683634
64646,0.69725126
105273,0.35263932
79238,0.22643742
63594,0.79825
122471,0.6573875
62824,0.7829812
25740,0.40440896
71787,0.38599163
68242,0.48732263
74489,0.3979331
13719,0.29303318
118809,0.33164853
70525,0.6168743
56391,0.8019837
89916,0.20950197
4396,0.8019783
37498,0.8017056
45610,0.8091743
95897,0.29875332
40920,0.7978385
49646,0.71660054
57922,0.7966211
61169,0.7937088
59664,0.7097164
68677,0.5700152
74731,0.32919064
82386,0.19925098
51123,0.3465205
96458,0.5809385
84085,0.19925098
72926,0.5871466
87912,0.20166975
53941,0.3180332
16304,0.6811086
13670,0.5133092
68040,0.5575051
102527,0.36136702
75003,0.2145112
75061,0.20675126
18281,0.7957616
102760,0.52691144
91536,0.20336875
97890,0.25200337
10895,0.3282867
15189,0.3440749
120680,0.66958296
103595,0.60445565
11792,0.51049256
101441,0.5532886
23435,0.21093589
37106,0.80104226
63210,0.76388085
30421,0.809041
2277,0.67341036
16743,0.5892071
1720,0.6557732
2906,0.3026714
34290,0.57578516
29712,0.22941694
82887,0.21849662
56565,0.75686413
46358,0.80858403
121445,0.45731762
24832,0.5924081
112551,0.28855953
14975,0.46970662
614,0.80694073
97322,0.79937947
123570,0.57609624
65485,0.5247442
27531,0.26070908
7694,0.31188408
77611,0.19816259
12921,0.37268323
8818,0.5586465
123476,0.7672387
64986,0.77756476
116357,0.5672632
104802,0.65224624
104973,0.63663566
99004,0.4866638
29103,0.79212976
41618,0.30456722
122783,0.46016735
8791,0.29858634
88818,0.240712
20949,0.63122964
116995,0.66125226
29729,0.76693225
48108,0.79541266
1341,0.64332616
22811,0.44396806
107833,0.38103855
6387,0.40979058
67516,0.57418203
103488,0.44379205
76184,0.20650804
117508,0.34477305
4074,0.7679637
12086,0.37095466
103400,0.40733796
93033,0.8126727
44723,0.2976348
103017,0.46534815
122658,0.5250603
48947,0.5353645
56328,0.7920922
72204,0.68494874
77888,0.21148154
7990,0.34031263
107052,0.7176298
19589,0.74325883
59323,0.77354735
94086,0.80791086
17407,0.28202146
63894,0.77024406
14330,0.7919362
124619,0.7769989
97111,0.3345645
113303,0.24610728
57529,0.75117874
118275,0.5331781
36975,0.79122895
82054,0.20394148
35743,0.80895203
64141,0.6700141
79745,0.19947034
17361,0.3026353
116627,0.5312474
76392,0.19832528
93052,0.5837954
98858,0.54081625
67713,0.29450032
87780,0.2170297
87727,0.22576071
54469,0.38195005
95134,0.6863963
115191,0.7117862
81518,0.19772753
57688,0.65487283
61607,0.47460687
67504,0.38272038
108377,0.65772164
104192,0.5300396
105893,0.6979583
49474,0.7346615
86663,0.22076328
110325,0.31367257
82925,0.20289145
52976,0.7928239
93202,0.4585509
24933,0.7546844
64334,0.73879033
112150,0.34034988
110273,0.2830416
28394,0.38866583
53407,0.7852096
106679,0.51230997
35216,0.6922601
48357,0.355779
45225,0.65232366
71070,0.6799529
21342,0.7943738
30093,0.21443215
78510,0.2105054
53811,0.7202177
116231,0.72511554
96637,0.66625017
42844,0.28598517
27538,0.48961625
100181,0.43756598
100574,0.30239818
83407,0.19877106
29737,0.43545827
34110,0.33111638
43566,0.76983833
58837,0.7666476
90043,0.21863613
112591,0.5105125
35271,0.8075424
9937,0.24505883
114622,0.72528714
52221,0.7431494
94503,0.409143
113618,0.3768017
68608,0.4629521
107555,0.80911267
84546,0.1984785
91669,0.20326221
52549,0.5459793
98159,0.7950035
107043,0.8093602
64126,0.42032623
51993,0.3212965
83517,0.19816239
38350,0.80112976
74350,0.34484085
14957,0.71877813
102614,0.38848054
35435,0.8012454
23669,0.80976826
63353,0.3957609
9862,0.6617752
101334,0.25609553
105153,0.66737103
89353,0.19811073
15068,0.7094574
121483,0.7442338
9417,0.5323531
36536,0.80900925
3261,0.7661638
79538,0.1971118
13397,0.35138834
8082,0.486035
22084,0.8016232
83626,0.22755429
18588,0.44276583
26095,0.7476086
75558,0.20330419
120775,0.5536235
13145,0.4843494
35406,0.7934679
72426,0.686026
40455,0.7986321
110952,0.2986512
47949,0.8076063
49941,0.33745414
94258,0.8091231
118210,0.3164384
24899,0.20075087
13012,0.5327843
124171,0.7725501
67330,0.3657408
8795,0.29858634
42756,0.78493726
12904,0.45501927
65570,0.49007952
102298,0.29567185
59716,0.76514494
20867,0.27254647
103765,0.43162102
64230,0.6595577
18633,0.48325127
39650,0.57169324
4949,0.79814386
37128,0.80104226
28136,0.69858193
7110,0.50500226
61668,0.3855114
18433,0.57517177
36151,0.8012454
52875,0.53624624
101944,0.5397135
122712,0.38363415
62455,0.794977
50863,0.71803325
95228,0.5833258
7939,0.61260855
85641,0.20339756
21339,0.70808136
44242,0.79679835
83512,0.19816239
37722,0.79371494
85336,0.21233091
15631,0.809004
64821,0.70217687
118028,0.32998794
38315,0.6977438
50836,0.3179379
73687,0.6314512
30288,0.7310991
110694,0.24184655
21455,0.8011279
81219,0.21072021
80219,0.2562712
90762,0.20093733
85009,0.21525319
35099,0.8005567
70215,0.31032106
31765,0.8023811
69945,0.46606225
105933,0.80888706
119746,0.65793425
43478,0.71428555
35733,0.80895203
68661,0.6428121
61279,0.77854604
84847,0.20293584
95712,0.47557336
82227,0.20124562
67525,0.6094129
109985,0.22820163
103068,0.6228219
105778,0.5747241
34490,0.5107937
118437,0.7312511
34858,0.7976452
53906,0.42245355
404,0.42951876
26375,0.50937593
43474,0.7859185
21089,0.33193812
69033,0.65662295
84515,0.22305956
53724,0.4601936
105224,0.34173068
118579,0.28900257
121824,0.7402261
80594,0.24557942
116760,0.70977193
41984,0.72329545
61092,0.79203284
65405,0.6576689
54807,0.7823451
96464,0.3898956
103838,0.8084247
19841,0.7098651
70076,0.3192685
73103,0.53052944
113343,0.21512926
9772,0.4299976
123853,0.6783156
21090,0.33193812
124904,0.7866228
36512,0.8088441
117242,0.68772316
89782,0.20217294
86032,0.21146704
25540,0.76504135
113880,0.46010578
72250,0.3316505
27915,0.6778204
19964,0.45165786
80711,0.19967027
72715,0.58724904
29372,0.5312414
37275,0.80104226
40843,0.7978385
110427,0.24629878
6554,0.34405962
91290,0.20081039
48423,0.8092743
33572,0.30256367
115899,0.39431557
26514,0.71336883
37344,0.8007448
65678,0.80067235
57800,0.7401102
72791,0.6640512
118345,0.32171944
6624,0.7561842
108098,0.38901943
105302,0.47242144
68633,0.5659363
64929,0.6574956
56677,0.7978308
90077,0.21742167
99973,0.28338164
57194,0.73244107
55137,0.6429321
120559,0.5850511
85178,0.22789112
91026,0.20515905
62329,0.7841183
14743,0.7420546
49176,0.7136791
117163,0.59804505
72419,0.42611054
117725,0.43975565
84935,0.20027447
25902,0.48871374
62271,0.79593754
39149,0.79608226
92228,0.604641
49945,0.3223178
65402,0.6430918
22285,0.53284436
108201,0.8087252
107875,0.45402762
116739,0.7136128
20661,0.8005739
5373,0.8019783
64340,0.73879033
37111,0.80104226
7551,0.37459645
88005,0.22794211
10282,0.49935418
709,0.80694073
102806,0.6101197
112567,0.5059827
53224,0.7723164
60135,0.78043467
83334,0.19832973
107012,0.8093602
18469,0.6879443
47546,0.8069103
30566,0.7894059
15573,0.809004
30028,0.7881359
4587,0.7874184
69760,0.79571474
11022,0.24941759
21539,0.8011279
66770,0.36700916
88745,0.20051925
78080,0.19415936
56688,0.7978308
121267,0.68822604
32907,0.7729151
66436,0.49003837
62975,0.6446192
29314,0.6533876
11565,0.2607183
72617,0.686026
82140,0.20544414
28880,0.761436
96293,0.4206264
79261,0.2422534
37625,0.80793554
78782,0.23299463
75840,0.21658066
60980,0.74460745
33287,0.40582818
111454,0.36406136
60050,0.7085442
991,0.80024505
93012,0.5837954
124285,0.769291
14462,0.80941623
50477,0.7258097
765,0.7117173
124193,0.7725501
20612,0.79924935
55032,0.47008023
31166,0.52644426
122232,0.66426355
103882,0.7290424
95089,0.42303845
34332,0.5436213
27322,0.36128923
4909,0.79814386
65437,0.25274733
27411,0.47629377
65353,0.80067235
85434,0.20845199
34247,0.79918724
111642,0.57917607
95971,0.29286277
15209,0.3096513
100503,0.30239818
35764,0.80895203
15988,0.2919725
115906,0.5611492
71254,0.4103684
63887,0.5510232
27229,0.31812003
122805,0.7864152
52966,0.3934848
116230,0.72511554
61111,0.79203284
45526,0.46164066
21320,0.24882478
45850,0.8042443
46996,0.76172155
120673,0.66958296
42062,0.7973143
15661,0.25424656
77992,0.19939539
23004,0.809851
96554,0.30107316
45633,0.8091743
8230,0.27140877
103283,0.38071808
2213,0.7249909
99355,0.2557086
35776,0.80895203
11211,0.706752
54069,0.37220013
53212,0.7723164
115891,0.4707904
37306,0.8007448
647,0.80694073
91275,0.20381333
48304,0.64534944
26353,0.42359945
54270,0.6888832
4830,0.78095263
99881,0.6652454
58718,0.76446116
5288,0.79733104
114861,0.5640474
4233,0.8040453
47526,0.8069103
54043,0.401158
2578,0.415184
65214,0.76518965
56879,0.80066
10429,0.6118642
38080,0.72801304
54593,0.44822863
112886,0.66687274
43266,0.79269826
116912,0.40185001
20742,0.5258378
57415,0.6388644
12024,0.25181505
10774,0.56478035
15062,0.30736443
5959,0.24176691
22764,0.40676835
103099,0.33990514
121003,0.5706515
4591,0.7874184
102571,0.6440918
107717,0.48354983
109600,0.28912446
70397,0.70307
17501,0.3404268
51930,0.7647062
114316,0.71527505
39657,0.46058202
57248,0.7994125
81661,0.20349039
9851,0.6424686
25570,0.28040713
33865,0.35721925
29786,0.61243886
47099,0.80858403
59994,0.30427155
124783,0.77363646
50059,0.30670848
43534,0.662722
3769,0.3807396
14990,0.69391036
43817,0.63932997
77503,0.20308563
115881,0.5966318
29121,0.79212976
65497,0.7487239
81689,0.23587862
32615,0.7886512
37272,0.80104226
72822,0.5301069
122333,0.7132312
1108,0.8041842
70270,0.567854
49311,0.6948511
61602,0.71231806
104654,0.4394125
98557,0.41320303
54938,0.7817709
114845,0.4394649
85842,0.21394838
21415,0.8016232
81057,0.2194494
10313,0.4565862
3542,0.5294678
107801,0.5399556
91220,0.20806722
44263,0.79679835
96204,0.38773915
125121,0.7635611
21906,0.78863424
121759,0.5811368
58976,0.77882355
8365,0.3618806
64145,0.41234192
36362,0.8082987
28971,0.41170153
77071,0.19924794
4136,0.77766496
4059,0.43938613
49034,0.7939288
85477,0.19703627
88641,0.21995951
28053,0.30595708
115820,0.6128265
48319,0.32910725
1132,0.8041842
124735,0.3223178
76416,0.20349011
78053,0.19875629
91782,0.21049573
33977,0.7999786
39214,0.3545282
32774,0.761678
73893,0.46121576
101173,0.3262449
36916,0.67127645
66937,0.35933313
70360,0.78289264
8377,0.3618806
27157,0.71769273
41714,0.5381794
62213,0.79593754
27003,0.6974201
99316,0.35521528
76653,0.20762643
92929,0.8126727
54632,0.76251364
34546,0.79532456
114429,0.7255402
38234,0.80112976
57947,0.7898255
50362,0.5748647
10072,0.438717
36752,0.7969342
14234,0.31493288
45265,0.48102966
26761,0.7883043
107575,0.80911267
84104,0.20116654
45637,0.8091743
93137,0.812537
71574,0.3450316
2464,0.648447
367,0.7700013
76867,0.21089765
30218,0.7746149
47352,0.80246544
32583,0.7886512
115369,0.5053577
75253,0.20067476
58525,0.7613611
45210,0.34903118
26178,0.4130751
103810,0.8084247
26428,0.73209584
100626,0.6447532
112302,0.5238777
72933,0.7951123
74185,0.33116645
118711,0.68884844
14419,0.80941623
56812,0.40345976
104468,0.3809279
107223,0.8093602
101530,0.48285827
101733,0.7902093
109596,0.24469756
99902,0.67356896
14394,0.80941623
2428,0.3680178
4660,0.794338
44331,0.79696363
29545,0.65656364
40798,0.79639655
54952,0.7817709
82001,0.22303413
7623,0.31410939
10397,0.726329
87399,0.2040791
2668,0.35623658
6008,0.25280723
73563,0.3772526
71709,0.52995706
14379,0.80941623
23279,0.79667634
4378,0.8019783
17035,0.3639428
71896,0.47381496
28462,0.2631082
108334,0.6240997
45707,0.62175816
70299,0.5641004
34387,0.7509981
86189,0.20804606
107117,0.8093602
22316,0.79362744
13122,0.808339
63901,0.67316854
29165,0.36462575
105375,0.8074962
121831,0.7066059
95634,0.41920528
20461,0.47478965
102331,0.3224167
45803,0.7857537
28007,0.4478046
69234,0.4650324
39261,0.7960421
66125,0.26183897
30898,0.7644325
16706,0.36227468
93292,0.35644358
49385,0.74975014
47317,0.6275363
102752,0.32302415
60519,0.7484783
109598,0.24469756
26582,0.60900706
15960,0.38514027
75033,0.21949024
10881,0.6906061
26664,0.7796605
43256,0.79269826
55570,0.43575147
38007,0.8088441
14872,0.27648756
122126,0.55923325
100111,0.3659716
106580,0.31696957
109072,0.23381363
110505,0.29779705
76884,0.22108036
103512,0.38639128
87800,0.2064761
24585,0.20071383
110126,0.24867289
97843,0.23961543
87722,0.22576071
28980,0.38025418
73850,0.28696546
65404,0.34781572
18589,0.44276583
34024,0.48761207
76289,0.20513181
71589,0.36119658
64451,0.80919904
53525,0.7201066
96969,0.57627845
2307,0.72548056
30934,0.35182002
107797,0.5399556
84358,0.20345291
27277,0.34539014
54848,0.7622927
76927,0.2013529
68668,0.43932852
40016,0.79508096
78133,0.19666083
97151,0.5923291
118795,0.33164853
47432,0.45787725
40940,0.80793554
91885,0.21049573
93948,0.75654495
17759,0.65382737
118455,0.7079675
1554,0.4000507
18946,0.20045832
56855,0.4793622
27449,0.42694727
17929,0.7994667
67811,0.5928452
109500,0.2683592
22797,0.6808601
26105,0.7476086
98364,0.35692817
34266,0.3601395
53916,0.6877611
47825,0.80128556
96190,0.6236836
78184,0.2101736
97205,0.55277723
125139,0.7423111
120484,0.5271458
66828,0.39679176
54967,0.45377913
42123,0.80231726
77225,0.20125021
83436,0.19877106
45694,0.79727644
105672,0.4636875
65763,0.5721209
72990,0.7951123
108310,0.6437519
24605,0.20071383
117612,0.5363538
75537,0.22406624
103500,0.4186013
13521,0.7540797
31655,0.77818394
103205,0.37715018
52160,0.5356521
34948,0.7975846
106305,0.81097645
76816,0.19780102
119959,0.35792756
64448,0.80919904
111838,0.46790457
72918,0.5893573
33524,0.32540664
51689,0.2793746
47841,0.75606763
117657,0.69506204
98406,0.29715666
73967,0.32579324
19740,0.49620032
112999,0.53454924
107609,0.5539191
43649,0.78964967
27477,0.5892089
88414,0.19407003
17742,0.74632704
62921,0.47785223
4,0.74975014
83423,0.19877106
24274,0.58910954
51946,0.74442554
42583,0.80821896
94429,0.4154182
76925,0.2013529
42701,0.8002086
74560,0.808755
55585,0.35575494
53418,0.7852096
38896,0.8010264
26999,0.6974201
42072,0.7973143
121568,0.6098966
18153,0.7957616
2819,0.3105094
50007,0.6107746
123015,0.43119687
64918,0.7638159
100585,0.30239818
81890,0.21442918
91333,0.20274015
11525,0.27287087
87788,0.22391164
6754,0.62725663
97745,0.55038446
49006,0.7939288
78988,0.19886276
48267,0.281965
118988,0.46828362
47435,0.6326939
100367,0.33027163
51251,0.32734743
82554,0.19792199
118566,0.28900257
11243,0.4028797
27681,0.28888062
77905,0.21296747
74561,0.808755
79254,0.21270964
74545,0.70336133
23759,0.7614299
57454,0.7369569
96717,0.8086842
8370,0.62809527
121813,0.7104719
53821,0.4621745
18599,0.61588
116371,0.755351
121726,0.65606743
10989,0.26295292
8222,0.47263363
35732,0.80895203
27834,0.7353365
42945,0.80101717
96397,0.37835106
54503,0.47733152
817,0.8081262
59259,0.73859376
68736,0.23878558
72030,0.31306463
30967,0.80841833
119824,0.6209906
34506,0.7937589
112901,0.63537276
105561,0.58822185
65433,0.25059536
28356,0.2923007
52324,0.33971754
107508,0.3902827
88373,0.19407003
98312,0.5409362
3119,0.43025386
1741,0.61899054
45925,0.8042443
25254,0.50682306
88700,0.21869996
74260,0.48926044
9334,0.6541717
81876,0.21862993
71316,0.28217304
109415,0.3577439
110575,0.24275838
67682,0.2992072
73020,0.7951123
100862,0.39644045
10095,0.5352781
124831,0.7866228
52239,0.34876606
18099,0.7957616
95425,0.5352412
50425,0.59128314
43317,0.8037478
83878,0.20138545
55725,0.5285337
41730,0.7931969
56909,0.72897077
50954,0.70765173
40070,0.80259776
84824,0.21910709
78919,0.19713178
122357,0.60310197
63821,0.79131585
97623,0.58926326
34544,0.79532456
87522,0.19934975
16572,0.61224556
31884,0.8023811
95108,0.6073564
58869,0.4876764
110038,0.2483852
6528,0.25836945
92902,0.8126727
13355,0.39977774
31262,0.45099267
51068,0.39824057
34177,0.80037135
45300,0.8079547
34503,0.6991834
7063,0.39985806
15398,0.29599574
17499,0.7400484
61322,0.26429084
60864,0.7882959
77055,0.21025923
111979,0.543047
55140,0.31824473
112314,0.59118176
82316,0.19952674
90945,0.23362201
55668,0.43303472
31453,0.33536264
44990,0.8034293
105673,0.4636875
62193,0.79127413
50256,0.7686285
48451,0.8092743
78078,0.19415936
72061,0.6246164
71193,0.46423692
93305,0.48332846
76803,0.22295886
60087,0.647613
38751,0.7957158
42109,0.80231726
61931,0.7477105
104185,0.4560889
11345,0.4387039
12256,0.4836289
27271,0.34539014
123990,0.77573425
347,0.5081911
27147,0.6988277
88163,0.21244025
55259,0.7672552
14387,0.80941623
33400,0.45025465
565,0.3619551
122946,0.7286401
35196,0.80085033
69654,0.79571474
76668,0.19836771
86392,0.19656846
102968,0.33057734
24095,0.20075087
57384,0.76780033
88823,0.2032031
123750,0.7326545
96513,0.38039
49695,0.7176063
27673,0.28888062
118663,0.6716128
108622,0.4015661
53685,0.35925078
87272,0.228836
21628,0.792719
28576,0.42452964
64129,0.6400786
111376,0.33506647
26931,0.5834206
39864,0.80259776
18495,0.6820051
107229,0.8093602
110646,0.23564829
107703,0.4648486
30581,0.7894059
77712,0.23111393
108063,0.45465752
115896,0.39431557
87493,0.21720648
69284,0.47131413
15539,0.809004
115177,0.6073125
93060,0.8126727
35856,0.80895203
119839,0.73177207
33120,0.733674
122120,0.35328415
31834,0.8023811
27713,0.4923642
109082,0.26502675
100743,0.31592122
119166,0.6490573
13680,0.5630689
68317,0.62926775
82661,0.20647398
40980,0.80793554
5861,0.50075483
24341,0.45806396
61808,0.63811076
95993,0.41853952
81440,0.2123183
42326,0.28384992
58336,0.8031131
26186,0.5160574
6809,0.4687012
40155,0.79552895
92879,0.8126727
6294,0.6071777
83112,0.20011267
52510,0.4288132
101332,0.25609553
123576,0.62706673
115134,0.36044842
10192,0.4883094
71797,0.5172389
112426,0.43769974
92701,0.44379005
29207,0.5229413
119100,0.42517072
77837,0.1971586
62974,0.52761537
82732,0.20948176
88891,0.21593219
64040,0.61338097
63748,0.6851431
98075,0.27909374
119905,0.5271458
8793,0.29858634
116649,0.6680589
72281,0.6506004
19091,0.47566277
6757,0.6190072
9178,0.7160313
2177,0.5772576
86519,0.2151883
30104,0.21384397
30610,0.7894059
37007,0.5724354
8297,0.44075057
51845,0.771103
100258,0.5230923
7095,0.6697607
115880,0.66343725
33367,0.63543034
99596,0.4659817
48211,0.8023793
124291,0.7733903
114734,0.75207865
56417,0.60484034
60693,0.7815754
31182,0.77212906
40812,0.79639655
110185,0.25081387
45865,0.8042443
17301,0.7233453
66703,0.33325824
72320,0.366486
86293,0.21705042
84128,0.21929172
31586,0.8016057
69150,0.6777976
29575,0.6731052
21508,0.8011279
119714,0.71435016
59980,0.5078258
57730,0.75448227
94166,0.8091231
55627,0.36291334
75895,0.22118105
58781,0.6318587
54539,0.40583798
6578,0.21444237
124104,0.66148907
92981,0.8126727
3881,0.36427355
105019,0.64804786
31287,0.37847087
123177,0.769291
117798,0.45449698
60484,0.7484783
15757,0.26406425
122513,0.74316823
103286,0.4881749
11832,0.24842754
72327,0.70612454
104243,0.47255686
1481,0.7220523
69037,0.65662295
49859,0.5714379
19671,0.7933174
45794,0.79275256
91431,0.20989525
82835,0.20069158
43373,0.8037478
77460,0.23503561
102208,0.5668251
60201,0.39711025
83997,0.21829307
61618,0.2622286
34051,0.2681093
630,0.80694073
111344,0.32590142
87511,0.20859131
70803,0.35946795
64445,0.80919904
75411,0.21405695
39863,0.80259776
121537,0.7363015
123460,0.7641482
124640,0.7769989
120093,0.39976934
113420,0.75112104
12181,0.3975712
4221,0.8040453
40754,0.26924145
124909,0.39275962
941,0.7080446
41280,0.80259776
981,0.80024505
4998,0.80916846
20180,0.5824369
109460,0.26146153
4210,0.6990219
102176,0.75313824
103608,0.38071808
21271,0.20474674
28868,0.76378036
96638,0.66625017
1466,0.33680174
33802,0.7854293
20637,0.79924935
90718,0.20093733
21668,0.79362744
38819,0.8016797
118657,0.6716128
87103,0.20331965
9122,0.43084973
72807,0.60620755
97825,0.54275274
29870,0.28387198
26469,0.6300756
18563,0.4932649
101162,0.5427242
86748,0.23438235
36228,0.7880449
72148,0.5563144
123836,0.69489527
35226,0.8075424
119380,0.68491787
6824,0.59203345
22353,0.8029905
44839,0.8013557
48274,0.28409725
83949,0.20426635
65725,0.688146
80828,0.204533
54909,0.76550466
46649,0.80061066
94614,0.30235803
8976,0.5327587
2574,0.54694647
46550,0.80061066
103799,0.80675656
63577,0.7827006
100172,0.6385274
80547,0.20555252
23713,0.80976826
26705,0.35440773
3407,0.36592245
28065,0.44795397
58224,0.8031131
39774,0.80822676
116286,0.54573196
51900,0.74442554
102724,0.6814497
5003,0.80916846
113254,0.2429957
110804,0.27800393
50663,0.37085748
58972,0.77882355
34967,0.58901197
47150,0.39306805
113452,0.45801815
10187,0.43046433
110529,0.2330768
99345,0.27207512
22596,0.20071383
41408,0.39928845
61330,0.27135527
123063,0.7635503
16425,0.33512506
74739,0.4356856
51982,0.38639244
123654,0.6674396
46433,0.80096644
25650,0.21429974
58120,0.7589909
68267,0.5247755
109122,0.3764195
14738,0.80941623
88926,0.19980337
33336,0.76021904
118155,0.32525083
13910,0.3199177
59056,0.77882355
119074,0.6623369
44881,0.8013557
10237,0.65428734
89158,0.20193765
29873,0.28387198
103592,0.5391758
95026,0.5563413
64753,0.56039536
41396,0.79086274
53333,0.77459514
60603,0.67811555
47220,0.4084902
110732,0.30698416
103097,0.33990514
31064,0.49050334
24849,0.4612573
12457,0.39303786
87029,0.24888135
33139,0.5368599
99380,0.6288795
52699,0.3286825
46898,0.80718696
115300,0.50710565
114015,0.31813246
25521,0.7994737
3306,0.611136
28251,0.31879824
93515,0.47018698
89045,0.20051925
107472,0.38235343
124440,0.7757004
13461,0.37088016
15895,0.72757715
97989,0.26195726
42016,0.7973143
40236,0.7973143
13784,0.5030122
57817,0.7401102
124283,0.769291
19810,0.5255823
71126,0.42982626
93533,0.47018698
102714,0.6814497
19428,0.7992589
53552,0.45363864
100250,0.6385274
46102,0.7681905
101991,0.48174337
66545,0.35526556
29817,0.73936456
48721,0.8095503
109168,0.22176038
3856,0.38457084
8783,0.7188159
42838,0.28758577
15527,0.809004
107198,0.8093602
62984,0.50746125
76086,0.21347496
92303,0.2889956
119588,0.70404005
100161,0.3659716
31395,0.78683996
97753,0.55038446
12848,0.55263275
31845,0.8023811
98567,0.41320303
51179,0.72181356
78336,0.2139937
69159,0.5439434
116794,0.6325389
6243,0.6547922
38425,0.33545053
45727,0.2601593
77760,0.2076612
78242,0.20677643
81035,0.2045446
50354,0.7083399
543,0.6062597
26405,0.5714853
96316,0.48665679
28667,0.39628187
52419,0.42639467
40128,0.47822413
107928,0.61389524
96307,0.43061534
69448,0.48634022
26649,0.7796605
109376,0.22118765
14267,0.25727284
48731,0.8095503
44507,0.80340356
119742,0.6285354
115462,0.6365698
46389,0.6235206
50742,0.6087468
21749,0.8029905
43641,0.78964967
56622,0.73094845
67013,0.33209994
101832,0.36077577
14080,0.25424656
112447,0.30011645
1163,0.8041842
66989,0.51406187
67081,0.3481762
59040,0.77882355
84759,0.20074111
6456,0.41528454
111526,0.5290061
110966,0.27339053
67978,0.395919
111417,0.3250491
82442,0.2099858
12666,0.47429842
46391,0.6235206
92491,0.6654072
123043,0.7036241
65844,0.74948364
115340,0.7512252
81001,0.20710361
45906,0.8042443
76322,0.20127413
111460,0.67275417
115366,0.73229706
69225,0.54561424
19295,0.48420408
435,0.28507394
73505,0.3599035
3243,0.7661638
14820,0.80941623
16088,0.4263661
3947,0.30686972
19158,0.5739675
99371,0.25405014
17096,0.49205697
35092,0.8005567
5243,0.79733104
58534,0.7613611
54357,0.772146
79734,0.19947034
77677,0.21417348
62440,0.794977
90095,0.2045183
47900,0.7643593
1866,0.77547044
8726,0.38472262
55354,0.77862585
9893,0.4944446
40282,0.79750144
57819,0.7401102
40302,0.79750144
18298,0.76352614
35688,0.67603266
87428,0.22430784
70661,0.5481717
108429,0.39509553
71341,0.69658256
81912,0.21649127
90376,0.20139149
89508,0.21178335
44205,0.8064426
95647,0.41920528
15131,0.28576106
76073,0.21045604
56888,0.80066
30482,0.809041
90299,0.20181744
42920,0.80101717
6217,0.3001313
13368,0.47973573
54995,0.64061576
8455,0.41359133
76090,0.21035215
93944,0.75654495
101314,0.2642398
99467,0.2853638
49420,0.75107473
109091,0.24166662
15686,0.3696473
5887,0.2886211
103377,0.31982797
22662,0.4803805
59211,0.79346615
103113,0.4664491
123333,0.7565942
102356,0.56939876
62594,0.73213327
111459,0.67275417
92260,0.325213
45781,0.33590043
31168,0.42442384
93023,0.8126727
99538,0.4426227
56277,0.76165676
123297,0.74960905
75339,0.20782067
69077,0.47585738
56493,0.7678325
119442,0.38525483
95024,0.76153153
93686,0.73947823
46510,0.80061066
30734,0.8081197
64593,0.39736533
48425,0.8092743
19283,0.5527457
90232,0.19926375
4881,0.79814386
19647,0.7933174
108932,0.30302045
47410,0.75425947
3952,0.4443502
68842,0.20498773
93873,0.40665683
62573,0.57624626
39219,0.3545282
91555,0.20545086
97218,0.49109548
105787,0.50414383
16428,0.33512506
120690,0.72707117
85399,0.21876256
65008,0.77362347
103997,0.3661426
47280,0.7511213
108102,0.32011998
66182,0.75863504
106125,0.8035616
113751,0.50746274
94707,0.2722864
33092,0.7291971
121854,0.6983923
73877,0.42378157
53325,0.77459514
75769,0.20457692
12330,0.4315798
62100,0.7878665
116442,0.6610121
53381,0.7822329
68395,0.5481161
110451,0.24116349
65309,0.79485494
36923,0.4691437
48632,0.8095503
10929,0.5180739
14668,0.80941623
29649,0.76685965
117152,0.34783274
90643,0.2536299
16697,0.7501843
46686,0.80061066
91636,0.20988692
40585,0.7401242
41776,0.3800021
105502,0.4277019
114197,0.32547867
83067,0.2056846
87600,0.20374292
37658,0.80793554
119964,0.6599651
50902,0.28838027
88051,0.21720648
112463,0.3494475
51228,0.4070089
9409,0.43324074
26590,0.5751796
45444,0.80080616
122236,0.32450828
37108,0.80104226
81072,0.21412349
31534,0.80165464
111517,0.29248872
7170,0.29850006
48672,0.8095503
41145,0.80259776
32362,0.80135787
67631,0.5484303
19028,0.5408751
75467,0.20494306
71934,0.2678368
27179,0.31196964
123684,0.5252903
89587,0.20027757
62404,0.794977
45589,0.7922481
102370,0.5647245
22829,0.6769344
7603,0.32328254
31490,0.8015809
7728,0.25630045
115225,0.69792163
117309,0.65415514
78164,0.2101736
93844,0.29845664
41757,0.4846254
42692,0.8002086
109434,0.22585481
88985,0.20602237
95479,0.6269528
47654,0.8069103
6278,0.35122827
59060,0.77882355
124250,0.7615474
8075,0.33667693
19839,0.41482174
119366,0.74884
9924,0.52214384
107667,0.4629307
99117,0.63563764
8761,0.7188159
31579,0.8016057
23884,0.4582916
84330,0.20027037
85912,0.23111512
56551,0.75686413
61205,0.7042298
118156,0.32525083
92704,0.44379005
56985,0.80066
63553,0.7827006
85102,0.2086128
117620,0.6052298
57300,0.48399588
122026,0.75292736
167,0.8044831
62326,0.7841183
65565,0.7063259
34607,0.79532456
95481,0.6269528
90259,0.19926375
12579,0.47297233
119867,0.39744854
77647,0.20899473
101580,0.44434425
46537,0.80061066
53010,0.7928239
49736,0.3314681
116243,0.432333
89546,0.2238246
84698,0.19836894
66925,0.36810377
87485,0.21320541
72894,0.51653594
114993,0.49063325
50929,0.4441137
38244,0.80112976
39994,0.62964433
113997,0.2862041
76634,0.19949698
56655,0.78898716
74631,0.808755
59015,0.77882355
43490,0.7859185
114656,0.50560266
75198,0.20343232
67928,0.46080068
39152,0.79608226
95058,0.39280337
60931,0.42411903
46106,0.7681905
68960,0.24631251
3035,0.7661638
32201,0.7994277
7996,0.3507179
97752,0.4172897
6799,0.41800874
5226,0.79733104
78243,0.20677643
33401,0.68975884
31656,0.77818394
40330,0.79750144
65660,0.80067235
73911,0.45033568
53003,0.7928239
97646,0.28913596
61145,0.7937088
122657,0.5250603
62759,0.41166565
31813,0.8023811
48992,0.7953699
97091,0.47272846
54328,0.6840562
32111,0.7994277
87571,0.1977262
55451,0.79278755
8034,0.30429858
67936,0.41271746
107471,0.5534372
35116,0.8005567
92587,0.56803334
86443,0.20525937
101494,0.5499719
66754,0.448152
115819,0.64152974
78072,0.19415936
101891,0.5864503
111617,0.4441551
21924,0.78182644
116312,0.68504095
59724,0.76514494
78122,0.2009189
87956,0.20853558
111141,0.39005083
806,0.8081262
112767,0.3186168
75327,0.20360054
110949,0.35346094
1381,0.6959636
80452,0.2154996
76401,0.20745097
39026,0.79608226
107594,0.2749027
102689,0.67370504
25948,0.42809704
56426,0.76278096
77087,0.20004468
95733,0.32040372
20477,0.70681405
104114,0.48722816
110070,0.2576888
53098,0.7966562
48365,0.39868844
78040,0.20127413
120782,0.6972297
90787,0.20093733
95489,0.6269528
54576,0.7478797
37046,0.8010573
103256,0.4671864
88262,0.20446299
72369,0.73137355
87112,0.20030172
32146,0.7994277
120336,0.42842212
63847,0.5380741
101345,0.34832773
14168,0.72384435
6634,0.292651
113766,0.7066206
56250,0.76762015
106840,0.8092244
26442,0.5418517
89959,0.2547934
34097,0.28440613
71194,0.46423692
76682,0.20257232
25188,0.8093588
93345,0.42006496
40219,0.7971675
37963,0.8088441
37705,0.4244015
115169,0.4412908
14067,0.29599574
23340,0.79667634
107289,0.6453031
76553,0.21089162
64391,0.7954371
40902,0.7978385
76035,0.21344525
4148,0.77766496
20329,0.79936427
2527,0.55763185
71932,0.2678368
51191,0.71876556
83344,0.19832973
82761,0.20167594
94056,0.80791086
23697,0.80976826
77371,0.20344111
90018,0.21806772
87598,0.1977262
20773,0.75603807
96895,0.43330154
33403,0.43710336
12998,0.39123073
48527,0.80945295
49270,0.45127624
36275,0.4596649
124514,0.763824
104389,0.4560889
31693,0.651626
111631,0.5742434
13633,0.60038024
10592,0.2755189
29744,0.76693225
74635,0.55440444
25966,0.5077777
21878,0.78863424
113518,0.5016656
6801,0.41800874
18439,0.5307704
105595,0.4664677
24406,0.3831369
26796,0.7883043
116505,0.7112593
15586,0.809004
51277,0.51320744
119696,0.71435016
29353,0.44733703
94541,0.33713728
46159,0.809229
58321,0.8031131
90592,0.2200354
7666,0.3660322
43892,0.80157053
109209,0.20908502
25637,0.55381143
121207,0.39788252
26842,0.7883043
65053,0.7854519
11854,0.24829988
40753,0.7961792
17911,0.7593702
64784,0.56482744
24852,0.4612573
52659,0.30801395
55502,0.7984359
9021,0.25618756
81232,0.20398264
14952,0.71877813
42917,0.80101717
86983,0.19876218
55444,0.79278755
83533,0.19816239
111552,0.31605467
30030,0.69410944
122531,0.59408385
108787,0.2766732
51010,0.33449385
123760,0.7326545
29539,0.7661172
112797,0.61040133
44,0.35746962
112392,0.38069174
24236,0.8010305
8447,0.5272484
104851,0.45252755
61087,0.79203284
1569,0.58200926
76680,0.20257232
92302,0.2889956
46516,0.80061066
108710,0.24385369
115516,0.72219765
60421,0.7956951
43914,0.80157053
51390,0.67860454
70112,0.5438987
117083,0.5381121
118913,0.40748602
26002,0.29043457
25296,0.75228924
114034,0.62293565
34331,0.5436213
19750,0.54594857
121851,0.5469673
76837,0.20732032
61276,0.77854604
82705,0.20147131
21847,0.78863424
107543,0.80911267
95014,0.76153153
10945,0.38215673
6262,0.43156925
112561,0.3344153
76177,0.19572598
44872,0.8013557
108603,0.51718193
22560,0.20071383
123123,0.7615474
98128,0.3530593
61535,0.5740621
81676,0.20349039
44067,0.7863542
72893,0.59801245
1472,0.5387456
66676,0.39680845
24770,0.8080173
39062,0.79608226
87169,0.21148136
108774,0.24108484
59537,0.7987054
123372,0.751112
49096,0.6651037
6700,0.69444835
114215,0.4280655
44806,0.78658485
65661,0.80067235
122962,0.58534914
72459,0.46017262
49927,0.36676738
39354,0.79250586
73654,0.46029654
79175,0.24469562
101850,0.39576662
76266,0.2016751
61905,0.45383793
111114,0.5209093
10372,0.64836335
108408,0.66552997
50068,0.33150277
70136,0.59904295
50904,0.28838027
23311,0.79667634
10029,0.5552966
69304,0.5350873
29771,0.5581603
88951,0.20806165
72845,0.33462855
109101,0.28237396
28988,0.48068246
101596,0.6808124
39234,0.7960421
41907,0.8029965
86915,0.20002322
83174,0.21683165
63826,0.55141246
43656,0.7412704
47062,0.3388353
74519,0.4356856
30785,0.8081197
46178,0.809229
98062,0.25533786
109651,0.21883611
103517,0.53941363
117977,0.32998794
78686,0.1945091
121251,0.4628891
56260,0.6439836
39072,0.79608226
97543,0.53975004
33550,0.27858144
22603,0.20071383
56596,0.5495063
56295,0.7920922
110817,0.2429854
72661,0.45481896
49702,0.76257175
115928,0.43556806
56537,0.7534088
98701,0.63929725
36273,0.5915716
42132,0.80231726
64122,0.7296218
78587,0.19704477
45658,0.4475154
114671,0.3057856
22413,0.8043312
83253,0.21796545
7165,0.40362412
48090,0.28232318
12836,0.62299097
93358,0.31490377
59520,0.7987054
13288,0.71085435
23341,0.79667634
6253,0.59464896
110281,0.28392172
1208,0.80455685
86830,0.20456296
19510,0.7982406
107760,0.4843772
68103,0.58861727
95798,0.59061396
50602,0.30875954
39768,0.80822676
95641,0.49225175
100998,0.5634866
69461,0.67781633
94974,0.76153153
69555,0.32010174
8340,0.348178
95031,0.39280337
21258,0.20274138
116402,0.2584294
60049,0.5342492
100729,0.31592122
12338,0.4482422
76169,0.20328236
30622,0.8081197
35450,0.73524094
92450,0.6141433
63449,0.77255356
124581,0.70263803
70993,0.69357467
110408,0.29606453
65932,0.51261854
12011,0.32335758
10097,0.5352781
48262,0.43990675
33235,0.4779018
44384,0.8091743
70974,0.2980215
82260,0.2212595
97335,0.79937947
25897,0.37218124
31004,0.80841833
32372,0.80135787
9176,0.7160313
43264,0.79269826
67605,0.47772184
62567,0.65530515
8655,0.6397048
74448,0.6510144
124874,0.7866228
115135,0.432333
2993,0.78051233
122366,0.5252903
104482,0.4291388
35042,0.7481216
90393,0.20141713
51592,0.40780383
122223,0.32450828
99557,0.6478213
80995,0.22596586
23153,0.4924492
69646,0.79571474
98976,0.41320303
92523,0.6345854
93642,0.76557666
8633,0.3327677
14751,0.80941623
121138,0.34661916
100231,0.3659716
44778,0.3912448
95723,0.34895346
90243,0.19926375
91677,0.20326221
87171,0.21775493
95474,0.6269528
36290,0.8082987
45299,0.8079547
22601,0.20071383
51999,0.4291879
33715,0.7481216
38459,0.7921124
105604,0.2897993
97717,0.59587526
105854,0.30734107
26595,0.71501905
42541,0.80821896
89787,0.20217294
24060,0.20075087
43604,0.78964967
11061,0.5079064
69551,0.32010174
48854,0.8095503
58110,0.73505384
77689,0.23111393
40897,0.7537964
66400,0.3738626
82787,0.19861539
101795,0.78976077
23651,0.80976826
62104,0.7878665
44517,0.80340356
35458,0.8012454
56904,0.80066
16015,0.49235815
116150,0.6514351
114058,0.58970875
74645,0.5016908
6473,0.3233123
48361,0.80067885
76607,0.19949698
828,0.8081262
54466,0.5080038
58364,0.5809556
122115,0.35328415
51851,0.771103
103376,0.31982797
43685,0.7988958
78213,0.209911
29428,0.2998782
97712,0.33123976
32148,0.7994277
121878,0.667613
34259,0.4096729
95979,0.29286277
62865,0.42070818
7431,0.32448128
64221,0.7144535
496,0.8041842
111647,0.43006867
7036,0.74183017
50036,0.42608345
65563,0.7063259
37175,0.62415147
36612,0.80895203
112879,0.47697917
43657,0.7412704
32222,0.32323754
809,0.8081262
66185,0.6600752
30596,0.7894059
990,0.80024505
41964,0.8029965
37742,0.8088441
39422,0.80112976
123330,0.7565942
42049,0.7973143
62253,0.79593754
50409,0.3223178
122662,0.74109787
12284,0.5145091
40463,0.8005098
104166,0.43823618
99150,0.6085584
11532,0.27287087
6420,0.3299887
93491,0.43947437
2856,0.33982882
84105,0.2101153
47029,0.26553935
124124,0.7442338
73647,0.39682856
111989,0.6154058
124810,0.7866228
118699,0.38784614
15984,0.2919725
12798,0.5084201
60364,0.7936831
93815,0.74005705
109593,0.24469756
96398,0.3366079
84660,0.19836894
83771,0.21857873
67432,0.52639645
5019,0.80916846
99110,0.63563764
21437,0.8011279
82611,0.20440398
125147,0.7423111
27132,0.5319012
45674,0.80129594
80125,0.24510583
116019,0.6829032
10386,0.4174634
70580,0.42060903
78326,0.22167099
12610,0.6424471
85851,0.22767349
9755,0.48667824
1545,0.39050546
18897,0.21206717
39028,0.79608226
97514,0.79937947
55730,0.43225378
61971,0.74294055
73573,0.35881224
78791,0.20066217
40352,0.79750144
90758,0.20093733
84000,0.21829307
42841,0.28598517
99711,0.70116
90054,0.21863613
28803,0.79635173
91969,0.25567818
14866,0.8005784
62423,0.794977
4680,0.794338
122128,0.56643325
65799,0.45629776
237,0.34041068
67097,0.3396936
37938,0.8088441
10569,0.27163294
50552,0.55545413
50143,0.4146059
49471,0.7346615
78762,0.20585544
8278,0.6501924
99485,0.5816626
45951,0.8042443
107510,0.3902827
28158,0.41016418
80310,0.20392309
124409,0.6911393
68402,0.39257285
94845,0.3371102
69169,0.4514022
72989,0.7951123
18230,0.7957616
42517,0.80821896
30369,0.809041
88329,0.19996668
73060,0.7951123
76835,0.19869423
112112,0.3205837
54420,0.6768407
97354,0.79937947
111230,0.37665462
39603,0.7985452
123744,0.7326545
72870,0.4102968
112892,0.63537276
88454,0.20066488
33456,0.792005
99075,0.6779282
17476,0.7994779
43996,0.79777825
20733,0.3773497
48655,0.8095503
33892,0.28952014
57778,0.71021307
107262,0.8093602
23582,0.8097241
41454,0.80785656
90784,0.19603279
90217,0.19926375
76991,0.2173083
49488,0.33895442
40509,0.8005098
18922,0.20049535
57045,0.80066
21490,0.8011279
61709,0.67127967
23461,0.54924744
57318,0.7605215
54082,0.30753118
69135,0.44677132
100667,0.6328188
110970,0.4332784
23347,0.75522465
14900,0.26650742
53126,0.7966562
40868,0.7978385
108078,0.51332045
109738,0.20940076
55155,0.4331109
50342,0.33321592
58001,0.7898255
41812,0.37926155
76954,0.20360272
43018,0.80101717
67768,0.59934086
89142,0.20257288
85819,0.20228067
120835,0.70667946
39760,0.80822676
116216,0.72511554
108514,0.6240997
115960,0.7348952
46717,0.80061066
29885,0.26974148
81857,0.20218292
60948,0.7484783
2889,0.64551157
54474,0.38195005
52030,0.5939128
117361,0.47069257
53290,0.7454048
90777,0.20093733
45786,0.33590043
116673,0.5956789
122735,0.74810773
14405,0.80941623
32189,0.7994277
24736,0.80835134
123434,0.71807224
30824,0.8081197
85340,0.22145677
58645,0.7923286
122952,0.7211403
60724,0.5136569
65255,0.25313663
101673,0.3404261
68572,0.6750912
13650,0.6847718
73617,0.30978262
78267,0.23495248
89355,0.19811073
105577,0.32980174
4808,0.78095263
63313,0.7808865
33919,0.7999353
12784,0.42834887
96583,0.45209178
1188,0.80455685
80371,0.2090789
16987,0.7615379
42379,0.7961172
106450,0.31260884
81577,0.20173448
117711,0.6276476
59337,0.77354735
78302,0.21044815
43429,0.8037478
31479,0.8015809
85758,0.20106186
17354,0.7014428
34655,0.7975801
88240,0.20057623
1500,0.7220523
104405,0.556707
39110,0.79608226
47674,0.8069103
18581,0.52746373
83233,0.19941431
123106,0.6218375
27410,0.6549277
111350,0.32590142
50169,0.61201036
74532,0.29408196
25399,0.8003337
115297,0.50710565
1028,0.80024505
96026,0.33543885
99084,0.36414427
123938,0.77573425
34045,0.2681093
75918,0.2267185
124134,0.7442338
14044,0.78768677
2266,0.72548056
91362,0.21012789
7851,0.45260864
51499,0.32961676
109525,0.22894944
121549,0.7813309
409,0.69731796
118649,0.6716128
20414,0.79504216
99727,0.6748273
113109,0.38338086
22883,0.78570265
13250,0.62299097
116655,0.71233016
14722,0.80941623
110947,0.29759493
43765,0.33353448
22726,0.7108884
101024,0.27737394
106922,0.6335598
29922,0.21149233
8643,0.51224166
81356,0.2083944
78318,0.23520444
2479,0.37217277
110159,0.30159444
35030,0.8005567
109831,0.30674738
77069,0.19935705
95257,0.32040372
75402,0.20861912
60220,0.7882959
93974,0.30834007
105688,0.68314946
118077,0.3492624
88897,0.23291115
90275,0.19926375
114042,0.34782344
77333,0.19780102
22620,0.4337468
54729,0.74210936
49423,0.68433964
111952,0.35312343
122003,0.75292736
67595,0.52643687
85983,0.21005696
62566,0.65530515
118545,0.31075132
115230,0.69792163
3886,0.4249241
104619,0.62482655
39147,0.79608226
16885,0.6385657
85210,0.2068417
69862,0.65662295
66629,0.25303486
86526,0.2151883
22453,0.8043312
65992,0.3802399
117698,0.458103
76941,0.19776668
78699,0.1945091
94884,0.3371102
64479,0.80919904
15194,0.3440749
110489,0.23236163
68767,0.23547731
82410,0.20344625
84058,0.20520006
54020,0.5035581
68873,0.20599979
117485,0.4416284
85564,0.20931736
46089,0.7681905
57581,0.76587456
83550,0.19816239
26952,0.70852894
77744,0.22766323
23145,0.5575105
92503,0.23198725
56602,0.7484064
25883,0.6350603
80641,0.22321807
29684,0.7337719
25224,0.6992717
60558,0.7770301
32918,0.7732864
43620,0.78964967
114434,0.7255402
32386,0.80135787
86576,0.20654024
70946,0.8056626
107090,0.8093602
14203,0.8078827
96339,0.6029648
52380,0.5164175
31697,0.8021974
107214,0.8093602
92643,0.42775702
92592,0.25560206
8430,0.44526362
46054,0.34449476
98233,0.27465925
112029,0.6638802
31138,0.49921432
103905,0.35342976
88363,0.21536717
18282,0.7957616
75980,0.2049479
99393,0.26853332
38836,0.8010264
96163,0.5240292
123985,0.77573425
2548,0.2695359
17178,0.36191425
2887,0.4221052
119596,0.5509796
35526,0.808773
2810,0.3510131
88078,0.1977262
51039,0.50424093
80939,0.19912681
94341,0.35299945
95294,0.36323166
65031,0.5755062
121223,0.64296246
123544,0.7609271
104155,0.37825665
30995,0.72812283
53215,0.7723164
76739,0.21337883
93890,0.40665683
96130,0.7398363
66866,0.3683634
31011,0.80841833
59459,0.7956951
28620,0.42452964
107735,0.45393795
16101,0.5516399
119677,0.6702397
2437,0.5649748
72318,0.366486
117442,0.41725957
2722,0.23590085
85961,0.22771062
4937,0.79814386
40597,0.6622481
17552,0.6811072
3788,0.2952391
35890,0.80895203
43915,0.80157053
46765,0.52340853
123701,0.48505652
4927,0.79814386
7178,0.2638967
13042,0.808339
75768,0.20457692
63731,0.79825
1588,0.6867559
60407,0.74643886
78082,0.19415936
59461,0.7956951
114212,0.4280655
93272,0.3397176
10360,0.36900133
980,0.80024505
120476,0.34758288
45471,0.80080616
100643,0.3920533
112073,0.50505376
49950,0.3223178
75068,0.20675126
27213,0.31812003
24894,0.20075087
52552,0.5459793
95915,0.29875332
77994,0.19939539
100365,0.33027163
33854,0.36795685
35455,0.8012454
76005,0.21177249
86380,0.19656846
39662,0.80761963
44458,0.8091743
93057,0.7468437
123881,0.5142874
38582,0.8082987
122623,0.7210374
58404,0.73429996
101680,0.3387808
88832,0.20958084
120528,0.61821824
25040,0.48818523
55256,0.7672552
114748,0.603851
117805,0.38150588
74529,0.6757861
11935,0.28600854
81162,0.2068648
33279,0.3542237
53347,0.77459514
23685,0.80976826
46703,0.80061066
53729,0.4601936
30280,0.71104914
36547,0.5266159
71739,0.6092013
98079,0.2699063
108786,0.2766732
59565,0.7097164
9476,0.5550129
63547,0.7842405
30224,0.7746149
2040,0.7374721
54404,0.7830419
17543,0.6833971
30808,0.8081197
56559,0.75686413
80447,0.2154996
69209,0.41798168
19436,0.7992589
77749,0.22766323
6400,0.44060352
41477,0.80785656
95873,0.26365155
50760,0.7081877
105697,0.39528358
57088,0.8019568
69394,0.43140978
26133,0.7762821
113155,0.7127164
86727,0.2166179
82852,0.22750312
122983,0.67404884
53777,0.4601936
26360,0.42047268
83930,0.20441265
10215,0.3491828
65576,0.49007952
55697,0.5290113
10923,0.53401804
56204,0.45135704
66654,0.25074685
30095,0.21384397
7411,0.3570916
66164,0.67033434
17383,0.3847973
29232,0.75162506
107945,0.3407621
84211,0.20778504
80896,0.20477653
72718,0.4614078
26272,0.53282046
122263,0.67551523
44151,0.80095965
120973,0.75649893
7258,0.3216973
106626,0.33385614
78493,0.22198968
80365,0.20292895
10513,0.27930617
21619,0.792719
86552,0.20260625
52177,0.34619763
52423,0.60426146
115151,0.31724137
115545,0.7063785
66519,0.35528377
41629,0.4016526
47948,0.8076063
109989,0.24355067
115916,0.6020731
43440,0.8037478
26871,0.7883043
86459,0.20420259
57083,0.80066
84892,0.20247667
82649,0.20124562
116554,0.5879629
4757,0.71763456
58285,0.7295036
52123,0.55886436
43024,0.80101717
25178,0.8093588
64386,0.7954371
115637,0.76859283
67092,0.54901147
57565,0.74835086
43492,0.7859185
81675,0.20349039
45894,0.7277366
121008,0.5706515
95463,0.5444496
29375,0.5312414
6692,0.69444835
97340,0.79937947
26059,0.6927583
19109,0.6360111
60682,0.7815754
89831,0.20566484
123944,0.77573425
111477,0.5282119
6409,0.65879947
52701,0.50768256
28102,0.69858193
886,0.8081262
59708,0.76514494
23568,0.8097241
50388,0.383056
47966,0.47980186
64249,0.7637976
19112,0.7445495
86046,0.20282538
30416,0.809041
1644,0.73268026
122950,0.7211403
27264,0.48580855
112158,0.637128
32378,0.80135787
27505,0.4932963
123138,0.7615474
78187,0.2101736
35456,0.73524094
79520,0.20068139
28737,0.79635173
106713,0.4838251
70567,0.4698362
55760,0.7783945
117074,0.4255309
88412,0.19407003
88282,0.21035168
5724,0.2590064
4063,0.76385456
81768,0.20613837
39070,0.79608226
60825,0.7882959
110671,0.23066564
54836,0.387987
59668,0.7987054
116374,0.66274214
45057,0.8064426
88392,0.19407003
12974,0.6377798
37642,0.80793554
57214,0.6751085
67246,0.511408
25551,0.5567771
14101,0.8078827
66590,0.27765134
25841,0.43601564
9946,0.24505883
35015,0.8005567
24907,0.20075087
64510,0.80919904
2745,0.24041262
1526,0.7220523
119482,0.39863768
29118,0.79212976
82352,0.22642586
40239,0.7973143
64493,0.80919904
123445,0.74792963
41085,0.32313457
72624,0.4244479
115157,0.7016863
56258,0.5337352
94586,0.39813298
11220,0.706752
26576,0.40814653
80035,0.20527248
59108,0.6695402
59013,0.77882355
108502,0.5823959
46693,0.80061066
67028,0.40942487
12595,0.4210146
89894,0.20649506
61624,0.2622286
44880,0.8013557
25998,0.29043457
102703,0.3331502
92053,0.2507885
28429,0.2909377
58089,0.7589909
10612,0.26455086
111581,0.558736
69794,0.6730207
4125,0.41260225
70086,0.3192685
44489,0.3753413
10581,0.2532726
106276,0.81097645
15924,0.27379563
83926,0.20218085
16077,0.41135266
78875,0.22670141
119294,0.74884
107439,0.2581859
102584,0.28833243
4246,0.8040453
63600,0.79654837
16686,0.47020492
48903,0.8025664
63968,0.373679
107499,0.3902827
32365,0.80135787
119286,0.44570705
99497,0.3130727
16347,0.53664225
40422,0.7986321
51810,0.771103
67585,0.46278626
94413,0.4009867
30219,0.7746149
118763,0.6761927
97613,0.45990902
105243,0.66030717
87099,0.21444456
28243,0.28790075
16152,0.66224575
8489,0.30857345
115885,0.66343725
99751,0.45340347
69860,0.5821136
63477,0.56152046
36339,0.8082987
12827,0.55683255
75002,0.21075952
22231,0.63382316
13546,0.49513355
6224,0.6069291
83365,0.19832973
57516,0.7812169
109819,0.241551
116789,0.69506204
83082,0.22270203
15453,0.809004
55490,0.7389595
69224,0.3917991
19279,0.6294256
105261,0.3501439
26098,0.7476086
25541,0.76504135
35240,0.8075424
62380,0.79593754
80689,0.20566131
108995,0.24912266
74717,0.5129033
37833,0.8088405
30786,0.8081197
59501,0.7097164
73811,0.5856767
101159,0.3262449
37312,0.8007448
112875,0.32406387
44449,0.8091743
59615,0.7987054
111849,0.30228075
79249,0.20241138
109788,0.24865137
15405,0.809004
90029,0.20404418
92392,0.37282017
30563,0.7894059
125152,0.7423111
6537,0.26014683
35158,0.62611395
3758,0.52416605
117113,0.5154087
106499,0.68314946
54606,0.6393781
55154,0.65173566
88709,0.21090466
79332,0.20448168
842,0.8081262
99116,0.69159824
9786,0.45684212
3964,0.49418136
89966,0.22478038
124460,0.7757004
14895,0.26650742
90893,0.20217294
24371,0.4178106
121034,0.39416176
110592,0.23263536
53841,0.3012661
56818,0.5869637
124612,0.7769989
50879,0.5631176
93313,0.5157331
101871,0.46280146
94084,0.72559464
14469,0.80941623
92366,0.43284845
77989,0.19741195
112202,0.41279423
36417,0.8082987
83297,0.2459544
110839,0.24979775
64184,0.37251148
34249,0.79918724
91655,0.20135824
18473,0.4483416
93353,0.64265263
29106,0.79212976
123079,0.7635503
14573,0.7420546
67945,0.5650948
120102,0.39976934
56535,0.7534088
13700,0.45727304
32240,0.44204143
40837,0.7978385
5843,0.2852518
86590,0.22393987
54618,0.7911916
68653,0.5616556
96589,0.47056776
12813,0.7186954
37254,0.80104226
65483,0.3617439
4858,0.77257067
60376,0.79740244
25113,0.8093588
21936,0.48991805
98832,0.29328984
3173,0.33343244
61168,0.7937088
37961,0.8088441
14448,0.80941623
61503,0.7272892
18352,0.20074731
60131,0.78043467
71432,0.3259208
67801,0.44302183
39427,0.79459643
124305,0.7733903
93973,0.35681653
39411,0.80112976
111423,0.3250491
93325,0.37555912
25328,0.58914024
29401,0.41856351
37341,0.8007448
35577,0.80895203
39094,0.79608226
35400,0.7183782
23538,0.8097241
45755,0.77080655
38025,0.8088441
32937,0.245481
76601,0.21073058
106945,0.80592895
41962,0.8029965
12266,0.5486489
23352,0.75522465
72885,0.74199617
32038,0.6248918
78130,0.21563768
40815,0.79639655
20816,0.5459212
29488,0.6992249
96101,0.3834048
62916,0.41166678
80726,0.20315386
3854,0.330949
52362,0.74396783
39002,0.7289887
61177,0.7937088
50297,0.6874427
107737,0.45393795
24930,0.58809566
74085,0.39700907
39556,0.7981991
87052,0.20376118
76989,0.2076612
109693,0.23486933
43295,0.8037478
27511,0.26070908
36691,0.8016797
15961,0.2799659
4248,0.8040453
106431,0.3743411
118005,0.32998794
31195,0.78794247
95579,0.70239514
77900,0.20020486
63045,0.77861786
104026,0.40128887
89545,0.2238246
8309,0.62088776
47770,0.79488033
85910,0.21924452
11114,0.26451418
9064,0.36147615
49832,0.39140615
105663,0.46511698
82722,0.2231869
39800,0.80712885
89531,0.20653945
55416,0.7184276
13248,0.55683255
62289,0.7841183
74044,0.3571774
14219,0.8078827
114914,0.54015553
113910,0.42304695
60535,0.7770301
71912,0.5635946
55783,0.78802425
53598,0.2944395
88056,0.19876218
6126,0.5111945
97649,0.28913596
30641,0.7153764
42759,0.78493726
15876,0.72757715
74678,0.42684174
116359,0.5672632
30439,0.809041
27347,0.34539014
39995,0.79508096
107560,0.80911267
69867,0.62514293
77645,0.21420848
40667,0.7974256
113723,0.3492139
9881,0.6815465
71383,0.64408827
52528,0.34443095
100955,0.43071678
106084,0.71035594
80669,0.21635866
63229,0.76388085
108706,0.24385369
102848,0.3104961
67423,0.42728353
20927,0.7442541
47984,0.808801
3969,0.56793064
54456,0.42547673
98595,0.4017581
47370,0.80246544
53276,0.41671327
54308,0.7634342
48971,0.7953699
27390,0.3548115
27145,0.6988277
13060,0.808339
92578,0.25397834
111807,0.49299723
44802,0.7729055
106177,0.5814188
20672,0.8005739
108681,0.2507885
81065,0.2194494
28703,0.5770441
95861,0.5795631
52042,0.7309934
24968,0.4066517
38157,0.677682
86057,0.20282538
51291,0.35399303
70078,0.3192685
51963,0.7647062
103711,0.36795846
96483,0.6463511
38883,0.73044205
13396,0.47429842
187,0.8044831
107285,0.36562994
18362,0.2004756
122830,0.7641482
20242,0.66992
7573,0.3830324
61029,0.47408795
15695,0.3339898
80134,0.23151211
13880,0.5516399
12931,0.37268323
4391,0.8019783
100719,0.33027163
100721,0.55084413
76741,0.21337883
53144,0.7966562
75822,0.20510566
50469,0.7258097
47459,0.3429256
109874,0.24432495
27086,0.43170568
59049,0.77882355
89532,0.20980288
111563,0.57262903
9790,0.32692686
36001,0.72801304
104269,0.6191426
20955,0.61241066
68049,0.6353894
108038,0.43642333
79129,0.21121034
93221,0.7390413
15306,0.4065448
10560,0.27163294
85993,0.21005696
21054,0.68650925
15497,0.809004
76551,0.21995987
83641,0.22536133
40693,0.7974256
21096,0.7260405
123034,0.7175964
75385,0.2190357
1709,0.4262032
93798,0.44017288
59311,0.76241183
55821,0.56639713
109310,0.24318866
27088,0.48977306
52349,0.72297734
116645,0.6829032
34383,0.7509981
8244,0.41339943
12201,0.61693823
9198,0.7160313
22235,0.63382316
84648,0.19836894
58058,0.7589909
114242,0.61924833
68130,0.43127334
10530,0.2924785
91180,0.20080587
102134,0.6936198
38349,0.80112976
31843,0.8023811
34479,0.7899024
23418,0.551085
30158,0.21355927
14807,0.80941623
90456,0.21665908
50768,0.7081877
117454,0.42117032
76423,0.20497815
3099,0.5946209
104126,0.40120566
34133,0.28818205
27258,0.3915424
81243,0.21227308
95572,0.40792632
25610,0.2705994
1896,0.77547044
5920,0.78066635
94774,0.2722864
113541,0.39502013
114065,0.63180745
14023,0.6892345
3103,0.31536475
63863,0.7576876
107164,0.8093602
63027,0.55877763
74151,0.2715731
106320,0.81097645
23492,0.47436747
42165,0.7994585
49677,0.5443253
70087,0.3849593
5601,0.80371577
89933,0.20340481
45904,0.7277366
16542,0.4439975
19711,0.57839954
91509,0.21025383
80599,0.23463443
15223,0.721779
91031,0.21351604
29875,0.28387198
3233,0.78051233
29739,0.43545827
17653,0.772086
18820,0.80584764
109878,0.24303876
15088,0.2800015
1421,0.3295232
90272,0.19926375
99048,0.39045897
102819,0.31383973
47785,0.8025664
93512,0.55613506
36294,0.8082987
94526,0.63822764
52256,0.48795006
80245,0.21509013
97775,0.3266243
7254,0.32448128
56782,0.7295036
57913,0.7966211
99890,0.37689197
101346,0.34832773
115588,0.49022192
61448,0.78655976
13351,0.6127805
101959,0.46584055
88890,0.21593219
88204,0.22254288
11834,0.24842754
101061,0.5059644
16231,0.7527791
9576,0.6214671
11260,0.4028797
66597,0.27290148
73405,0.3274969
101211,0.60436857
17673,0.7163108
72219,0.39969704
65811,0.64003235
101187,0.59940624
27550,0.26070908
13615,0.563782
116620,0.4167962
37181,0.80104226
48669,0.8095503
101846,0.65964544
85420,0.20282538
27187,0.41688946
121540,0.7813309
93775,0.7401596
39877,0.80259776
54793,0.4863329
106332,0.81097645
29852,0.26831695
3074,0.35042375
56127,0.78675014
50422,0.32937068
71888,0.37570363
110721,0.24533899
64518,0.80919904
61701,0.49792877
102138,0.6936198
7340,0.4206462
82873,0.22642586
66572,0.61373925
89243,0.20478216
28962,0.6426452
54103,0.74561614
50973,0.36491314
71098,0.58699334
13725,0.29303318
48360,0.80067885
70312,0.28177378
55405,0.5114992
82504,0.19792199
9162,0.6866946
121928,0.4745858
11037,0.24892816
103102,0.3554538
112090,0.5195638
53374,0.7822329
124628,0.7769989
59917,0.55870587
42550,0.4444969
95608,0.683028
4727,0.794338
52360,0.74396783
120487,0.6447997
18225,0.7957616
49999,0.5906368
111789,0.61334085
954,0.7080446
108981,0.23615699
4325,0.8040453
22806,0.48861256
47535,0.8069103
25619,0.2705994
29324,0.5003853
69871,0.62514293
75654,0.19162592
103615,0.38071808
100659,0.39127398
70632,0.45893106
98574,0.3756762
10956,0.44598487
33875,0.2681129
53436,0.7852096
73381,0.5929287
59821,0.7854728
102970,0.33057734
84193,0.20011394
122108,0.35328415
105297,0.4665014
119621,0.3706879
98244,0.6561971
82580,0.19792199
82445,0.2099858
50363,0.5748647
60051,0.7085442
105109,0.33661315
52945,0.50541186
20189,0.43610302
9665,0.68454033
62235,0.79593754
33112,0.7855588
22282,0.79362744
56405,0.8019837
23679,0.80976826
45847,0.8042443
65615,0.7542563
56511,0.76278096
75667,0.19825453
70402,0.40696576
45848,0.8042443
91420,0.20995972
110568,0.23263536
53828,0.36650732
51947,0.7647062
41607,0.31139058
99272,0.28651413
95288,0.36323166
34241,0.79918724
53688,0.35925078
20908,0.7466582
79141,0.21121034
44306,0.79696363
37363,0.7024791
82309,0.20369448
121147,0.34661916
46012,0.395923
16911,0.363112
42718,0.7580689
72225,0.54904354
68204,0.4449765
41213,0.80259776
7702,0.26344755
71548,0.3828765
8479,0.31154573
6818,0.7237735
5606,0.68812776
54556,0.36988202
98972,0.41320303
104023,0.4490505
105117,0.38034225
38787,0.78961784
11091,0.26238984
112852,0.61485153
28045,0.30595708
61377,0.62937003
98169,0.7950035
106643,0.3596554
4777,0.4487889
17706,0.5876849
21993,0.20071383
53919,0.4088761
100214,0.55556667
74249,0.60445654
28587,0.57919526
114335,0.34337777
41229,0.80259776
47466,0.80642956
99686,0.40673336
94261,0.8091231
30344,0.809041
80722,0.2139534
4226,0.8040453
46246,0.77482873
86047,0.20282538
77875,0.20048358
113412,0.7225442
22607,0.20071383
17813,0.7358152
62282,0.7841183
79200,0.2565259
46171,0.809229
95277,0.427888
42615,0.7464418
31689,0.77182466
13055,0.808339
32074,0.7994277
5600,0.80371577
111084,0.34949934
12941,0.4754848
104681,0.39106977
15811,0.2590261
4433,0.6591191
105761,0.41058803
107975,0.41346672
102613,0.6027716
12871,0.60947925
84206,0.20167594
105560,0.58822185
33712,0.796911
105412,0.64110965
72713,0.58724904
64725,0.53215337
13766,0.2719172
87432,0.22430784
17722,0.2794821
83282,0.21811286
50513,0.7516244
28315,0.29103315
122104,0.6326649
118235,0.41431245
47138,0.79626465
39306,0.36696774
124451,0.7757004
83563,0.20502692
85541,0.20026171
43779,0.34622484
95512,0.29319447
115796,0.6240789
95772,0.4337412
71911,0.6509052
125159,0.52696097
113225,0.66687274
21740,0.79362744
103432,0.35732296
67732,0.5982178
45982,0.7277366
57684,0.7956483
106178,0.41751003
60258,0.78768957
15155,0.7178518
51097,0.56963205
95604,0.683028
97584,0.41344047
17700,0.5876849
17088,0.49205697
109597,0.24469756
5875,0.26873437
66019,0.339798
29287,0.45191452
16278,0.70698684
79889,0.20118386
7364,0.3658108
72403,0.62577933
124703,0.4433308
77296,0.20087467
7896,0.36949554
62813,0.6455882
72996,0.7951123
14638,0.80941623
52386,0.55866426
79687,0.20597881
91000,0.20287609
89753,0.20217294
8120,0.5641957
56280,0.76165676
78366,0.22419257
60230,0.7189225
23255,0.7891411
99893,0.6645796
89138,0.19686837
83461,0.20994459
104091,0.34794256
121761,0.5811368
108943,0.24453259
16363,0.38473704
97405,0.79530317
24056,0.21114601
99967,0.31785217
88357,0.22769377
60492,0.6811254
96754,0.8086842
119523,0.6534682
54763,0.42594317
56925,0.80066
7712,0.26344755
109124,0.21731248
62835,0.6559698
50496,0.7516244
36544,0.80895203
39578,0.7985452
70740,0.4812734
109615,0.29782218
116403,0.2584294
117462,0.6178797
76331,0.19668892
61801,0.3993518
72640,0.49089983
94218,0.8091231
81323,0.20254722
85768,0.21038666
59818,0.7854728
110830,0.24496795
64732,0.4915933
60927,0.42411903
117675,0.41651347
124165,0.7725501
23940,0.5198764
86953,0.20826079
75649,0.19162592
84725,0.20183973
32766,0.761678
60978,0.74460745
27557,0.26070908
11311,0.6715289
79620,0.2040379
61787,0.48956305
49973,0.51811993
56205,0.45135704
51693,0.29300025
80831,0.204533
55248,0.60793227
35912,0.80895203
97451,0.784985
47591,0.8069103
47878,0.6112719
106549,0.3391391
21866,0.78863424
90881,0.20217294
54765,0.5817217
87258,0.20292807
58497,0.76278454
86363,0.19656846
72028,0.6005167
16449,0.61412424
84987,0.21525319
72896,0.6640512
52084,0.7793118
44035,0.41640985
114995,0.6848134
26573,0.6894111
16523,0.49005392
95738,0.44783038
80725,0.21353751
97902,0.2578586
120793,0.6972297
55528,0.7984359
96331,0.538132
88024,0.2201826
79411,0.20086959
56675,0.7978308
47188,0.7485794
23330,0.79667634
96664,0.8086842
63671,0.79825
18554,0.51944035
67001,0.41838712
64136,0.6700141
43612,0.78964967
112638,0.6056351
61497,0.7272892
41313,0.7950451
35617,0.80895203
78215,0.209911
10288,0.49935418
90242,0.19926375
18422,0.42325306
116464,0.73501664
13830,0.4065448
57668,0.6138176
45284,0.8079547
103078,0.59997326
44975,0.8034293
5971,0.24285078
70711,0.41491857
41942,0.8029965
79357,0.21163875
81625,0.2123411
95377,0.39810172
33656,0.78342843
22171,0.8016232
50936,0.72076017
19219,0.8007238
50421,0.32937068
89677,0.20992874
119799,0.58782315
54637,0.76251364
37419,0.8020883
48325,0.72248816
119740,0.6285354
58771,0.7470991
92933,0.8126727
45453,0.72563833
68991,0.24258207
50950,0.66141814
42169,0.7994585
35339,0.35853058
84813,0.20074111
77003,0.2138611
97998,0.7921526
67572,0.6124118
6707,0.69444835
38730,0.8031359
36795,0.7969342
41277,0.80259776
11593,0.2678938
47760,0.7426403
95692,0.46527183
95232,0.29043153
116126,0.40479317
4197,0.25406963
43261,0.79269826
8436,0.34316927
27217,0.31812003
109163,0.24314402
102894,0.65640193
123412,0.75659925
37345,0.8007448
46692,0.80061066
111953,0.5282119
13378,0.6882073
9135,0.6685699
12145,0.41488582
37488,0.8017056
95645,0.6369686
91982,0.24842452
116711,0.34625983
91260,0.21131809
47671,0.8069103
59368,0.62937003
38804,0.8016797
36046,0.7396945
32128,0.7994277
39951,0.7942876
119852,0.44627035
111186,0.51287407
9125,0.5862043
17745,0.56208104
102448,0.27428564
57859,0.7966211
72297,0.7413838
55157,0.4331109
124924,0.72950125
3479,0.30709836
8450,0.49806926
17631,0.676408
20381,0.79504216
56063,0.78675014
104227,0.3644503
24924,0.44584885
49334,0.42313263
9866,0.6617752
111211,0.3992411
59688,0.76514494
107455,0.3491878
20690,0.8005739
47091,0.80858403
90182,0.19926375
42159,0.79985696
73234,0.34689352
122425,0.6289609
69556,0.32010174
59147,0.7628141
52090,0.7793118
107392,0.5757631
54594,0.40119082
41343,0.7950451
8025,0.30429858
32122,0.7994277
123103,0.7615474
103691,0.46644208
7611,0.32328254
18933,0.20045832
43662,0.40979314
1072,0.32834473
70736,0.60450226
121283,0.40506938
64154,0.39322332
5912,0.50367665
115709,0.5042345
73532,0.38110748
39550,0.7981991
4889,0.79814386
37863,0.8088405
69528,0.38596642
72752,0.45588428
118330,0.32171944
33202,0.50527984
112554,0.67275417
68781,0.22026548
67964,0.5290949
253,0.33703128
82304,0.20369448
31229,0.7881359
51849,0.771103
18888,0.21206717
63919,0.66301566
47935,0.512452
24233,0.8010305
102346,0.458843
71029,0.6270831
92519,0.7050771
71417,0.3057192
42282,0.34138048
29823,0.73936456
57175,0.76944894
1009,0.80024505
92165,0.6620985
48036,0.32547995
105148,0.443517
31189,0.78794247
70672,0.62661314
80659,0.20079927
59780,0.35368508
9184,0.7160313
53199,0.401158
119131,0.38146287
11415,0.73563445
3626,0.4135455
4732,0.794338
39918,0.80259776
62881,0.7878665
39974,0.79508096
60197,0.7107737
48225,0.8023793
83458,0.20994459
119184,0.69572264
11266,0.3811822
72115,0.40694967
834,0.8081262
69357,0.42358842
19438,0.7992589
111692,0.42434096
101758,0.78976077
436,0.28507394
40076,0.80259776
72594,0.37900463
117841,0.59058785
52057,0.7793118
29282,0.7536543
87675,0.21048853
4911,0.79814386
101121,0.53063756
39809,0.80712885
100071,0.2807566
40553,0.7467573
14119,0.8078827
104103,0.44490135
21172,0.20154764
36945,0.56166214
69547,0.32010174
110811,0.2429854
68187,0.6115812
28395,0.38866583
6348,0.57502645
97112,0.55762696
89398,0.22192799
99213,0.28651413
60365,0.7936831
39142,0.79608226
95901,0.29875332
28432,0.2909377
109840,0.23264858
13205,0.75386935
8303,0.70587444
121174,0.41038555
74050,0.3571774
78944,0.24470752
93437,0.36096
88571,0.20453335
94003,0.80791086
86396,0.19656846
114425,0.7255402
56896,0.80066
47176,0.5502059
62415,0.794977
104551,0.52386755
72521,0.49670556
13675,0.5014665
59906,0.74460745
88376,0.19407003
75894,0.21343903
35952,0.8090495
99937,0.33350816
31246,0.7881359
78384,0.22419257
57059,0.80066
59938,0.6621213
82529,0.19792199
64351,0.7758818
84489,0.20234638
116733,0.7077057
66758,0.4066288
29124,0.79212976
40044,0.7318393
116295,0.68504095
95362,0.32566246
98978,0.36270425
83548,0.19816239
109212,0.21373075
35157,0.42318243
35449,0.8012454
33952,0.7999786
115064,0.6829032
3791,0.2952391
36538,0.80895203
4021,0.41688597
124349,0.63244325
48240,0.8023793
48729,0.8095503
61262,0.74820125
104878,0.42874685
70926,0.78859717
35759,0.80895203
78773,0.21467511
27192,0.48312017
3549,0.32984734
97255,0.39956853
92663,0.6167395
92158,0.51600623
110924,0.29209515
113575,0.40026644
51391,0.67860454
31484,0.8015809
113545,0.513504
78245,0.20677643
65282,0.67152184
59659,0.7987054
63023,0.77861786
114851,0.4394649
19290,0.6294256
97175,0.2729876
55719,0.32553247
10014,0.3876957
67666,0.7091516
67783,0.32057184
106529,0.4665014
104883,0.62454367
53205,0.69881546
58156,0.5724516
42620,0.80297065
53188,0.5109766
32508,0.62058026
12213,0.6811953
110347,0.28358448
25402,0.8003337
121810,0.73287684
90252,0.19926375
28124,0.41016418
82089,0.23393586
31125,0.53952426
20351,0.79512703
15783,0.66968197
51197,0.6879974
47356,0.80246544
47712,0.62149864
106661,0.3398958
54607,0.6393781
97170,0.2729876
7406,0.6625279
48708,0.8095503
123334,0.7565942
68727,0.23920584
46027,0.5456377
30774,0.8081197
29617,0.69580996
99058,0.64283615
110121,0.27846062
45397,0.79790163
74149,0.2715731
95977,0.29286277
113555,0.44238636
120180,0.74130756
18692,0.6879443
35096,0.7504379
39697,0.80761963
73810,0.4058497
106646,0.3596554
34882,0.5428057
60476,0.7770301
111826,0.46790457
45401,0.79790163
124760,0.7437607
63396,0.7945282
106168,0.40186438
34888,0.6027981
87516,0.19718249
105928,0.7490562
72263,0.6863876
115584,0.43857756
61181,0.6631665
28733,0.48828816
114862,0.60129595
65547,0.44372994
84982,0.21659076
72212,0.64394474
91746,0.2415762
83391,0.19832973
68466,0.5021171
104988,0.6750116
86377,0.19656846
81737,0.25022885
106491,0.33000198
117125,0.5655307
74117,0.28696546
62269,0.79593754
45169,0.7446126
19606,0.6611762
65359,0.80067235
17425,0.295209
52819,0.7472173
26148,0.5250016
109698,0.23486933
19162,0.8007238
59100,0.5690689
86492,0.19697398
2193,0.7249909
119785,0.4039521
92934,0.8126727
121024,0.5706515
425,0.5220273
92899,0.8126727
81483,0.2123183
57266,0.7994125
80958,0.21002577
103416,0.35732296
14253,0.2564298
47309,0.36224276
19353,0.7883159
81204,0.21072021
50628,0.6987621
91922,0.25653255
109945,0.23082173
118902,0.7243865
13807,0.28628013
49905,0.32231823
8871,0.38611898
23342,0.45349514
113322,0.21046467
17068,0.43137935
64123,0.41457424
82344,0.20380327
1326,0.79771465
4564,0.78055394
41119,0.80259776
30023,0.34241876
84417,0.20127374
93589,0.7269699
66543,0.35526556
28093,0.69858193
24174,0.7959555
8527,0.7591698
33381,0.63543034
40973,0.80793554
96083,0.43229756
28190,0.42690647
43751,0.80103445
34810,0.7976452
28849,0.43707812
64957,0.3609639
23814,0.49977335
11497,0.24829988
81456,0.21137816
71146,0.29224637
64162,0.39322332
2215,0.7249909
30653,0.8081197
71467,0.25805628
68392,0.59205365
110365,0.2809963
848,0.8081262
86401,0.20715341
53842,0.3012661
75138,0.20049691
97837,0.24132635
121715,0.76344424
57433,0.7369569
61493,0.7272892
41395,0.79086274
123692,0.6473074
9263,0.43327618
97303,0.79937947
91112,0.2026585
54074,0.37220013
30131,0.21355927
8839,0.30857345
53554,0.45363864
20204,0.3936855
92293,0.3102953
100458,0.5175482
116437,0.6610121
45207,0.25168905
59250,0.51700515
25989,0.28580162
82877,0.21849662
73523,0.55464274
90699,0.20289546
17467,0.7994779
50481,0.7258097
74868,0.66845095
121230,0.55108076
45730,0.2601593
89224,0.21090466
35375,0.36522838
106711,0.5818339
16668,0.5974102
92494,0.6654072
1058,0.6969095
50055,0.30670848
84609,0.20986125
65387,0.35925248
70857,0.40904692
93388,0.61496055
89458,0.20051964
77560,0.19691026
24848,0.4612573
82318,0.19952674
123398,0.75659925
54827,0.32675657
77734,0.22766323
94821,0.2722864
37025,0.8010573
41111,0.80259776
42674,0.8002086
69063,0.46892112
29584,0.7773035
93733,0.75042945
4323,0.8040453
57651,0.7593311
60526,0.7770301
24273,0.58910954
75322,0.20518753
60614,0.7450287
55213,0.55511326
39435,0.7053893
104496,0.47852346
93741,0.75042945
97577,0.36538398
21618,0.792719
34824,0.7976452
93834,0.29845664
87305,0.25369856
113176,0.4621844
123865,0.70190185
48320,0.72248816
59751,0.43108955
108547,0.55545413
64739,0.59360623
2341,0.648447
58540,0.7613611
20819,0.5459212
44509,0.80340356
19121,0.5605845
62343,0.79593754
109454,0.22585481
2840,0.55669
57887,0.7966211
63772,0.77509916
60621,0.7450287
4118,0.77397823
55592,0.68438023
16024,0.38088727
7691,0.46712375
10011,0.26347727
56421,0.6236272
31593,0.8017898
56907,0.80066
56543,0.7534088
59014,0.77882355
124970,0.6783495
94207,0.7546398
72088,0.3577627
96340,0.38778722
77508,0.20308563
19215,0.8007238
89141,0.20824446
96862,0.3821353
121828,0.5531808
47104,0.7578237
122152,0.7032003
102433,0.74208635
53457,0.7852096
69799,0.40056798
72093,0.36422038
56038,0.77514184
43003,0.80101717
69883,0.3733511
13735,0.64279324
74229,0.38678712
122495,0.71678436
25279,0.75228924
99928,0.2736823
50060,0.30219498
97594,0.53135604
37428,0.8020883
96815,0.37955442
2369,0.69588643
2618,0.71178025
51394,0.7053201
19092,0.7451439
10968,0.36639532
42636,0.58814317
22925,0.8096462
60892,0.76531553
62714,0.56443334
9037,0.5154556
40573,0.79639655
86089,0.23824461
44369,0.8091743
74816,0.28247032
26108,0.53766805
16868,0.44809413
115780,0.44782865
118668,0.70875174
73074,0.5007536
123,0.8044831
38017,0.8088441
4280,0.8040453
104513,0.34602073
69873,0.46656433
17937,0.7994667
78734,0.19799112
104029,0.40128887
86062,0.20343135
81599,0.2018793
116197,0.68740296
105339,0.39056966
25467,0.7994737
82613,0.20440398
13431,0.63939726
95207,0.277652
11919,0.27021158
101186,0.3342126
42084,0.34287843
78835,0.2176284
37524,0.8017056
28975,0.38025418
118885,0.7243865
44253,0.79679835
78211,0.209911
10786,0.56478035
50819,0.6416767
86950,0.21007657
50129,0.73106563
123818,0.49039945
1400,0.4946223
63030,0.55877763
102028,0.5842605
95443,0.3928328
92195,0.4553324
19583,0.74325883
8068,0.46588284
40080,0.80259776
53317,0.7822329
15923,0.7301502
30285,0.71104914
67612,0.38272038
75193,0.20343232
110510,0.24477373
106093,0.8035616
101274,0.28356892
42093,0.80231726
40247,0.7973143
12504,0.4019694
35149,0.5251331
4531,0.7941082
75459,0.22284925
6756,0.25896013
55545,0.7984359
101339,0.3091577
32850,0.7898537
96849,0.50926757
63066,0.78768617
4920,0.79814386
4759,0.71763456
81014,0.20491405
102129,0.38218802
99809,0.37314087
16876,0.4480132
70211,0.7218432
30487,0.809041
98638,0.28010988
26082,0.4358682
109894,0.33211282
120825,0.70667946
97082,0.38782516
12686,0.28802794
7962,0.63539237
109179,0.23707953
55935,0.7389595
97216,0.54585904
106328,0.81097645
54352,0.772146
49937,0.5685409
16477,0.37434262
44916,0.8013557
47839,0.3884488
13684,0.4732892
2285,0.72548056
35044,0.8005567
21088,0.675404
15815,0.6375193
56639,0.78898716
70212,0.4413879
50583,0.7164721
107913,0.5111043
106108,0.36041915
22882,0.78570265
10496,0.2583587
19520,0.7982406
35542,0.7655084
36516,0.8088441
67359,0.5202324
116208,0.72511554
99543,0.3183575
118589,0.28900257
124981,0.5751942
33675,0.7979809
22970,0.45648453
51586,0.48093706
61746,0.7622276
10875,0.3282867
78324,0.21440104
34964,0.8005567
54958,0.7817709
123232,0.7864152
48018,0.73346025
53102,0.7966562
21533,0.8011279
36645,0.8090495
101237,0.25743377
69117,0.40469715
2075,0.7374721
53419,0.7852096
36830,0.8023691
61419,0.79715264
2110,0.6333503
55645,0.71715343
67047,0.35933313
53453,0.7852096
44021,0.79199797
965,0.7080446
61749,0.53878117
5406,0.7311433
30608,0.7894059
77418,0.20022513
90179,0.20539738
62407,0.794977
81448,0.2123183
34108,0.33111638
112748,0.46072248
115028,0.41623658
42916,0.80101717
124306,0.7733903
20876,0.33615145
7829,0.32890153
50384,0.33915752
11327,0.36151782
57536,0.74835086
95569,0.55678946
44703,0.25168905
8098,0.5891625
86078,0.2201631
39593,0.7985452
3462,0.3955513
8543,0.7591698
2336,0.37217277
84570,0.20343326
9532,0.6465951
101393,0.44434425
60440,0.5794069
44577,0.80340356
73691,0.6314512
121381,0.6080438
83963,0.2093472
25818,0.23273176
3226,0.78494954
79808,0.19892457
44793,0.7729055
105670,0.45153362
67368,0.43379483
89064,0.22457775
120633,0.782627
90888,0.20754236
91952,0.336576
57576,0.76587456
44200,0.71286595
119775,0.34308887
106299,0.81097645
60416,0.5469367
93312,0.48438945
35140,0.8005567
70842,0.30575055
36924,0.50273263
102751,0.5844853
2942,0.725405
94483,0.409143
117191,0.64545447
77521,0.2013529
122604,0.72379816
47035,0.2729432
67526,0.6094129
75722,0.19570191
68133,0.43127334
59987,0.6152973
116300,0.68504095
34657,0.7351485
86897,0.21431942
9009,0.2872988
92617,0.26090348
46267,0.809229
11727,0.64195204
63077,0.79033977
91408,0.2023307
54850,0.7622927
66674,0.43934327
19587,0.74325883
95537,0.5162775
75775,0.20457692
121232,0.55108076
31558,0.80165464
93917,0.3078621
29950,0.21149233
99332,0.56364256
107320,0.8077964
24871,0.3609471
82708,0.20147131
86024,0.20411919
6615,0.32067016
23748,0.80976826
112002,0.6638802
38566,0.80426425
867,0.8081262
116188,0.72511554
33861,0.3551955
97179,0.2729876
117626,0.693956
2891,0.349764
17575,0.70349276
58012,0.7898255
90504,0.21682937
97508,0.79937947
95016,0.76153153
54489,0.40231565
94104,0.8091231
93458,0.64794517
27108,0.72135913
120198,0.55773616
57869,0.7401102
118334,0.32171944
109599,0.24469756
87329,0.2000614
107020,0.8093602
82162,0.22399761
66847,0.38951916
54322,0.772146
19745,0.54594857
40728,0.7974256
64437,0.80919904
109222,0.21373075
42151,0.60641223
37158,0.80104226
118462,0.67674214
78821,0.2202357
61726,0.7815754
84809,0.20074111
58621,0.7923286
24623,0.6035874
93827,0.32260934
37026,0.8010573
32932,0.245481
89297,0.20051925
33371,0.63543034
109090,0.24166662
115715,0.7067594
87242,0.22511593
88566,0.19911098
73258,0.40674138
79490,0.19976647
33408,0.43710336
37995,0.8088441
101410,0.6072996
117421,0.38988888
47401,0.80246544
62673,0.57727045
18677,0.6016457
119718,0.6399785
118689,0.36130458
104356,0.46518248
71285,0.3738954
43197,0.78750926
46667,0.80061066
74666,0.66845095
7204,0.55323654
65492,0.7307723
55962,0.7984359
11559,0.59793526
74415,0.41566408
88572,0.20453335
3394,0.31960085
31372,0.78683996
15763,0.6654072
84752,0.20074111
56987,0.80066
63152,0.78821516
80428,0.22628112
89752,0.20217294
41297,0.7950451
90017,0.21806772
64954,0.74453694
114111,0.57854986
65831,0.767368
30304,0.7310991
118933,0.47107947
98891,0.30728543
105597,0.44796985
121293,0.4249117
57932,0.76587456
46140,0.809229
32952,0.22365966
99139,0.7087848
28922,0.76378036
23671,0.80976826
99396,0.7943882
25594,0.28299046
113646,0.34975764
93778,0.7401596
29765,0.634814
60577,0.5233935
51890,0.33487394
14825,0.80941623
14255,0.2564298
34380,0.3240645
118388,0.41604236
110713,0.24533899
116758,0.70977193
47550,0.8069103
37670,0.80793554
112623,0.5752598
110954,0.3686138
93439,0.36817774
71903,0.41788286
79467,0.20214772
32051,0.79832244
104854,0.62482655
21592,0.792719
48577,0.80945295
32707,0.4617578
84468,0.2130904
30708,0.8081197
98458,0.46299255
105031,0.3303773
70272,0.567854
25298,0.4066543
74310,0.4279427
79476,0.19706704
71329,0.46423692
97869,0.24271716
54148,0.3504024
83522,0.19816239
98733,0.2518522
60813,0.7866082
2504,0.66601855
110085,0.29243118
108503,0.5199425
21843,0.78863424
23797,0.43686107
103579,0.35918587
25916,0.7741067
109471,0.24012405
22932,0.75680643
124243,0.48138162
58547,0.7613611
14879,0.56859434
123501,0.7672387
24555,0.20098579
58622,0.7923286
50668,0.7207907
79987,0.203758
92455,0.5161231
73387,0.5929287
3625,0.6299695
54769,0.5817217
53643,0.35582966
123733,0.7833666
22218,0.8016232
47064,0.3388353
3900,0.53820086
64309,0.73879033
45412,0.77406335
31719,0.8021974
112290,0.4046068
37596,0.80793554
82503,0.19792199
93130,0.812537
36599,0.80895203
92352,0.4439743
22439,0.8043312
70898,0.4884359
100007,0.4628791
97167,0.2729876
47503,0.8069103
69295,0.59875727
66032,0.5578746
43689,0.7988958
47365,0.80246544
11989,0.24329911
64049,0.4920312
37530,0.8017056
33874,0.2681129
3123,0.59684616
8855,0.41339943
44615,0.80340356
93542,0.30852506
74082,0.37038028
81390,0.25205612
89524,0.22181885
41139,0.80259776
45233,0.5732473
75026,0.2021557
20447,0.79504216
110779,0.28219357
10979,0.45079654
106689,0.42854297
9390,0.32708207
14186,0.8078827
85869,0.245396
18688,0.6288799
27409,0.47629377
3077,0.7131118
78903,0.22222933
25747,0.5457891
5127,0.80916846
70920,0.78859717
100553,0.44982538
116084,0.41170755
116182,0.68740296
109692,0.23486933
24861,0.50761396
88039,0.24876708
35432,0.5851962
56256,0.6105488
82589,0.20281063
50298,0.434526
48532,0.80945295
83413,0.19877106
83194,0.19941431
48751,0.6949059
1800,0.71208483
12996,0.39123073
52017,0.45730424
107373,0.51230997
70858,0.5327727
118750,0.44309485
116587,0.5625413
77184,0.20599926
82942,0.20430098
53967,0.5035581
38992,0.79608226
24522,0.21145965
31709,0.8021974
80229,0.2562712
10721,0.36151782
5014,0.7635985
117288,0.40770006
29080,0.63915014
14301,0.41937068
65350,0.80067235
124469,0.7229309
7069,0.5058057
28327,0.29103315
121099,0.63061076
16891,0.40341872
20871,0.27254647
16455,0.4448354
106662,0.39745823
25527,0.7297772
46473,0.8003926
12426,0.3440425
98576,0.5666349
95554,0.3168868
72269,0.3316505
67460,0.33734873
84132,0.20587215
121158,0.4472808
97523,0.784985
53265,0.7723164
23733,0.80976826
61350,0.7936831
91011,0.22840226
14566,0.80941623
70686,0.48903653
83566,0.20027037
113121,0.5602832
85689,0.20929724
40181,0.676834
47964,0.8076063
5053,0.80916846
19908,0.36650968
52842,0.48125556
33829,0.28527045
93334,0.435786
114349,0.33193314
80230,0.2562712
110326,0.28622013
76748,0.21813057
27166,0.71769273
76831,0.19821529
65283,0.67152184
108438,0.43223965
76379,0.24120383
43419,0.8037478
73777,0.3421384
61582,0.7510643
101463,0.6608238
119234,0.3972343
24324,0.49484894
21975,0.20098579
15099,0.2948809
116629,0.5312474
33261,0.42364115
53183,0.5109766
67638,0.43557975
75103,0.20685452
47989,0.808801
119521,0.6565756
31939,0.8071193
38072,0.8088441
97682,0.32133433
8024,0.30429858
84021,0.19841327
909,0.8081262
119682,0.40357196
2230,0.7249909
104069,0.37186342
33023,0.22361958
109823,0.241551
22989,0.3341128
125115,0.6347785
21478,0.79334366
91800,0.21049573
101873,0.6132932
121426,0.748177
54822,0.32675657
48876,0.66748327
110023,0.2483852
49899,0.32231823
15419,0.809004
52288,0.70620096
86804,0.20746163
43812,0.63932997
57781,0.71192646
69052,0.43849224
98086,0.2699063
9530,0.6465951
85282,0.20527403
37510,0.8017056
84820,0.20659871
39672,0.80761963
37659,0.80793554
122153,0.5188152
55118,0.75057685
44717,0.34903118
87627,0.22810778
62913,0.740217
64384,0.56857294
21484,0.8011279
123222,0.7864152
14406,0.80941623
10005,0.70172787
18798,0.80584764
44933,0.8013557
80844,0.2038459
100762,0.3185609
33812,0.35936296
42266,0.36327046
90440,0.23121877
58446,0.5602054
114610,0.72528714
48584,0.80945295
31112,0.451573
25945,0.426145
95124,0.6863963
7613,0.32328254
3331,0.383616
108049,0.6129532
75648,0.19162592
45058,0.8064426
60307,0.6396827
82022,0.21306509
56868,0.55205625
96918,0.7519962
118220,0.37723172
53474,0.34800473
106693,0.46547598
64613,0.6326163
62445,0.794977
122228,0.32450828
122714,0.6103828
40975,0.80793554
18005,0.3479759
84469,0.2130904
27597,0.2640327
103712,0.58089596
41604,0.31139058
91278,0.20409916
40106,0.79722136
22438,0.8043312
92897,0.8126727
75966,0.20249209
117877,0.5724779
82519,0.19792199
46147,0.809229
116354,0.5672632
86302,0.21705042
48737,0.62611914
7252,0.5188438
92575,0.25397834
48675,0.8095503
101974,0.6547492
70379,0.40104496
39012,0.79608226
106253,0.81097645
21098,0.51703024
61502,0.7272892
39518,0.60421157
44851,0.8013557
39303,0.7922891
122434,0.61070544
102146,0.5791679
14391,0.80941623
38849,0.8010264
89823,0.19915576
68972,0.24251743
9118,0.5862043
78,0.6143599
26555,0.47356895
43969,0.79777825
75430,0.22393556
86209,0.20488703
15548,0.809004
109364,0.22190535
64216,0.44070324
64481,0.80919904
31211,0.78794247
67935,0.4425402
92741,0.67797136
113844,0.5800119
29675,0.7122831
22495,0.70787925
106761,0.8092244
103499,0.3747025
119084,0.6228691
8094,0.3543306
52835,0.40913054
67128,0.35526556
27548,0.26070908
63125,0.78821516
96151,0.38916692
78490,0.22198968
32,0.35746962
104342,0.5959371
110416,0.30355063
3236,0.7661638
90727,0.20093733
70639,0.570344
122269,0.76291096
78094,0.19415936
124634,0.7769989
85396,0.22721857
66971,0.45190603
46814,0.39892235
64324,0.73879033
93592,0.7269699
97496,0.79937947
26670,0.7796605
6655,0.30730137
105424,0.6452573
28624,0.57919526
59272,0.77354735
74449,0.6510144
23894,0.4359189
90262,0.19926375
73360,0.29866946
120352,0.7577113
18455,0.5479386
55448,0.79278755
84772,0.20074111
88750,0.20178431
48633,0.8095503
59444,0.7956951
121009,0.5706515
115368,0.5053577
113820,0.6644856
95329,0.57972383
55657,0.43303472
30292,0.7310991
105294,0.6474142
67317,0.3099758
12979,0.3656275
84571,0.21155234
64522,0.80919904
13962,0.24953407
48938,0.8025664
77610,0.19816259
64183,0.37251148
31667,0.3931908
52081,0.7793118
114011,0.31813246
37242,0.80104226
42651,0.8002086
13021,0.51426935
81507,0.19772753
50591,0.29972544
66566,0.25011656
51200,0.6080748
15097,0.2800015
103051,0.3100072
37858,0.8088405
33846,0.5007373
55814,0.78802425
123116,0.7615474
28474,0.2909377
75886,0.20118299
31386,0.78683996
123356,0.59644157
69106,0.6650083
60673,0.7815754
15205,0.624767
81613,0.2018793
65117,0.43494064
25168,0.8093588
42201,0.7994585
83588,0.21932194
27663,0.28888062
61400,0.7939423
68784,0.20654225
24737,0.80835134
43017,0.80101717
63190,0.65721214
34075,0.45666346
10678,0.4330356
97135,0.34406123
40345,0.79750144
56304,0.7920922
34060,0.26794726
88027,0.21062988
55447,0.64873993
69205,0.41798168
49833,0.34518644
61837,0.77669144
13153,0.42129818
58393,0.73997086
84864,0.21964459
44376,0.8091743
1686,0.71992713
76178,0.19572598
45642,0.8091743
37971,0.8088441
8412,0.33502215
118904,0.4926257
7638,0.31410939
63788,0.37578002
62311,0.7841183
98951,0.5901876
119625,0.70404005
3276,0.35085058
88182,0.19880937
77576,0.19776668
102477,0.6939001
47005,0.50477225
50619,0.5349802
35855,0.80895203
15707,0.26650742
91837,0.21049573
49679,0.7418805
4754,0.7612966
78058,0.19875629
95126,0.6863963
89063,0.22457775
16607,0.44111547
49515,0.499391
25064,0.8093588
40082,0.80259776
46064,0.65139395
66885,0.5774291
70901,0.56851697
73829,0.41159064
6733,0.47689566
61992,0.7922315
67887,0.29809082
80639,0.22321807
100075,0.2807566
90855,0.19603279
21106,0.40341365
102495,0.4905418
78840,0.22670141
11616,0.43019834
25171,0.8093588
92692,0.64545
37743,0.8088441
12293,0.3550753
17140,0.363112
42426,0.79443663
308,0.31257218
14565,0.80941623
124504,0.763824
64514,0.80919904
102971,0.33057734
43112,0.46328506
48831,0.8095503
40801,0.79639655
49181,0.43974495
118583,0.28900257
41727,0.7840087
11000,0.25258854
100529,0.30239818
52616,0.4737822
55671,0.7178237
15328,0.39574552
24094,0.20075087
120543,0.6348819
61171,0.7937088
54534,0.7686578
82374,0.20328544
60694,0.7815754
84478,0.20982532
95312,0.3083201
92036,0.2314758
41999,0.76135945
63498,0.7753987
58708,0.76446116
112546,0.5887697
110509,0.25550744
112032,0.47323367
40434,0.5141265
123982,0.77573425
26679,0.7922945
77253,0.20736916
44064,0.7863542
92282,0.3102953
37546,0.68988854
3748,0.37346226
119954,0.35792756
65693,0.682711
93344,0.435786
6551,0.475959
47594,0.8069103
54499,0.40231565
22711,0.7274424
54139,0.3504024
21525,0.8011279
75024,0.2087381
29859,0.26831695
85663,0.20433179
43172,0.78750926
2405,0.39124715
29659,0.5290509
27523,0.26070908
106593,0.30908996
114836,0.66120166
38478,0.78521395
67982,0.5514042
19844,0.7098651
22346,0.8029905
92186,0.34655374
40283,0.79750144
39460,0.78052247
56057,0.78675014
92206,0.40472504
123699,0.75292736
12080,0.46833026
36982,0.79122895
93951,0.3356592
54041,0.37220013
13188,0.5885909
120150,0.6862237
114898,0.5803158
12859,0.40380943
65914,0.55466425
77266,0.2096767
40401,0.7986321
74601,0.808755
72980,0.7951123
115887,0.48173058
82462,0.21470301
34006,0.3362647
62331,0.7841183
47471,0.80642956
101860,0.33411846
15430,0.809004
99188,0.48718184
122744,0.5941159
75185,0.23700005
67725,0.2839216
7277,0.3951997
35012,0.8005567
33954,0.7401211
101342,0.34832773
74916,0.6434226
109861,0.24865137
74421,0.41566408
82161,0.22399761
59296,0.76241183
48038,0.32547995
22942,0.8096462
1345,0.64332616
12992,0.67329687
68520,0.30679315
56780,0.7295036
41272,0.80259776
1206,0.80455685
72478,0.38839218
80835,0.2038459
42161,0.7994585
52250,0.55752045
58403,0.73429996
42514,0.80821896
11620,0.44045323
32041,0.79832244
34706,0.7975801
32290,0.55094093
102662,0.698929
56956,0.80066
22598,0.20071383
92776,0.5335362
71883,0.373727
19513,0.7982406
83146,0.20011267
59229,0.79346615
7245,0.5188438
82864,0.20036025
101055,0.44621438
4767,0.71763456
79749,0.19886276
82137,0.21752252
106931,0.80592895
61733,0.4971146
8849,0.43087393
6835,0.7676352
87789,0.22391164
50486,0.7516244
29847,0.31395462
115047,0.45924994
76021,0.21199924
21769,0.7218162
62734,0.40873256
30968,0.80841833
97326,0.79937947
98091,0.27726007
14111,0.8078827
119201,0.6490573
43703,0.80103445
45940,0.8042443
92486,0.26041776
56579,0.73015046
23524,0.8097241
68306,0.50392085
94909,0.39386415
119192,0.6490573
107960,0.52364373
61302,0.26383954
112598,0.704684
28875,0.761436
52556,0.5459793
44220,0.7392682
123798,0.49908265
61203,0.7628141
17331,0.7014428
28306,0.29103315
41143,0.80259776
57180,0.76944894
73771,0.39570627
4722,0.794338
49486,0.33895442
8374,0.3618806
56141,0.53560275
102008,0.42000023
69639,0.79571474
81074,0.21412349
103352,0.40664318
50978,0.54304904
10762,0.39317504
25723,0.4230257
79659,0.19859582
93043,0.8126727
63024,0.77861786
102198,0.4789238
121608,0.7193865
37522,0.8017056
81169,0.20376888
102941,0.5339925
124984,0.6385976
69322,0.6015663
106271,0.81097645
28129,0.41016418
48346,0.7643593
113661,0.67341036
49717,0.3409688
24558,0.20098579
87061,0.2147669
81626,0.2123411
107378,0.42854297
111411,0.31555817
47906,0.5437872
86441,0.20074111
84071,0.21849662
48299,0.64534944
9978,0.24515414
50731,0.5210212
109474,0.23890145
77963,0.19811197
62556,0.48024458
59863,0.464797
40550,0.8005098
99685,0.45935562
45731,0.2601593
74472,0.3596725
17633,0.4415464
112809,0.33930188
40049,0.80259776
113038,0.43511468
92128,0.38783586
35940,0.8090495
30648,0.8081197
15605,0.809004
21686,0.8029905
41855,0.33875856
110243,0.22545964
115331,0.48173058
79842,0.22646785
1895,0.77547044
86083,0.23824461
37442,0.72230875
4723,0.794338
63620,0.6851431
27972,0.31827724
32406,0.80135787
115476,0.5842374
105732,0.59934205
676,0.80694073
90369,0.20139149
71874,0.3450316
12361,0.32566264
98030,0.7921526
99104,0.63661295
113295,0.21046467
37976,0.72801304
69798,0.3527909
23043,0.8096462
121246,0.6819698
33600,0.3051635
96840,0.5176404
72048,0.55624074
110328,0.2576888
97860,0.24096784
39195,0.7978946
124808,0.77363646
111555,0.48136315
87009,0.21588057
99842,0.32115793
79871,0.22311585
2530,0.6100138
20691,0.8005739
100754,0.3185609
5586,0.80371577
124582,0.7769989
49926,0.33745414
41669,0.39622194
51098,0.35761148
85832,0.20546341
20248,0.66992
35447,0.8012454
98524,0.59932536
6446,0.3163832
112406,0.36409175
17357,0.43409014
9891,0.4944446
82501,0.19792199
63059,0.3993518
95370,0.6728777
115650,0.7356775
109284,0.23485018
74543,0.808755
5353,0.779835
120560,0.5850511
68953,0.24631251
77851,0.19706601
28722,0.7641904
69012,0.7091518
27093,0.48977306
120967,0.75649893
98772,0.5132907
11808,0.5258141
43036,0.80101717
100164,0.55556667
87623,0.21474518
76849,0.22176038
76851,0.22176038
109817,0.26915103
13197,0.5312099
108991,0.23943147
55946,0.7984359
52782,0.6984359
58870,0.6779281
57696,0.42649853
17816,0.79501486
13466,0.54117227
65466,0.39965454
63197,0.76388085
45345,0.6989174
12442,0.5790899
16102,0.4420079
81107,0.20250352
123305,0.74960905
124140,0.76941335
51532,0.310707
77815,0.19841981
112191,0.3277323
81856,0.20218292
58203,0.8031131
27715,0.4401917
121536,0.7363015
85752,0.2049943
108228,0.8087252
58232,0.8031131
6713,0.69444835
61076,0.79203284
10629,0.44801024
63927,0.77255356
70785,0.6270831
40353,0.79750144
10090,0.48667824
57071,0.80066
87105,0.20331965
4665,0.794338
115436,0.62213427
36342,0.8082987
42302,0.7913824
14835,0.80941623
109436,0.23125494
5191,0.80916846
22480,0.75260013
111193,0.5598396
78917,0.23068838
81221,0.20513666
16723,0.6808965
47633,0.8069103
37260,0.7433982
75168,0.21254636
21431,0.8011279
75384,0.2190357
96890,0.3345645
35508,0.39141703
107346,0.8077964
60648,0.7773255
65657,0.80067235
109184,0.24549752
10995,0.25258854
5096,0.80916846
99250,0.48919338
103206,0.37715018
21290,0.23717918
40231,0.7973143
115959,0.7348952
43619,0.78964967
116514,0.6773647
66426,0.367342
64422,0.80919904
101809,0.70843023
79698,0.22023325
83009,0.20046736
77302,0.20087467
22016,0.64260185
74468,0.35291663
10667,0.4330356
23516,0.8097241
105125,0.61404276
18110,0.7957616
88624,0.21511427
120622,0.782627
46362,0.80858403
99457,0.39777622
87457,0.21527347
8637,0.6358472
113643,0.47545874
84716,0.19836894
5380,0.78294855
86444,0.20525937
102992,0.54393196
30154,0.21355927
95984,0.6516882
58183,0.8031131
603,0.79701495
47358,0.80246544
12688,0.28802794
79706,0.2060471
97146,0.5923291
60055,0.7085442
403,0.42951876
273,0.37843663
39272,0.7960421
98807,0.33738607
49595,0.7354832
92376,0.37282017
103822,0.8084247
18562,0.4932649
18908,0.20049535
95065,0.75271696
8207,0.73211986
78803,0.19844064
42492,0.80821896
62695,0.70052934
91524,0.24776775
9213,0.544299
65457,0.78520167
113126,0.39768073
11619,0.62805617
5909,0.24677347
61463,0.70225567
58457,0.76785195
43231,0.48221242
50555,0.7155806
110349,0.30604652
86386,0.21690504
10711,0.44045323
112093,0.31549242
71695,0.30531344
103063,0.46995908
27601,0.2640327
10435,0.28566024
91645,0.20991091
108128,0.3394667
76614,0.19949698
8933,0.3848642
23149,0.58254427
114274,0.7104461
16625,0.56168437
43790,0.5955842
104033,0.29486084
30020,0.34241876
1922,0.77547044
48237,0.8023793
57049,0.80066
50561,0.40704852
33497,0.61159456
114210,0.47644636
21420,0.8016232
107542,0.80911267
23154,0.5575105
79649,0.19859582
67574,0.52639645
28092,0.41016418
45114,0.8064426
29215,0.75938845
22693,0.63103867
6521,0.25836945
5038,0.80916846
81785,0.21355222
29462,0.43288133
82194,0.20129515
64948,0.38282052
105871,0.5146303
8226,0.27140877
64326,0.5287283
98753,0.2566647
56174,0.7632336
41331,0.7950451
118580,0.28900257
78669,0.1945091
75597,0.19942842
16613,0.53071535
44972,0.8034293
14086,0.25712478
30434,0.809041
17894,0.7593702
29959,0.21145381
60886,0.76419103
114016,0.31813246
36004,0.8088441
100469,0.43499145
62070,0.7922315
67362,0.5632985
68652,0.6477925
15971,0.2799659
50393,0.6740619
34580,0.79532456
5004,0.7635985
26522,0.5110519
69951,0.61217713
85186,0.22062868
123341,0.7565942
61972,0.74294055
92785,0.50660896
90732,0.20093733
35230,0.8075424
112687,0.57462704
89359,0.25545508
79318,0.20337424
77481,0.20972544
123638,0.74819463
106821,0.8092244
60123,0.78043467
3244,0.7661638
7917,0.67878574
111836,0.691129
89576,0.1981488
81188,0.20381528
25228,0.6108878
87770,0.2106527
37183,0.80104226
89644,0.2090512
6397,0.67008054
25137,0.8093588
76777,0.19935705
112702,0.6874626
29069,0.34419703
45112,0.8064426
111999,0.6154058
113267,0.21046467
92765,0.47051907
69602,0.79571474
14349,0.27826265
59791,0.75440073
12557,0.5698719
14769,0.80941623
87486,0.21320541
56883,0.80066
77203,0.20125021
72184,0.68494874
123850,0.6783156
97562,0.26555824
66751,0.35933313
99689,0.44320872
58180,0.8031131
84578,0.20343326
74985,0.20595615
3419,0.42775372
92434,0.6400077
73551,0.4602538
80273,0.2422627
88981,0.20602237
104364,0.6219062
94123,0.8091231
7866,0.3543306
78343,0.23361339
63219,0.76388085
75352,0.22411023
5711,0.2590064
84178,0.20490189
18568,0.6936818
63404,0.7947931
43041,0.80101717
37873,0.8088405
60777,0.78944904
40874,0.7537964
107775,0.4215686
80928,0.20382415
67263,0.67633146
122790,0.46016735
46986,0.8083836
33389,0.5057998
70504,0.679852
101328,0.25291
84081,0.19925098
76726,0.20569986
100704,0.38961765
109181,0.256481
28095,0.69858193
100144,0.3659716
59109,0.75640637
119810,0.33819708
108566,0.7927681
65191,0.6271768
74983,0.20595615
101250,0.25743377
24628,0.50724196
39346,0.79250586
35405,0.7934679
33465,0.4015189
21139,0.33612412
21349,0.7943738
70618,0.47651228
8446,0.3217151
53118,0.7966562
68060,0.6353894
19992,0.50349486
7393,0.30811393
55903,0.37834862
118422,0.6547449
89636,0.20183422
24688,0.80835134
108890,0.2651552
51656,0.33736527
1654,0.38293424
51419,0.36707237
71971,0.26785138
67181,0.76806396
102524,0.36136702
83455,0.19877106
26958,0.77549654
27898,0.31827724
27113,0.5319012
19347,0.7883159
90634,0.20206082
34745,0.3374693
4992,0.8041499
29342,0.44733703
47952,0.8076063
7795,0.5129967
86510,0.2151883
107798,0.5201928
18194,0.7957616
122395,0.4946062
3911,0.6694514
55601,0.6348031
52472,0.42418924
43250,0.79269826
88057,0.1977262
97900,0.25200337
35396,0.7934679
66669,0.42268848
47923,0.6526223
93364,0.627648
94913,0.39386415
63255,0.7808865
85667,0.20433179
122278,0.6658861
83675,0.2121623
27520,0.4113743
79657,0.19859582
89311,0.20192733
51724,0.64913803
76887,0.23349379
52669,0.31134886
107203,0.8093602
48872,0.465979
28953,0.44708025
112451,0.3494475
51698,0.29300025
74336,0.40865096
1801,0.6163712
41115,0.80259776
70370,0.5642985
108319,0.41833812
83701,0.21110854
74112,0.4668939
67290,0.33209994
103519,0.38639128
114740,0.7105196
115150,0.31724137
36103,0.5006009
113784,0.37346166
10354,0.38141844
3143,0.49766597
56237,0.63694805
67665,0.7091516
83177,0.21683165
99699,0.53730017
124290,0.7733903
4229,0.8040453
19309,0.42328677
51950,0.7647062
68197,0.6178941
115972,0.66202754
996,0.80024505
100947,0.5782585
101915,0.3673273
65021,0.77756476
28232,0.28790075
108060,0.41042334
69440,0.6260552
3962,0.4443502
10018,0.26578045
56591,0.73094845
14324,0.28278965
11969,0.26744416
21540,0.8011279
81858,0.20218292
106230,0.81097645
69129,0.646493
24554,0.20098579
64424,0.80919904
48446,0.8092743
16609,0.44111547
15312,0.4263661
87609,0.20860782
112657,0.6898034
13616,0.64685506
98249,0.30197254
90082,0.20518908
84035,0.20169479
95395,0.48428297
89989,0.20367695
118965,0.7577113
122334,0.7132312
103135,0.3943639
52015,0.53769726
78334,0.22413315
22616,0.5708582
58682,0.7643595
1838,0.77587235
96673,0.8086842
576,0.7220523
80414,0.23854883
45276,0.36688864
119460,0.3511675
63499,0.7753987
12185,0.7101028
97770,0.3266243
3422,0.3633466
72549,0.586044
19701,0.48007765
18187,0.7957616
105287,0.6474142
7878,0.29927525
14616,0.80941623
33942,0.7999353
5793,0.28650877
5694,0.450431
50653,0.6506473
111536,0.42261046
77367,0.24738361
110544,0.27090627
117176,0.33886203
110648,0.26608026
96858,0.47474062
77083,0.20004468
124682,0.5887796
90159,0.19926375
114922,0.70804405
34874,0.7739841
89455,0.20003535
120928,0.5110053
4109,0.77397823
57352,0.5208419
33778,0.7854293
3051,0.7188313
27311,0.36128923
24219,0.8010305
100432,0.43220174
103344,0.38295975
47670,0.71732193
54051,0.37220013
95859,0.6800561
54660,0.7911916
10254,0.42049634
122420,0.527848
40040,0.48885128
90270,0.19926375
98309,0.58232284
74081,0.37038028
40749,0.7961792
74147,0.2715731
97997,0.7921526
112617,0.3865583
46812,0.59013885
17177,0.34420466
99381,0.6288795
15450,0.809004
101774,0.78976077
65091,0.77319705
2335,0.37217277
107753,0.5301703
97762,0.3254241
18558,0.57987547
46491,0.7305027
103725,0.63799536
65630,0.7542563
88136,0.19789094
70706,0.39735433
32254,0.8010758
24595,0.20071383
110051,0.2483852
34790,0.6550519
124215,0.7778656
104938,0.39106977
82841,0.20069158
116198,0.68740296
90173,0.19926375
47290,0.49069363
106807,0.8092244
45887,0.8042443
95658,0.39386415
69888,0.3733511
14577,0.80941623
60249,0.66978574
31776,0.8023811
44967,0.8034293
55397,0.41450098
59798,0.75440073
23488,0.49630368
116751,0.54066265
62777,0.72664136
115582,0.58961
17234,0.6845564
35343,0.7083936
98997,0.4017581
47100,0.80858403
9275,0.43327618
114652,0.72528714
98596,0.4866638
91662,0.20953567
747,0.49523187
50721,0.5415722
71718,0.31789076
102161,0.75313824
14767,0.80941623
40732,0.7974256
108267,0.619651
82556,0.19792199
16381,0.3212866
110583,0.23263536
93009,0.8126727
43346,0.8037478
40757,0.6018943
88508,0.22506896
58545,0.7613611
6594,0.6889281
41760,0.4846254
105485,0.39153022
30897,0.7644325
4224,0.8040453
65956,0.6991469
5996,0.24898203
12194,0.41507575
48993,0.7953699
98026,0.7921526
120765,0.39309955
101283,0.28356892
50268,0.76257175
75757,0.19938312
68488,0.43811825
8644,0.5521084
9987,0.5127409
53530,0.7201066
76642,0.20198578
84204,0.20859048
78201,0.2040921
65689,0.682711
50372,0.71643686
103724,0.5984083
122396,0.56511575
2397,0.32927695
46914,0.80718696
75787,0.20457692
7472,0.54326284
17159,0.36191425
106286,0.81097645
106924,0.39588884
20177,0.5824369
61392,0.7939423
74146,0.2715731
33196,0.5267812
22625,0.4032748
74280,0.43419477
121037,0.39555627
103067,0.38272166
83131,0.20011267
94238,0.8091231
30126,0.21355927
27236,0.31812003
115990,0.7306626
41839,0.8002086
56548,0.75686413
123927,0.77573425
17624,0.5058003
87107,0.20060946
73277,0.49513665
100006,0.5410698
61569,0.7510643
13292,0.4756513
118638,0.37106162
109958,0.23082173
47450,0.4864502
12577,0.47297233
48491,0.7931126
52932,0.539496
72700,0.477885
30670,0.8081197
62599,0.59622604
96933,0.57958484
15197,0.57665616
89179,0.20899108
1063,0.80024505
73302,0.40532196
65165,0.36781383
42717,0.55782074
23158,0.58254427
63466,0.7753987
91141,0.20434585
71154,0.5857236
79083,0.20094126
13344,0.6127805
33844,0.7719395
114940,0.7321596
57208,0.67505497
97186,0.34804744
37627,0.80793554
123991,0.77573425
57992,0.7898255
11782,0.2607142
51377,0.35842827
49713,0.3409688
50719,0.56963205
36515,0.8088441
71665,0.59646994
19879,0.20075087
32055,0.79832244
4185,0.45078284
73336,0.30642527
117311,0.65415514
49892,0.59775597
27638,0.28888062
114279,0.5844472
60356,0.59890443
25881,0.43601564
8188,0.48040494
107456,0.3491878
69400,0.68420374
55655,0.39661556
93497,0.41768882
106161,0.62491304
34499,0.7937589
77608,0.19816259
7517,0.6205038
63097,0.79033977
13808,0.659302
20698,0.8005739
115247,0.4519694
119899,0.6587647
20852,0.27254647
106799,0.8092244
25524,0.7994737
63770,0.77509916
46981,0.8083836
10476,0.2701716
17303,0.45818338
105348,0.8074962
19727,0.49620032
101104,0.72285837
72764,0.41007832
10417,0.37952358
64242,0.7637976
13484,0.4701947
65128,0.53921336
110674,0.23066564
104778,0.40835908
29981,0.21145381
53717,0.34255952
42453,0.80821896
86882,0.20059909
4258,0.8040453
48220,0.8023793
111803,0.5521993
68360,0.6035701
64961,0.3609639
35061,0.8005567
4420,0.8019783
90284,0.20528893
78140,0.19666083
68588,0.5311006
88539,0.19686837
28084,0.44795397
41225,0.80259776
123391,0.75659925
75797,0.20876613
122436,0.61070544
19743,0.55126464
78556,0.20098701
94849,0.3371102
64695,0.782012
70642,0.42105544
67544,0.5854587
26565,0.49363825
53412,0.7852096
81080,0.20516096
86618,0.23780167
35331,0.2813607
91087,0.20234443
13547,0.4855158
34712,0.7975801
93483,0.35740355
55672,0.7416669
35327,0.31998903
6361,0.6841077
52021,0.45730424
1530,0.3619551
84557,0.21600479
32805,0.7898537
8844,0.6118307
31548,0.80165464
20906,0.34662032
72860,0.53992707
116480,0.66658956
29924,0.21149233
52642,0.47325486
56698,0.61791104
54803,0.7823451
90729,0.20093733
2363,0.725405
101866,0.34082362
57320,0.7605215
80667,0.21635866
39040,0.79608226
74614,0.808755
57568,0.74835086
97313,0.79937947
10699,0.3828392
28265,0.31879824
34214,0.79918724
1427,0.39721292
43532,0.7859185
87680,0.21048853
90161,0.19926375
28883,0.761436
101647,0.80445945
20138,0.20071383
42751,0.78493726
88759,0.22782405
104542,0.5866211
118260,0.34696883
115200,0.7117862
59145,0.7628141
121814,0.73287684
38406,0.5807864
116815,0.4007392
71051,0.68977785
93350,0.64265263
412,0.4199204
36623,0.8090495
16317,0.42863816
102889,0.4653843
95999,0.60274446
19217,0.8007238
37602,0.69682795
6814,0.47515225
40747,0.7961792
93672,0.5652886
81348,0.20482889
75833,0.20191164
48868,0.37040886
71712,0.40676212
113031,0.32217428
79720,0.2060471
95093,0.30143318
36325,0.8082987
101821,0.39031613
27512,0.26070908
112624,0.3865583
83442,0.19877106
9455,0.33089095
26606,0.71501905
104980,0.6750116
82355,0.22642586
40628,0.79338837
71868,0.4160486
25827,0.23273176
10883,0.4216113
35241,0.7525362
25875,0.69658315
696,0.80694073
11707,0.42690837
56750,0.80260444
16039,0.63543403
96319,0.48665679
8590,0.75585276
43191,0.78750926
58441,0.5495203
25362,0.8003337
7820,0.3924686
50784,0.7310125
61214,0.6626961
65681,0.80067235
76675,0.21966805
11827,0.24892816
17888,0.7994667
23113,0.4874922
29903,0.23055167
79150,0.2181785
23130,0.45689985
17596,0.53903246
9921,0.30103794
49605,0.7354832
124675,0.64163226
7677,0.6753279
7265,0.32448128
516,0.41885012
106416,0.32753772
94152,0.8091231
61045,0.7481467
98739,0.25131014
100679,0.6611238
28610,0.42452964
100140,0.6970635
13398,0.35138834
6671,0.28267056
36582,0.71207595
14848,0.28256646
89350,0.19811073
17735,0.27876386
2490,0.43913317
109461,0.23125494
7811,0.3924686
94348,0.5059223
42679,0.8002086
11772,0.3450706
3556,0.32984734
77666,0.19605385
55804,0.6541208
86880,0.20059909
9209,0.7160313
72689,0.6164937
107364,0.8077964
81271,0.24227858
65086,0.5307385
4443,0.6993626
103211,0.37532464
3779,0.36118007
51609,0.5973462
69373,0.50412863
67370,0.38272038
100727,0.3143547
123144,0.7615474
16981,0.7615379
92637,0.6167395
46395,0.80096644
95583,0.37246597
120430,0.62431735
46187,0.809229
29096,0.79212976
92149,0.38783586
87315,0.1981488
2949,0.725405
38200,0.7922891
26088,0.44791025
11378,0.48970035
41286,0.7203586
56403,0.8019837
71429,0.3259208
51539,0.33154914
104495,0.47563633
121941,0.74316823
32422,0.80135787
21881,0.78863424
105203,0.5984795
111918,0.6215586
73219,0.3772526
75815,0.20191164
47886,0.7643593
38045,0.8088441
47236,0.5329222
122441,0.54704666
34122,0.7964214
17358,0.7689752
77232,0.20125021
85461,0.2001616
65431,0.25059536
61252,0.29096192
60391,0.7936831
30649,0.8081197
70962,0.79600143
104262,0.6027338
80153,0.20723107
70490,0.37236455
33546,0.27858144
124570,0.64163226
15768,0.5475905
95396,0.4722173
45470,0.80080616
77620,0.19816259
35863,0.80895203
113628,0.32293862
49427,0.68433964
5822,0.29850298
24854,0.50761396
65868,0.7819981
1649,0.52368474
71977,0.26785138
88076,0.1977262
87682,0.20737112
67323,0.3099758
123179,0.769291
45490,0.26706937
68229,0.4726791
5564,0.80371577
43804,0.8046499
17822,0.79501486
119147,0.6287019
23991,0.7721327
104375,0.6096302
64747,0.59360623
67703,0.79947597
43179,0.78750926
63567,0.7827006
84699,0.19836894
99993,0.36763436
79681,0.20597881
50815,0.6474375
61751,0.53878117
30212,0.3405729
100995,0.30584615
41726,0.7840087
104814,0.47553086
39616,0.4383203
13716,0.28576106
47460,0.57774603
105564,0.58822185
115583,0.58961
103669,0.53221655
90321,0.21840177
76852,0.22176038
103301,0.3646217
86734,0.21720648
6833,0.7676352
112067,0.62667215
38499,0.34171164
99936,0.33350816
111751,0.73076814
74508,0.25592506
64788,0.56482744
92043,0.3327383
46884,0.80718696
111232,0.37665462
94703,0.2722864
36767,0.7969342
43537,0.5908954
25412,0.7994737
46496,0.80061066
117369,0.60395294
106051,0.68314946
54288,0.7534818
108508,0.62524945
65995,0.4203963
32285,0.41542578
48059,0.3273853
35999,0.8088441
97769,0.3266243
35013,0.8005567
28727,0.7641904
43709,0.80103445
918,0.8081262
74524,0.4356856
36304,0.8082987
81891,0.21442918
108569,0.7927681
54640,0.76251364
55800,0.78802425
84717,0.20046987
58522,0.7613611
13676,0.2800015
23014,0.809851
13674,0.2800015
25578,0.68475103
77423,0.2389259
54032,0.401158
73195,0.38233593
35693,0.80895203
50886,0.29860705
32066,0.7994277
42317,0.3905212
63256,0.7808865
70761,0.44466892
13865,0.5516399
49104,0.6651037
67278,0.67633146
109536,0.22969116
81085,0.205249
66520,0.35528377
43298,0.8037478
25111,0.8093588
8183,0.41278705
36759,0.7969342
15946,0.39842895
35834,0.5137083
99523,0.67217964
45785,0.33590043
6888,0.28227353
12863,0.5724858
26821,0.7883043
3283,0.68700814
54231,0.5532166
46290,0.77482873
47995,0.7623495
50352,0.58502066
73971,0.55140865
66882,0.3245727
99253,0.4109685
43834,0.31758228
87640,0.21210687
53470,0.7852096
53805,0.7202177
96999,0.53135604
116840,0.38689122
34845,0.7976452
112443,0.30011645
96291,0.44030064
46554,0.80061066
97960,0.26752046
92063,0.46733764
42993,0.80101717
74281,0.3492261
18330,0.20130867
390,0.6948663
31497,0.8015809
45818,0.661297
109501,0.3173229
23449,0.3304358
123979,0.56420696
103995,0.3661426
42252,0.39928845
2138,0.6333503
40,0.6790187
62362,0.79593754
69969,0.3812784
10140,0.30301452
37878,0.8088405
103023,0.28760344
97363,0.79530317
63910,0.792546
110813,0.2429854
97084,0.38782516
90535,0.20951563
102826,0.68750286
103,0.8044831
26662,0.7796605
107464,0.3491878
68659,0.6428121
103166,0.34815592
95420,0.37539646
671,0.80694073
94059,0.80791086
9402,0.5266629
54126,0.5301647
24057,0.21114601
108849,0.23385419
25427,0.7994737
30235,0.7746149
65807,0.5838868
29209,0.75938845
53019,0.7928239
76187,0.20483205
69995,0.3908013
8030,0.44904217
15516,0.809004
37033,0.8010573
123284,0.7864152
106092,0.628674
52940,0.6331832
6131,0.26893848
77086,0.20004468
26365,0.68623024
101455,0.3766738
122109,0.4221437
31713,0.8021974
104717,0.37488446
34634,0.7975801
47734,0.7511213
122913,0.54704666
13755,0.6208646
24920,0.6128038
56363,0.8019837
26412,0.7608355
81127,0.21223599
92400,0.6013011
93008,0.8126727
2292,0.72548056
2324,0.45455796
77959,0.1980037
41932,0.8029965
71338,0.69658256
12618,0.60158205
70091,0.47740433
97016,0.7077102
58147,0.6738213
104396,0.62846637
58953,0.77882355
85947,0.21600479
73488,0.55157983
25770,0.5457891
79576,0.22803381
124256,0.7579664
1311,0.79771465
1104,0.7153869
75938,0.2267185
30309,0.7310991
42139,0.80231726
69810,0.4093087
26739,0.7607733
31724,0.8021974
5330,0.7624029
106246,0.81097645
34244,0.79918724
31640,0.8017898
112342,0.68073547
77865,0.19716427
18814,0.80584764
41107,0.80259776
30882,0.7644325
59350,0.76938885
119119,0.5031389
109926,0.23082173
67829,0.5742559
109196,0.21373075
86910,0.24283028
15904,0.3567462
117736,0.67909646
72649,0.3668732
34038,0.26895666
52891,0.49167356
60429,0.73530895
7903,0.67878574
3648,0.29556727
92909,0.8126727
50306,0.7290693
18816,0.80584764
110999,0.31677976
51474,0.7575978
5891,0.2496293
41866,0.44623283
59263,0.54806066
75274,0.2036321
77176,0.20635143
7806,0.37805936
72124,0.41292387
54453,0.42547673
49009,0.7939288
87488,0.20454249
123409,0.68261254
111118,0.31754518
20403,0.79504216
83444,0.19877106
8561,0.75585276
81419,0.20267947
34718,0.7975801
33626,0.32583404
39538,0.7981991
4327,0.8040453
31648,0.48204446
46274,0.809229
18877,0.80906737
46570,0.80061066
96639,0.66625017
121609,0.7193865
123186,0.7864152
36050,0.8016797
80150,0.20723107
6726,0.59190935
73594,0.42078364
113519,0.5016656
120265,0.7496342
95887,0.540812
40871,0.7537964
13488,0.57145214
50219,0.7302842
53337,0.77459514
35534,0.7655084
98844,0.32213154
25471,0.7994737
17081,0.6053144
105410,0.586034
85115,0.22189353
4744,0.34339494
4606,0.7874184
94566,0.33713728
44287,0.79679835
13643,0.4446528
79621,0.2040379
93280,0.35299945
32950,0.22365966
34256,0.30481058
107293,0.80815464
113790,0.55355847
115872,0.69135445
7166,0.4057984
59616,0.7987054
74973,0.20595615
104499,0.47852346
16445,0.3627535
70694,0.64176583
13115,0.808339
6523,0.25836945
25506,0.7994737
20172,0.37295282
38148,0.7987928
68215,0.4620172
14226,0.30853787
101540,0.46187672
118660,0.6716128
52676,0.3597472
24059,0.20075087
36666,0.6085963
105293,0.6474142
86454,0.21524882
108974,0.23663941
74198,0.2967268
58671,0.7643595
70830,0.3099862
2689,0.34369507
54709,0.76251364
29582,0.7773035
820,0.8081262
32442,0.80135787
71711,0.40676212
6029,0.2509454
27062,0.39239663
37102,0.80104226
61084,0.79203284
12861,0.5724858
121558,0.7813309
39004,0.79608226
66613,0.63000154
115199,0.7117862
85517,0.19613387
23832,0.49977335
103494,0.3747025
120034,0.646158
120074,0.45232853
16028,0.27711535
117746,0.6549718
12456,0.39303786
79374,0.20696741
5194,0.80916846
70981,0.7753918
117183,0.32710055
110032,0.2483852
89210,0.20183422
34683,0.7937589
30870,0.7644325
35611,0.80895203
60204,0.66395783
34523,0.7351485
57612,0.75985736
91814,0.21049573
17743,0.56208104
117661,0.69506204
64392,0.7954371
38020,0.8088441
9060,0.49317703
6746,0.3238918
116406,0.2584294
4344,0.8019783
114958,0.650281
97277,0.45554104
58084,0.7589909
117035,0.63443625
113129,0.34705356
82466,0.20126744
8631,0.75585276
95322,0.30607146
69177,0.4127277
77663,0.19334048
37096,0.7433982
104157,0.55086505
38121,0.7499046
50967,0.5751942
8724,0.38472262
90521,0.24819613
38817,0.8016797
32629,0.7886512
25669,0.71859205
88355,0.22769377
39804,0.80712885
69657,0.79571474
97618,0.5300324
118900,0.7243865
104065,0.39203405
43699,0.80103445
29965,0.21145381
53483,0.539407
122626,0.7210374
85744,0.19656846
33429,0.33955288
42689,0.8002086
25511,0.7994737
11830,0.24842754
6108,0.26738262
11422,0.36289555
101373,0.4459
120764,0.67921257
69356,0.65063596
120577,0.782627
121888,0.63320255
40774,0.7873525
58572,0.7923286
119114,0.37575963
20675,0.8005739
84881,0.20247667
83166,0.21427321
69026,0.6485082
67941,0.4097093
73252,0.4511531
2863,0.24444154
116848,0.38689122
121304,0.6432956
5047,0.80916846
63479,0.7753987
10163,0.4665068
109174,0.24400884
115575,0.43857756
22290,0.8029905
3287,0.45895526
12325,0.62465376
89980,0.20066275
93958,0.35681653
106543,0.59934205
22476,0.8043312
118478,0.43759125
101064,0.668137
87748,0.22296892
21173,0.20154764
115152,0.7016863
3146,0.49766597
44175,0.3558259
63215,0.76388085
76242,0.21032237
92332,0.621307
33090,0.8015809
36230,0.39238465
9357,0.35007474
96940,0.7519962
66086,0.73188645
95402,0.5415641
92456,0.5161231
31888,0.8023811
116324,0.68504095
43086,0.33106676
34427,0.7986151
121177,0.41038555
97411,0.79530317
92988,0.8126727
69243,0.41865587
62159,0.79127413
76119,0.19572598
90482,0.20192744
110135,0.25495312
115755,0.6885031
99013,0.628666
84143,0.20323075
104743,0.72719634
109522,0.23607054
87175,0.20298703
59840,0.7854728
80541,0.24911077
23811,0.55711234
65568,0.49007952
96455,0.43324673
39867,0.80259776
73315,0.31298682
68866,0.20599979
82970,0.20223546
80138,0.23151211
100550,0.30239818
77859,0.19706601
23393,0.7754769
52441,0.32657006
8327,0.37450835
57522,0.50527865
105976,0.80888706
96889,0.55762696
121588,0.7813309
40668,0.7974256
52074,0.7793118
51469,0.7575978
103058,0.44238967
11066,0.6811953
66855,0.43598965
68635,0.44911954
81374,0.21009056
18466,0.6879443
104268,0.6191426
79926,0.22648124
121548,0.7813309
3151,0.37336957
95690,0.46527183
77853,0.19706601
83811,0.20954381
72130,0.6341702
44476,0.8091743
116932,0.69601595
77703,0.21421255
81667,0.20349039
114805,0.56292236
97571,0.286691
73005,0.7951123
55164,0.40530136
16966,0.6731386
57068,0.80066
16836,0.6707898
47658,0.8069103
99592,0.7294882
10197,0.35274306
69568,0.46137542
94949,0.3278565
110195,0.25081387
118557,0.28900257
64272,0.7637976
44862,0.68717736
9823,0.25859863
682,0.80694073
88247,0.20171241
32702,0.79657096
58067,0.73505384
24389,0.41779947
102930,0.40670985
74320,0.60157496
15725,0.27446127
8982,0.4837434
36359,0.8082987
34468,0.4152889
11402,0.73563445
80658,0.20079927
68490,0.3512269
114891,0.45813933
30906,0.80018634
87843,0.20173404
63925,0.4210308
6011,0.25280723
98331,0.5938473
79730,0.20666426
54495,0.60086364
14500,0.80941623
37629,0.80793554
51718,0.44822863
36733,0.7969342
68071,0.6971163
13802,0.44876495
89130,0.22089766
85727,0.20715341
47657,0.8069103
87894,0.2085931
19605,0.4311634
29236,0.75162506
87513,0.19718249
32104,0.7994277
116139,0.60716844
5780,0.7001983
45108,0.8064426
75285,0.20426118
86862,0.20696455
40655,0.7974256
39291,0.76065034
67206,0.3245944
10993,0.38525534
25294,0.75228924
15818,0.3858914
88522,0.20663542
80133,0.23151211
7108,0.44459632
100296,0.5508034
65883,0.5522964
35389,0.3545282
57145,0.77044547
121261,0.68822604
22144,0.8016232
118839,0.7088812
51117,0.37758303
70703,0.4090716
117441,0.59726435
39107,0.79608226
105773,0.47927442
28042,0.71731657
73927,0.3731147
48183,0.8023793
260,0.6566831
79671,0.20597881
79546,0.19636425
97243,0.55112356
96512,0.418744
101386,0.44434425
59294,0.76241183
32596,0.7886512
57724,0.75448227
28718,0.79635173
30658,0.8081197
91276,0.21613672
84398,0.20127374
77616,0.19816259
86358,0.19639269
104501,0.47852346
65821,0.6547843
65923,0.5006924
120979,0.75649893
83132,0.20011267
80005,0.19785899
105215,0.6103543
32480,0.7805911
21154,0.21145965
3827,0.3337771
22714,0.7354305
83765,0.20466627
59517,0.7987054
60792,0.7628141
95349,0.38167995
5046,0.80916846
122742,0.55414146
124219,0.7778656
52485,0.6831031
102179,0.75313824
17662,0.772086
46998,0.8083836
109236,0.21373075
63225,0.76388085
36485,0.8088441
76577,0.20947431
91936,0.23393887
7991,0.34031263
119776,0.5678871
74292,0.34294385
82083,0.23393586
86849,0.21560413
70984,0.7753918
11208,0.706752
116635,0.5182919
5918,0.78066635
13829,0.4065448
28812,0.7641904
34748,0.3200115
12792,0.42871463
66821,0.4383274
91961,0.336576
16032,0.27711535
59786,0.75440073
40326,0.79750144
73920,0.45164332
89756,0.20217294
117324,0.69601595
12643,0.44637898
98838,0.40389758
9166,0.44075057
124846,0.7866228
114821,0.66120166
100880,0.79515296
26968,0.77549654
114123,0.37837005
117707,0.5053684
55705,0.4310093
115914,0.6020731
10688,0.636046
56881,0.80066
112832,0.60645574
86891,0.20059909
121519,0.7725501
98008,0.7921526
62096,0.7922315
34373,0.5606959
41156,0.80259776
84870,0.21964459
34981,0.8005567
113522,0.48207298
86256,0.22363214
83598,0.21867205
50391,0.6474375
56884,0.80066
59054,0.77882355
102542,0.30513027
102394,0.33901227
84603,0.20185022
67099,0.54597306
51673,0.37317634
34673,0.7975801
34667,0.7975801
76993,0.2076612
14341,0.27826265
48611,0.80945295
97832,0.24132635
9416,0.5831704
69676,0.79571474
86387,0.19656846
102153,0.75313824
53306,0.7822329
67861,0.36219147
82745,0.2459544
79102,0.19944331
86342,0.19639269
68729,0.23920584
115299,0.707003
115498,0.61803466
118318,0.35279936
45167,0.30080855
81605,0.2018793
10656,0.4330356
60454,0.36168152
65642,0.7269513
106996,0.8093602
21680,0.79362744
90973,0.20758171
24063,0.20075087
34182,0.80037135
64871,0.6549524
43225,0.78750926
63636,0.79654837
95705,0.47557336
99009,0.59650695
38113,0.66202754
29444,0.30371904
54839,0.44211572
3468,0.33033296
92111,0.7093774
56775,0.7295036
40447,0.7986321
77018,0.19706601
13126,0.808339
76919,0.19691026
29943,0.21149233
67637,0.44329378
72703,0.6590996
40435,0.7986321
81129,0.21223599
118914,0.40748602
41561,0.807976
79519,0.20068139
56104,0.78675014
73412,0.62606984
21872,0.78863424
40814,0.79639655
114030,0.34782344
118319,0.35279936
99701,0.53730017
75693,0.20360835
124541,0.763824
29000,0.35542643
6911,0.60696775
13297,0.71085435
119042,0.575722
54044,0.37220013
101799,0.64063835
56612,0.7484064
108291,0.62524945
33199,0.71349055
105078,0.6425682
111561,0.48136315
58624,0.7923286
71484,0.2521923
29878,0.28387198
37233,0.7433982
28985,0.41170153
14749,0.80941623
33690,0.796911
116536,0.7083103
28770,0.79635173
79435,0.20206992
107224,0.8093602
68791,0.20654225
115985,0.7306626
114267,0.67979246
102702,0.5624351
94922,0.39386415
76574,0.21609856
81806,0.2312837
4084,0.7679637
95829,0.26242602
105033,0.3303773
75278,0.20067476
17117,0.40341872
37056,0.8010573
68221,0.6353894
113384,0.33818367
73762,0.62649554
53158,0.7966562
97008,0.7077102
111426,0.3250491
89098,0.21598355
75178,0.20553271
109962,0.25418645
13182,0.6356006
376,0.3687563
108559,0.7519524
37761,0.80785656
74551,0.808755
118586,0.28900257
31774,0.8023811
69093,0.41140488
117120,0.39293033
45938,0.7277366
42721,0.79552895
31457,0.57865936
109264,0.21385622
6909,0.32854354
78426,0.20655711
12955,0.5343607
22983,0.3341128
108318,0.41833812
47601,0.8069103
80113,0.20323935
72760,0.56217307
74722,0.51766884
889,0.8081262
43857,0.5389762
54601,0.40072343
33099,0.26671246
10068,0.46608183
57430,0.7499808
94622,0.30235803
78893,0.22222933
50218,0.7302842
43470,0.7859185
71197,0.62275565
68251,0.61032194
103370,0.31982797
63777,0.7313545
100617,0.44982538
77705,0.21421255
96653,0.8086842
74398,0.33370906
91561,0.24232951
53784,0.4621745
105612,0.29854253
52855,0.36465892
109273,0.23485018
100954,0.30584615
65746,0.45367718
29674,0.5193555
2293,0.72548056
10832,0.6599831
88234,0.20060946
15342,0.39967608
5134,0.80916846
81868,0.21862993
58842,0.7666476
45710,0.77080655
120795,0.6972297
94799,0.2722864
87920,0.20166975
84180,0.20441265
46618,0.80061066
102798,0.35192573
96365,0.3538753
30008,0.30293384
81620,0.20360127
91100,0.21564859
36597,0.80895203
89564,0.20421949
26752,0.7607733
70874,0.47175258
85620,0.19878694
56617,0.73094845
119929,0.70875174
95898,0.540812
109087,0.26502675
122255,0.44924074
10611,0.6671122
15518,0.809004
78661,0.1945091
26260,0.5077777
104627,0.62482655
103826,0.8084247
29082,0.63915014
44863,0.8013557
95146,0.71716124
61453,0.78655976
57799,0.4968051
39818,0.80712885
100926,0.32341948
92884,0.8126727
29628,0.7718476
6912,0.60696775
35997,0.8088441
61980,0.7375242
95171,0.5965694
80624,0.22321807
20298,0.79936427
70030,0.57734275
109114,0.28237396
100789,0.34286812
74441,0.3852992
104276,0.6470826
119281,0.71775085
46941,0.80718696
14050,0.33137792
63516,0.7753987
72034,0.31306463
122900,0.6695332
103757,0.44025555
101669,0.80445945
24245,0.49484894
85308,0.20319694
120084,0.41191444
85868,0.20761088
21689,0.8029905
108237,0.8087252
96574,0.5302453
107962,0.35276383
31441,0.53639466
96197,0.35855195
122373,0.52535343
77860,0.19706601
60382,0.7936831
109816,0.241551
81084,0.205249
98398,0.38710615
48767,0.60272825
24119,0.20071383
37951,0.8088441
103843,0.42946422
90372,0.20139149
54037,0.5759356
123011,0.43119687
13078,0.808339
67882,0.29809082
81143,0.20360786
65851,0.7819981
67976,0.5514042
19256,0.7336318
58385,0.5437728
74267,0.38731015
122061,0.56238824
86462,0.20420259
115097,0.71233016
94557,0.33713728
41384,0.77448756
10816,0.68659496
84859,0.21964459
29114,0.79212976
33615,0.6251793
54704,0.76251364
94382,0.38139793
78836,0.2176284
10835,0.35044506
34955,0.5491879
76411,0.20349011
81937,0.20445147
96105,0.3834048
71296,0.78649634
49481,0.4066327
16831,0.6707898
88973,0.20517023
106606,0.40363207
96592,0.4206264
122391,0.43792936
94989,0.76153153
28945,0.6832163
62795,0.6994013
76998,0.2076612
37645,0.80793554
18200,0.7957616
101940,0.648573
16012,0.47702095
89565,0.22188173
31882,0.8023811
75559,0.22406624
113407,0.6593018
76995,0.24249275
109,0.8044831
9123,0.5862043
125018,0.71244895
94358,0.5084035
32434,0.80135787
122281,0.5184902
78629,0.20214772
96075,0.44540262
3277,0.5522213
67202,0.3245944
99709,0.6748273
54447,0.65296066
80980,0.20918575
14103,0.8078827
93546,0.30852506
125101,0.3252698
14579,0.80941623
58273,0.7295036
26286,0.6491112
89282,0.19875307
115849,0.703083
110565,0.24275838
52598,0.44574466
102327,0.3224167
100945,0.5634866
72695,0.4487453
112421,0.57917607
67581,0.37852892
6522,0.25836945
411,0.7828997
3678,0.30733016
58077,0.7589909
94838,0.6207393
26224,0.68863696
1329,0.79771465
96195,0.35855195
31152,0.30390152
22499,0.7619953
38258,0.80112976
88264,0.20446299
3776,0.36118007
111621,0.4122761
30043,0.32114333
52703,0.4211432
75056,0.2021557
19666,0.7933174
89811,0.19921252
51676,0.33639875
99281,0.29100767
119544,0.6611907
59585,0.7987054
34216,0.79918724
93631,0.76557666
72218,0.29334062
70683,0.5141156
77313,0.1962753
99006,0.57022136
123713,0.7641323
62854,0.7249927
116263,0.74961346
52780,0.6984359
61337,0.58910716
121069,0.43728018
40450,0.7986321
116724,0.72087765
88252,0.20171241
20476,0.5348593
33836,0.2949977
14780,0.80941623
32064,0.7994277
3862,0.5233605
66270,0.37674212
36137,0.801061
46446,0.80096644
29889,0.26974148
109157,0.24400884
124230,0.7778656
117478,0.573427
11258,0.4028797
75531,0.23614487
92594,0.25560206
27678,0.28888062
48088,0.28232318
116434,0.45175263
51470,0.7575978
64537,0.80919904
44605,0.80340356
78618,0.20214772
48354,0.6112719
61697,0.78831404
11506,0.27736944
3578,0.3967537
96069,0.3460739
19458,0.7982406
88692,0.21869996
82033,0.24582437
112578,0.37067
15333,0.39967608
20950,0.61241066
120530,0.41322288
102100,0.35875836
88580,0.20453335
2720,0.23590085
32634,0.7886512
98486,0.4796185
95701,0.4183302
1984,0.39529997
59223,0.79346615
5674,0.4455074
89430,0.19917472
14031,0.7616704
87218,0.21341048
79619,0.2040379
103059,0.44238967
49147,0.34113476
94210,0.7546398
46712,0.80061066
120809,0.44309485
13022,0.51426935
54840,0.46226296
90446,0.23121877
47630,0.8069103
61514,0.47321346
108612,0.545341
88517,0.20695157
59901,0.75229496
43734,0.80103445
90505,0.21682937
80675,0.20308957
72995,0.7951123
77738,0.22766323
56195,0.6814
302,0.62093633
52378,0.55281526
29147,0.78086734
340,0.69845176
86201,0.20573504
121107,0.44063276
11333,0.3992616
52704,0.4211432
30763,0.8081197
21226,0.20071383
74840,0.4574419
98200,0.7950035
107312,0.80815464
17263,0.4142593
98325,0.5409362
112028,0.6638802
117630,0.693956
57184,0.7434504
118151,0.3329135
59139,0.7628141
69565,0.33182496
79711,0.22180733
117415,0.38988888
88013,0.21527347
103201,0.49917024
36618,0.80895203
46909,0.80718696
80128,0.23151211
30920,0.77701074
24840,0.71066815
112906,0.63537276
469,0.25262165
21256,0.20274138
41919,0.41971445
16871,0.6638001
34809,0.7976452
70924,0.78859717
84136,0.20244513
59305,0.76241183
92254,0.6060024
5758,0.34273273
11444,0.2637333
48863,0.4231579
114789,0.69022506
113349,0.21512926
91402,0.2023307
67693,0.641276
86836,0.20940769
19239,0.49414876
35721,0.80895203
95118,0.60926306
118204,0.3164384
74308,0.48038688
34223,0.79918724
45004,0.36982396
100526,0.4492011
124872,0.7866228
64942,0.3161161
1357,0.79771465
10370,0.64836335
103421,0.39639345
66445,0.5360291
123543,0.7609271
64446,0.80919904
96902,0.34907833
106570,0.46549505
79033,0.20386013
79290,0.20909986
21013,0.8011279
121074,0.35947046
40241,0.72329545
59961,0.7846537
36549,0.80895203
66633,0.25497922
51457,0.74556047
37486,0.8017056
17510,0.44652292
92250,0.325213
22074,0.7943738
73097,0.46360925
96047,0.5552017
41043,0.49223304
35473,0.6839943
48172,0.78822565
83688,0.21272801
104957,0.32697642
119979,0.6416169
119645,0.71995467
113331,0.21046467
109566,0.22652474
11259,0.4028797
3316,0.32375497
114384,0.3334197
46226,0.809229
37729,0.79371494
72210,0.64394474
17674,0.7163108
31154,0.7180119
55355,0.77862585
40084,0.80259776
46245,0.809229
114291,0.65852785
22466,0.8043312
74190,0.45978752
55746,0.7783945
74024,0.290419
24698,0.80835134
66472,0.45005146
98047,0.2892383
95883,0.540812
46203,0.809229
21629,0.69803596
76276,0.2016751
67828,0.5742559
77252,0.20736916
78676,0.1945091
70195,0.746643
86903,0.22016113
5660,0.6436986
49142,0.34113476
15883,0.72757715
115753,0.6776044
96176,0.52347285
40600,0.79639655
31013,0.80841833
117532,0.7487566
105133,0.61404276
41713,0.5381794
10444,0.26347727
99580,0.5825007
16505,0.65804785
124400,0.6617439
93413,0.36621368
115130,0.36044842
105807,0.30552152
104500,0.47563633
78918,0.23111415
30385,0.809041
42886,0.80101717
58667,0.7381119
24266,0.8010305
17990,0.65315217
59418,0.73530895
3878,0.37714723
4140,0.77766496
93774,0.51253337
55377,0.7491519
70960,0.2509327
78010,0.19955842
7051,0.74183017
108499,0.5199425
115457,0.48211017
113912,0.562127
13470,0.7458526
89302,0.20051925
15816,0.3858914
39376,0.80112976
63623,0.79654837
58210,0.8031131
54278,0.5532166
94751,0.2722864
55748,0.7783945
48946,0.44209436
12447,0.5771614
81096,0.20105985
121837,0.7357242
52008,0.622947
104292,0.6470826
20648,0.79924935
86218,0.2035817
13654,0.4446528
113602,0.33930188
4042,0.65154773
8210,0.73211986
55049,0.4786356
112201,0.41279423
85597,0.2206728
51192,0.71876556
16338,0.4383404
120090,0.67921257
86992,0.20947553
113742,0.5751952
5499,0.6154152
96580,0.3923536
42537,0.80821896
83875,0.20138545
38143,0.5006009
47269,0.7511213
22212,0.8016232
12165,0.32598335
28203,0.42690647
120758,0.39309955
22519,0.21289705
66956,0.5043805
34590,0.79532456
71310,0.53304464
63146,0.78821516
97464,0.69886434
59256,0.51663
23858,0.39423397
51818,0.771103
96425,0.5316289
62358,0.79593754
26527,0.35988694
21976,0.20098579
53112,0.7966562
32587,0.7886512
67533,0.6094129
34578,0.79532456
52095,0.7793118
27481,0.37428558
100917,0.6965554
124643,0.7769989
84208,0.20167594
77882,0.19716427
11274,0.71349525
109843,0.23264858
41677,0.42824194
34836,0.7976452
33770,0.35936296
47398,0.80246544
62543,0.677955
50533,0.7437607
98612,0.40758246
85902,0.23237246
54870,0.7874137
41207,0.80259776
71530,0.5474216
119550,0.43363318
9889,0.4944446
3030,0.6390044
7574,0.6080595
11195,0.39352897
90548,0.20520423
54667,0.7911916
68799,0.20628521
58286,0.69802225
61684,0.41308418
91043,0.20257199
100422,0.603979
70199,0.7218432
30851,0.30983126
11083,0.3651133
33432,0.7708032
30811,0.8081197
1674,0.434976
77762,0.24249275
41266,0.48885128
61845,0.77669144
3246,0.7661638
16413,0.2688823
64142,0.6700141
1566,0.7278585
118336,0.60971606
56499,0.7678325
79098,0.19944331
100624,0.30239818
66250,0.339798
61939,0.7477105
17592,0.55130273
23634,0.80976826
50452,0.6830612
18314,0.21239735
45075,0.8064426
115010,0.697113
83629,0.20260392
63010,0.55877763
63303,0.7771158
12628,0.60158205
77485,0.20338978
87210,0.2106527
48498,0.80945295
60632,0.69860756
67336,0.4580957
57387,0.76780033
47393,0.80246544
77017,0.19706601
24357,0.67092913
49412,0.75107473
23951,0.7372992
110211,0.25153244
24467,0.20071383
105322,0.41724968
107702,0.58084285
46107,0.33821654
16340,0.4383404
22081,0.7943738
30960,0.72812283
77127,0.19875629
67812,0.35109553
95605,0.683028
33756,0.3120601
11024,0.24941759
116516,0.36350173
101227,0.2591972
94404,0.4009867
27876,0.27761778
84004,0.21079306
51867,0.771103
13324,0.7033
98676,0.5523315
44112,0.80095965
84949,0.20027447
87558,0.1977262
21716,0.8029905
21161,0.21145965
30334,0.809041
15955,0.2542702
40327,0.79750144
74042,0.4609346
86016,0.21799514
73941,0.461494
65287,0.67152184
77814,0.19841981
53490,0.5858796
49320,0.6948511
13257,0.43662968
52443,0.5906079
82575,0.19792199
16431,0.33512506
83148,0.20011267
28501,0.49355158
109724,0.2252116
64651,0.782012
16473,0.65711915
94599,0.39813298
38383,0.80112976
55082,0.79278755
123609,0.7402261
32145,0.7994277
57842,0.7401102
101521,0.34548482
112876,0.5143552
99621,0.4659817
72052,0.43683168
49869,0.64163226
92866,0.3717781
9832,0.42378393
984,0.80024505
74880,0.4271778
91194,0.19630402
120848,0.45712653
77448,0.23503561
102068,0.49569097
80762,0.20416708
48301,0.64534944
6318,0.28320637
18244,0.7957616
35179,0.44324937
117967,0.33084276
51109,0.29404676
113188,0.3334197
57840,0.7401102
95597,0.33497506
15643,0.809004
64353,0.44274363
98199,0.7950035
110046,0.23300824
66824,0.4285679
54533,0.7686578
10707,0.55491006
114782,0.4841594
110374,0.22738463
18175,0.7957616
50765,0.7081877
50849,0.5195506
108744,0.33636314
104387,0.43496996
68290,0.59205365
103030,0.28760344
94368,0.38139793
101048,0.57240146
88583,0.20453335
94976,0.76153153
80644,0.22321807
41129,0.80259776
61263,0.74820125
32287,0.38208786
55236,0.59189993
111363,0.5678586
74681,0.42684174
102366,0.3180038
70381,0.40104496
60289,0.78768957
6620,0.45682934
8007,0.44303542
116588,0.5625413
61061,0.79203284
5216,0.7867436
116582,0.44888353
27136,0.5076679
48877,0.66748327
30138,0.21355927
114696,0.3236794
10944,0.38215673
86884,0.20059909
9706,0.26381874
120889,0.73843586
30795,0.8081197
34022,0.4170571
96413,0.6569215
854,0.8081262
2836,0.3105094
111582,0.558736
100087,0.7609713
41065,0.72640526
76737,0.21663257
52681,0.52239823
44707,0.25168905
98582,0.3756762
91060,0.20119064
94456,0.28963464
54657,0.7911916
104086,0.5546806
16627,0.5935997
63232,0.6581707
22718,0.7354305
97705,0.6778976
113282,0.21046467
62199,0.79127413
95319,0.30607146
53844,0.3012661
95766,0.39740652
76445,0.20100705
100872,0.57464516
46025,0.35626727
93619,0.6945045
63760,0.75235367
53452,0.7852096
28260,0.31879824
60755,0.7628141
54260,0.30608347
11682,0.4118427
35804,0.8090495
17283,0.7702143
87420,0.21465868
21857,0.78863424
59254,0.5465345
89286,0.20279913
113542,0.39502013
97946,0.72515464
122241,0.6213497
21038,0.444939
20859,0.27254647
68298,0.59205365
99574,0.5825007
3771,0.3345944
42138,0.80231726
50427,0.32937068
75233,0.20339653
50152,0.31567365
11452,0.2637333
14363,0.28239208
23706,0.80976826
85994,0.21005696
665,0.80694073
80018,0.19847354
66962,0.37946376
98943,0.30871922
26630,0.7796605
2716,0.23590085
48104,0.79541266
119797,0.4039521
26142,0.48104697
54147,0.3504024
72323,0.5486352
28525,0.5927415
73166,0.4349015
81595,0.2018793
83544,0.19816239
55598,0.5826296
106293,0.81097645
73822,0.42245314
61294,0.77854604
83623,0.22755429
97264,0.5925525
695,0.80694073
94190,0.8091231
43167,0.34266374
93185,0.39355972
41494,0.80785656
1797,0.71208483
52105,0.60116464
48591,0.80945295
23546,0.8097241
12047,0.8030439
22359,0.8029905
113217,0.5841264
17752,0.3156114
40372,0.79750144
110717,0.31936765
45231,0.5175432
36553,0.80895203
76316,0.20446402
88366,0.21536717
114783,0.4841594
51287,0.33829492
94051,0.72559464
14778,0.80941623
2699,0.23869441
86520,0.2151883
89125,0.22041044
95043,0.39280337
45912,0.8042443
28539,0.42452964
90885,0.19904405
60743,0.7085442
87916,0.20166975
82972,0.20223546
80849,0.20513666
53905,0.42245355
60622,0.7450287
39604,0.7985452
49227,0.7510495
3496,0.3345944
19806,0.6392699
12110,0.47254238
83855,0.20387773
104363,0.6219062
7227,0.27080482
43827,0.676877
3427,0.38414133
15619,0.809004
41653,0.80785656
69598,0.79571474
124711,0.39245138
72057,0.45415607
47396,0.80246544
93999,0.72389585
78396,0.21952306
121413,0.67074454
70914,0.78859717
64335,0.73879033
52372,0.74396783
78538,0.23079877
120859,0.70667946
84262,0.21075511
122875,0.5924659
44625,0.80340356
107092,0.8093602
38987,0.78887314
97724,0.563241
53657,0.66003764
7802,0.37805936
55980,0.7984359
84567,0.21600479
98522,0.340906
87944,0.23163386
101907,0.68311274
6389,0.64716816
105260,0.7533656
7954,0.46743256
80505,0.21230015
56422,0.6236272
21613,0.792719
32529,0.5403604
61256,0.74820125
2286,0.72548056
120994,0.37860808
87075,0.21067724
9408,0.43324074
77515,0.1992552
44099,0.6929288
24785,0.38455635
100369,0.33027163
105332,0.43547675
43953,0.79777825
1862,0.77587235
45647,0.55767906
36583,0.80895203
79966,0.20066217
69459,0.53731185
82622,0.20412779
124242,0.7615474
15260,0.274978
31378,0.78683996
25070,0.8093588
74900,0.3609615
117283,0.47494265
90425,0.20367695
36891,0.8023691
2077,0.6069747
80782,0.21951133
28059,0.28632128
113729,0.41019246
59188,0.79346615
84246,0.21075511
31942,0.8071193
108362,0.4562152
102690,0.67370504
61851,0.70204747
77911,0.22028866
101249,0.25743377
94971,0.3278565
31591,0.8016057
120037,0.5478135
1152,0.6798566
52154,0.377883
118249,0.55265075
63569,0.7827006
7504,0.49877325
118518,0.68772316
74469,0.3596725
71897,0.35570952
50120,0.7520107
70753,0.49322274
96070,0.3460739
39431,0.6790987
104087,0.40948078
80435,0.21552292
115921,0.6020731
57931,0.76587456
101002,0.5634866
4128,0.3573938
77091,0.20004468
123729,0.7833666
124928,0.34526527
30124,0.21355927
96971,0.57627845
448,0.28507394
49101,0.6651037
55111,0.75057685
60151,0.78043467
26097,0.7476086
75524,0.20434016
21765,0.8029905
102639,0.7243726
35966,0.8090495
68573,0.7530334
4710,0.73844284
103343,0.38295975
70640,0.43910852
85299,0.21038666
70634,0.45893106
48087,0.28232318
93053,0.7468437
36664,0.73350936
63781,0.7313545
8306,0.38786387
56192,0.6814
38886,0.8010264
26482,0.70094913
84301,0.20502692
24935,0.58809566
12037,0.6711328
13698,0.27645072
47842,0.3884488
103242,0.3894731
636,0.80694073
75857,0.20031247
114678,0.64943475
114932,0.7099226
69865,0.62514293
49254,0.6959636
37193,0.80104226
119946,0.37727425
23187,0.79667634
124684,0.7769989
86872,0.22680041
51525,0.3557736
8703,0.2947499
6064,0.29101247
83446,0.19877106
110011,0.24251571
82956,0.21761036
87499,0.20263842
82715,0.20441265
35153,0.4200795
33409,0.46764413
27142,0.6988277
124239,0.7579664
56428,0.76278096
68117,0.6114241
41523,0.80761963
57974,0.7898255
93187,0.5780706
91215,0.2260886
88129,0.19789094
115367,0.5053577
113059,0.63980377
19588,0.74325883
65877,0.7819981
73157,0.37008598
51806,0.771103
84966,0.20443398
50092,0.3517503
95524,0.37905163
124427,0.7229309
24614,0.5432778
5883,0.2886211
109286,0.23485018
116428,0.6610121
2904,0.3026714
82833,0.20069158
5349,0.779835
1361,0.79771465
81033,0.21236096
55642,0.45946646
32083,0.7994277
41223,0.80259776
19487,0.7992589
108402,0.37042162
6256,0.59464896
45063,0.8064426
74570,0.808755
61685,0.67127967
45481,0.49976194
73341,0.46896124
54072,0.37220013
11430,0.6358155
76032,0.21344525
21327,0.29844692
19868,0.21093589
106012,0.3326782
54206,0.38541505
96010,0.645953
106707,0.46787867
100306,0.5508034
71386,0.39541614
15409,0.809004
66193,0.5260015
23015,0.809851
45611,0.8091743
36753,0.7969342
24160,0.7959555
95445,0.3928328
47487,0.8069103
70835,0.30575055
16319,0.42863816
67867,0.32526618
5753,0.48026565
39486,0.7976822
8493,0.62325054
109011,0.23410286
60011,0.2934761
121402,0.51229274
35977,0.8090495
6153,0.38050988
1731,0.40695915
27342,0.34539014
101980,0.6529681
122522,0.47210506
82231,0.23384215
33159,0.48204446
10864,0.35070342
8956,0.6767217
11316,0.6715289
13870,0.4420079
19244,0.7194482
86703,0.21320541
50229,0.7302842
104057,0.39203405
75861,0.2412746
85658,0.21683623
62298,0.7841183
116529,0.4957277
3399,0.31960085
45711,0.62175816
49393,0.74975014
102621,0.37430006
92300,0.2889956
106369,0.6404582
19599,0.43535733
46556,0.80061066
108804,0.27502936
28701,0.5396408
39806,0.80712885
84584,0.20540527
69127,0.646493
84083,0.19925098
18973,0.20045832
66169,0.75863504
11888,0.26238984
14158,0.8078827
54444,0.40739742
10044,0.36650452
101246,0.25743377
66518,0.35528377
106623,0.33385614
122788,0.46016735
54768,0.5817217
54403,0.7830419
52647,0.74990463
122667,0.5250603
104525,0.5719321
109495,0.25053608
53233,0.7723164
63870,0.43996164
69105,0.6650083
78690,0.1945091
42475,0.80821896
120302,0.45067623
95354,0.38167995
30966,0.80841833
125118,0.7635611
120268,0.7496342
30773,0.7153764
78971,0.24470752
77428,0.2389259
86722,0.20263842
69401,0.603931
46926,0.80718696
125068,0.37893108
83844,0.21788955
115756,0.6885031
76985,0.24249275
17974,0.8006369
123364,0.6587981
95384,0.35238913
91365,0.20791464
94791,0.2722864
120937,0.6399785
40141,0.47822413
106800,0.8092244
16498,0.40757447
73082,0.4495045
120996,0.37860808
112287,0.4046068
106283,0.81097645
98962,0.5329329
55823,0.56639713
16920,0.3048711
102525,0.36136702
90602,0.20432475
80342,0.20162825
108351,0.35481125
41649,0.80785656
38707,0.7558824
47060,0.31229407
2831,0.3105094
66501,0.35933313
99872,0.6652454
100401,0.39728534
102150,0.75313824
27622,0.28888062
44354,0.8091743
123730,0.7833666
120640,0.7801279
44268,0.74876475
46381,0.5919297
41181,0.80259776
112848,0.4162736
18145,0.7957616
75317,0.21024857
53920,0.6877611
91294,0.20081039
58980,0.7914346
33239,0.36635673
19338,0.7661029
113263,0.21046467
54547,0.5131615
21433,0.8011279
11326,0.36151782
63926,0.5699536
8581,0.75585276
36694,0.8016797
111745,0.73076814
84757,0.20074111
117056,0.6393252
93403,0.61496055
125080,0.6084227
49581,0.7354832
32565,0.79828423
1258,0.80455685
99903,0.37689197
60537,0.7770301
75303,0.21473889
30883,0.7644325
74201,0.50195205
85668,0.20433179
39944,0.80297065
124055,0.73365366
111951,0.45091897
16074,0.55054176
41773,0.45318028
39079,0.79608226
120109,0.50791365
24833,0.5924081
84771,0.20074111
63509,0.7753987
113565,0.40026644
111913,0.6215586
26043,0.3584062
7408,0.6625279
99891,0.6645796
115289,0.707003
117301,0.4675425
11685,0.4118427
85369,0.22249906
96899,0.42961326
56898,0.80066
57847,0.7401102
53465,0.7852096
53539,0.5343266
101330,0.25609553
116507,0.7112593
61428,0.58402103
27395,0.37166932
61776,0.7576876
57466,0.7622102
41990,0.7973143
138,0.8044831
123841,0.69489527
105218,0.34173068
119583,0.3706879
118927,0.62987655
113323,0.21046467
19689,0.55879456
20216,0.62985307
87903,0.1992915
115603,0.7654886
123182,0.769291
25190,0.8093588
85943,0.20260392
69107,0.48334038
111525,0.5290061
68412,0.58020407
38659,0.8082987
22007,0.7552136
121059,0.544118
90707,0.20152436
7945,0.39452145
86561,0.20236139
13850,0.5760418
70314,0.28177378
77068,0.20109661
88763,0.21208498
23514,0.8097241
55198,0.6753342
73485,0.40570617
91572,0.2052022
100376,0.33027163
76026,0.21344525
113448,0.5953561
40163,0.79552895
22006,0.7552136
97591,0.58810943
32493,0.61272556
111522,0.55287683
70465,0.37055507
35960,0.8090495
92807,0.45404056
117633,0.6476954
103336,0.38295975
63546,0.7842405
32941,0.245481
4846,0.77257067
123926,0.77573425
112497,0.7046774
62956,0.79097843
85506,0.21807456
107187,0.8093602
111870,0.4409194
108912,0.24511872
22356,0.8029905
59838,0.7854728
97602,0.52111554
79187,0.21146336
108450,0.3107812
56962,0.80066
23527,0.8097241
30836,0.8081197
52811,0.7472173
72360,0.4487453
33116,0.48070356
104928,0.4103395
100650,0.39127398
39221,0.7960421
119393,0.39976934
97532,0.784985
84387,0.19880842
105352,0.8074962
14062,0.29599574
120114,0.4004773
40884,0.7978385
17983,0.65315217
10767,0.39317504
46155,0.809229
39003,0.79608226
116342,0.6672333
23202,0.7891411
93868,0.3625205
30405,0.809041
5980,0.2489091
63888,0.6805368
61293,0.27267838
100041,0.35589522
113488,0.5663005
38384,0.80112976
116734,0.7077057
13841,0.5760418
99464,0.2853638
99624,0.7294882
37447,0.8020883
78530,0.23521642
23085,0.71818775
14337,0.7919362
67285,0.4274916
28995,0.596828
42034,0.7973143
32868,0.7898537
79393,0.22974235
20917,0.5125899
1681,0.71992713
59857,0.7854728
110868,0.2517312
32621,0.7886512
69313,0.5700152
22546,0.20075087
116059,0.71479636
67671,0.7091516
53840,0.44521418
125111,0.3251701
20546,0.79885834
5023,0.80916846
21497,0.8011279
78344,0.23361339
111799,0.5521993
6721,0.33378813
75349,0.20140296
18730,0.80584764
106350,0.81097645
59467,0.7956951
35747,0.80895203
83745,0.20321421
106700,0.43795556
112510,0.61334085
79767,0.21099193
79421,0.2093335
60180,0.7628141
93237,0.7390413
9460,0.35274306
47877,0.61606055
57936,0.7898255
87593,0.1977262
54674,0.7911916
124018,0.77621174
3576,0.3967537
44614,0.80340356
70958,0.79600143
52939,0.539496
60676,0.7815754
53806,0.4601936
107443,0.42519665
113933,0.74315494
65711,0.45559123
4114,0.77397823
35371,0.36522838
4058,0.43938613
52428,0.377883
11927,0.28600854
107987,0.38766253
49898,0.32231823
84390,0.19880842
80889,0.23251672
81796,0.21355222
125180,0.75107473
5221,0.79733104
98560,0.41320303
64831,0.47325832
92783,0.6425595
45663,0.53009516
80276,0.2422627
54790,0.75927675
33895,0.42926311
10715,0.36151782
54429,0.42475086
26859,0.7883043
24200,0.7909455
40348,0.79750144
94445,0.28963464
109131,0.21731248
24492,0.20071383
58356,0.7295036
30562,0.7894059
106403,0.32753772
3782,0.3439995
86254,0.23625027
73312,0.31298682
109700,0.23486933
89100,0.21320112
29638,0.40496716
56086,0.78675014
73326,0.29826912
65344,0.49864525
6152,0.38050988
22032,0.6636432
80902,0.20477653
78168,0.2101736
7469,0.48359734
265,0.33703128
45142,0.28465375
115811,0.585849
21624,0.792719
44970,0.8034293
106264,0.81097645
100475,0.63079906
53084,0.7877828
50402,0.5291345
7620,0.63019466
31684,0.7966144
114568,0.60490364
100425,0.58467394
55689,0.57578903
56266,0.76165676
18202,0.7957616
73022,0.7951123
71923,0.6509052
22646,0.6436423
34631,0.7975801
19300,0.77044666
52576,0.6373879
117272,0.5053684
14931,0.687995
24936,0.7546844
51396,0.40185627
25645,0.21429974
70502,0.679852
38525,0.80793554
72799,0.6640512
33997,0.7999786
117664,0.47413543
92497,0.26406425
10423,0.45372406
74124,0.52836245
79899,0.195358
73724,0.42401958
94434,0.6372932
93077,0.8126727
26818,0.7883043
60692,0.7815754
57679,0.55290395
75376,0.1994391
91940,0.32327947
55966,0.70745325
21746,0.8029905
36189,0.5815966
72880,0.74199617
76751,0.23980272
89262,0.19718249
43846,0.7666698
14010,0.79648846
86593,0.22601187
48284,0.64240366
76623,0.19949698
109117,0.23436081
62155,0.79127413
41189,0.80259776
99783,0.25255403
109920,0.24693444
29691,0.41890958
124106,0.66148907
78804,0.21423611
100295,0.3727331
113804,0.6874626
69833,0.38908878
111355,0.32590142
104655,0.4394125
92200,0.40472504
82600,0.20381266
28794,0.79635173
19793,0.6392699
13405,0.40373364
90111,0.20646071
33873,0.5371293
3199,0.33343244
70055,0.7226558
111683,0.52152514
73090,0.5496407
36115,0.7987928
124918,0.73486966
86221,0.2092688
59215,0.79346615
122051,0.6394573
43015,0.80101717
32265,0.34725714
113108,0.38338086
29321,0.41518167
102339,0.28833243
53608,0.2944395
33498,0.64391834
86900,0.21431942
98352,0.6811724
65064,0.7854519
22684,0.56932867
69506,0.5831398
70139,0.59904295
86075,0.2201631
83633,0.20248365
104577,0.6242997
71753,0.2561312
17659,0.772086
45692,0.80129594
112434,0.56382895
61637,0.26733136
82039,0.22850192
12874,0.60307133
12436,0.49740323
39879,0.80259776
57933,0.76587456
34821,0.7976452
80054,0.21831706
41110,0.80259776
7745,0.61350155
3181,0.6804211
93115,0.812537
12190,0.7101028
49075,0.8022802
87466,0.20966282
91973,0.25567818
121722,0.76344424
48960,0.7953699
120626,0.782627
89842,0.19915576
53336,0.77459514
21564,0.792719
74393,0.5129033
95339,0.68344885
111607,0.58915085
61606,0.5222293
94555,0.33713728
100267,0.33062983
90556,0.20139149
124779,0.7256311
3096,0.5946209
52832,0.39503852
91261,0.20785312
91873,0.2440829
94836,0.6207393
110649,0.26608026
48635,0.8095503
32558,0.79828423
29229,0.7609675
81726,0.21167053
114700,0.634312
53634,0.37632006
95811,0.25841805
5739,0.28970373
121333,0.5125132
20286,0.79512703
51446,0.7003089
58927,0.7914346
23920,0.5991618
25331,0.8003337
69128,0.44677132
31995,0.7921878
4470,0.7941082
111770,0.4051099
77202,0.21058555
65918,0.5111043
39573,0.7985452
75439,0.20428088
123848,0.6783156
353,0.4223944
93745,0.5427606
3762,0.38849524
24457,0.20075087
40101,0.77815866
106050,0.68314946
10845,0.33954403
5430,0.65392804
2011,0.580571
55549,0.7984359
66117,0.26183897
45261,0.47013146
82389,0.19925098
118195,0.33404684
92161,0.44379005
10109,0.55857867
73480,0.4602719
84588,0.20540527
49983,0.32396334
48162,0.78822565
110606,0.2407181
33867,0.79567444
66101,0.73188645
29688,0.76253736
50711,0.5665558
2039,0.7374721
55061,0.5575215
66859,0.37229535
72573,0.6640512
98420,0.32669625
8078,0.42868212
68258,0.5313854
9180,0.7160313
93291,0.35644358
93110,0.61087644
70140,0.59904295
69074,0.47585738
104624,0.5511541
32556,0.79828423
124370,0.6124423
100973,0.43071678
19979,0.4494517
123190,0.7864152
110928,0.34663716
108989,0.23615699
121987,0.749838
78679,0.1945091
98769,0.50252825
75375,0.1994391
83581,0.21576066
17226,0.363034
5620,0.80371577
60808,0.7866082
3668,0.3342357
99513,0.30946094
46651,0.80061066
122617,0.72379816
122508,0.74316823
108676,0.67149377
73314,0.31298682
38631,0.8082987
51674,0.33639875
117971,0.33084276
116511,0.36350173
89143,0.20051964
49487,0.33895442
81016,0.20967968
67043,0.3019855
111657,0.34254757
117006,0.60610425
99165,0.6781284
27675,0.28888062
27514,0.26070908
88486,0.2176591
56852,0.42504215
58445,0.5602054
79737,0.19947034
16153,0.57647556
53186,0.5109766
23820,0.7205268
119003,0.55538905
48372,0.8092743
8336,0.348178
59866,0.7854728
55235,0.7263178
103685,0.32109776
39050,0.79608226
4039,0.51681703
55020,0.4077764
46449,0.38801557
9591,0.7616439
113397,0.6286509
61165,0.7937088
41138,0.80259776
112675,0.3649408
85776,0.21038666
90165,0.20539738
13038,0.54780626
41320,0.7950451
78044,0.19875629
4685,0.794338
78317,0.20445544
36811,0.7987928
2800,0.3510131
107558,0.80911267
83894,0.20147131
34354,0.27021217
70267,0.38500467
95501,0.4094605
97955,0.72515464
104194,0.42618898
40130,0.47822413
85633,0.199365
23732,0.80976826
124610,0.7769989
92265,0.6060024
22342,0.8029905
99046,0.41731927
49532,0.6908609
122015,0.75292736
91688,0.20172799
32450,0.80135787
118065,0.3650491
59115,0.64372873
52970,0.7928239
25016,0.39730752
44252,0.79679835
11219,0.706752
101244,0.25743377
26490,0.5314513
13816,0.41626486
39960,0.79508096
7861,0.59654367
33284,0.76297724
115228,0.69792163
38586,0.8082987
105158,0.66737103
26135,0.7762821
102137,0.6936198
25191,0.8093588
106420,0.4060452
30453,0.809041
31367,0.78683996
103980,0.4520202
104088,0.40948078
14185,0.8078827
42996,0.80101717
44544,0.80340356
110862,0.24753089
42421,0.79443663
89497,0.20669273
125088,0.72517323
21832,0.78863424
51981,0.38639244
97176,0.2729876
35029,0.7481216
31469,0.62356937
75941,0.2267185
28097,0.41016418
80048,0.2119524
99050,0.5069517
101201,0.59940624
21574,0.792719
120438,0.575722
46552,0.80061066
102546,0.30513027
106891,0.8092244
58956,0.77882355
68176,0.650908
15511,0.7510189
113262,0.2429957
96453,0.43324673
99619,0.7294882
111024,0.26218536
69383,0.6466888
111532,0.36879945
69670,0.79571474
41345,0.7950451
16942,0.3540132
2448,0.3933344
50295,0.6386724
79218,0.2105054
48523,0.80945295
60725,0.7189586
61551,0.7450287
78268,0.1999716
84872,0.21964459
102092,0.3931493
1202,0.80455685
26190,0.7145059
54259,0.30608347
115422,0.50122803
93443,0.36096
11861,0.5310337
41567,0.807976
102007,0.6586815
26234,0.7399743
43983,0.79777825
41327,0.7950451
10138,0.30301452
51675,0.33639875
27495,0.33512822
86149,0.20222862
25835,0.23409012
61884,0.5306571
77490,0.21026829
18182,0.7957616
94634,0.30235803
119172,0.69572264
117800,0.61276424
40674,0.7974256
55207,0.74325657
64705,0.7485633
50344,0.33321592
62288,0.7841183
33814,0.73938084
77904,0.21296747
85452,0.21128143
108975,0.23663941
83992,0.20711987
30436,0.809041
11039,0.24892816
120144,0.7101907
114690,0.3236794
25857,0.43601564
28702,0.38175195
24006,0.32486033
68498,0.49407354
44878,0.8013557
78623,0.20909986
75506,0.2230298
52646,0.47325486
28096,0.41016418
45909,0.8042443
124547,0.763824
18147,0.7957616
40751,0.26924145
112895,0.63537276
77340,0.22065246
59514,0.7987054
77979,0.1980037
85853,0.21166207
89981,0.20066275
10223,0.65428734
22748,0.7108884
35091,0.8005567
30779,0.8081197
24872,0.21114601
40505,0.8005098
66,0.6885559
99144,0.7087848
111942,0.5887697
48599,0.80945295
43447,0.7859185
52009,0.622947
86542,0.21123436
58817,0.76944894
92652,0.5794249
65639,0.7542563
106040,0.6515363
36278,0.79143846
6677,0.2814545
91248,0.2052813
35128,0.8005567
81122,0.21109636
38278,0.80112976
41525,0.80761963
38155,0.7804523
43136,0.75328314
61666,0.4827113
9769,0.4299976
106649,0.51410645
69854,0.5398515
123424,0.75659925
120712,0.35799465
22966,0.45648453
74534,0.808755
9691,0.68454033
93339,0.56247365
117072,0.37186196
22036,0.7943738
92686,0.64545
35986,0.8088441
103448,0.6082978
68513,0.44663194
89109,0.20456482
108079,0.5573582
68388,0.5529421
71156,0.44466892
89847,0.19915576
6780,0.64290786
99861,0.38607392
2515,0.66601855
116283,0.68504095
4762,0.36544973
79388,0.22907306
13688,0.5261171
1931,0.7561627
4083,0.7679637
59478,0.7956951
22108,0.8016232
67971,0.46989822
39131,0.79608226
99643,0.7294882
121042,0.3645117
87706,0.22927833
46254,0.809229
106338,0.81097645
73571,0.44685438
125040,0.3505189
49368,0.33702964
29491,0.501475
111144,0.43467435
45022,0.7947201
8351,0.5978539
22485,0.47502258
52680,0.3986327
20640,0.79924935
89941,0.20340481
67777,0.30676827
1855,0.77587235
24037,0.7923276
49232,0.7510495
114375,0.64621913
76819,0.1962753
48641,0.7913748
26547,0.6315333
104158,0.38899374
454,0.25262165
58308,0.8031131
1501,0.7220523
88695,0.20864516
94916,0.39386415
82196,0.21137816
58327,0.8031131
101161,0.41987413
79495,0.19810103
6054,0.29101247
2233,0.7249909
40444,0.7986321
119133,0.6504558
98927,0.30022788
92837,0.55363536
66639,0.25497922
65337,0.793655
118800,0.33164853
95346,0.3209756
119381,0.68491787
110805,0.27800393
44393,0.74577814
37276,0.7433982
40496,0.8005098
77795,0.20114559
60378,0.7936831
86011,0.21799514
70551,0.37961593
15739,0.26041776
37362,0.8007448
75240,0.2036321
43438,0.7125621
83154,0.20011267
74364,0.32792968
95442,0.3928328
113984,0.32217428
4297,0.8040453
37915,0.73880935
116212,0.72511554
103291,0.34740502
33119,0.64478886
6403,0.6646175
115698,0.36142832
37081,0.7319622
33975,0.7999786
44752,0.51137114
80158,0.20723107
66537,0.32121
4863,0.6563866
1899,0.77547044
41593,0.38903993
85456,0.2001616
99953,0.6368665
69797,0.4884822
97493,0.79937947
36657,0.8090495
8588,0.75585276
113929,0.74315494
109730,0.2252116
9143,0.4118688
62473,0.794977
110322,0.2872494
4893,0.79814386
124596,0.7769989
3180,0.33343244
8823,0.54624164
28215,0.41142336
6482,0.272558
121179,0.71290135
53871,0.3012661
47604,0.6399112
85958,0.22771062
37071,0.8010573
29941,0.21149233
100927,0.32341948
88838,0.20958084
38636,0.8082987
25207,0.7341636
5021,0.80916846
102646,0.7243726
108145,0.8087252
99821,0.35428205
69049,0.399
30324,0.809041
48066,0.38207093
2986,0.78051233
122580,0.75810796
19926,0.40137744
95201,0.2891402
74274,0.5008541
102739,0.7392862
9434,0.35408336
72844,0.42315355
2779,0.30183446
79336,0.1964278
32288,0.41542578
5447,0.36770445
59527,0.7987054
115601,0.70767367
12936,0.40608802
123827,0.36697352
27274,0.34539014
103671,0.46098208
29640,0.4959449
28999,0.49279726
52145,0.42639467
82111,0.2098563
95854,0.6800561
72831,0.5261877
110207,0.25081387
71380,0.38675243
113609,0.33930188
59445,0.7956951
41885,0.44623283
81412,0.20369995
111805,0.5521993
83592,0.21867205
51236,0.32119626
14712,0.80941623
93113,0.61087644
57602,0.6504619
47907,0.510679
34119,0.7964214
29020,0.33512822
43605,0.78964967
118941,0.56949526
55560,0.7984359
34540,0.79532456
33237,0.54160863
121768,0.67551523
33024,0.22361958
88223,0.21444456
116956,0.7265176
38359,0.80112976
38122,0.7499046
17028,0.40680093
109676,0.21883611
61299,0.53343666
63,0.6885559
67038,0.5303274
34258,0.30481058
101968,0.4370224
4256,0.7265467
92328,0.37403104
54,0.5194278
38850,0.8010264
59306,0.76241183
36725,0.7969342
103999,0.3661426
106342,0.81097645
79958,0.23829393
23758,0.80976826
120719,0.6807549
61425,0.79715264
61788,0.48956305
87765,0.2106527
43401,0.8037478
45791,0.79275256
60494,0.7484783
68364,0.6035701
102551,0.30513027
27041,0.47136417
6440,0.4995874
75933,0.2267185
14649,0.80941623
98818,0.2960221
77199,0.19673744
81884,0.21843907
25157,0.8093588
1093,0.7153869
75137,0.20049691
116917,0.38690332
106766,0.8092244
67431,0.3858748
8785,0.35414305
99684,0.648676
30716,0.8081197
53875,0.3012661
53422,0.7852096
65097,0.7854519
116909,0.40185001
80943,0.19912681
16974,0.7615379
71807,0.63182634
78141,0.19666083
88048,0.20454249
36184,0.7922891
13041,0.808339
122793,0.695663
61590,0.7714426
90124,0.21377325
39237,0.7321005
4195,0.25406963
105770,0.47927442
112845,0.3826334
84084,0.19925098
437,0.28507394
75100,0.21036823
123866,0.5049978
31930,0.8071193
66510,0.41867027
122997,0.63933456
54949,0.7817709
14399,0.80941623
61719,0.6577728
43809,0.8046499
69022,0.6485082
72712,0.5388698
73693,0.4121842
39900,0.80259776
40529,0.8005098
91446,0.20889804
39786,0.80712885
11144,0.48459998
65980,0.4203963
88963,0.19945997
93796,0.7401596
79472,0.20214772
94148,0.8091231
90645,0.2536299
35491,0.8007448
7114,0.2747103
55784,0.78802425
83994,0.21079306
41468,0.80785656
10511,0.27930617
7928,0.39452145
112625,0.51401156
105100,0.33661315
18216,0.7957616
63157,0.6559192
118175,0.33404684
54696,0.76251364
64330,0.5287283
35578,0.80895203
28282,0.38832983
122571,0.3091266
115222,0.58805525
123078,0.7635503
27465,0.33699286
99832,0.29428276
88686,0.21869996
22917,0.8096462
57788,0.73997086
36206,0.6810117
70163,0.62661314
13626,0.4243019
51487,0.41714844
35694,0.80895203
51925,0.7647062
31705,0.8021974
76028,0.21344525
46281,0.809229
51237,0.32119626
64912,0.51776683
116581,0.5611492
113532,0.5700233
42878,0.80101717
84427,0.20682335
84798,0.20347768
70326,0.36625385
1975,0.6963638
86338,0.19639269
59548,0.7987054
27128,0.5319012
84854,0.20293584
107557,0.80911267
20007,0.80088234
117248,0.36372977
54181,0.3801582
72526,0.3658801
18102,0.7957616
113817,0.6874626
69381,0.37372705
7230,0.27080482
14339,0.27826265
5678,0.32438263
93911,0.33506402
21724,0.8029905
79296,0.20136042
80311,0.20757215
49141,0.34113476
19452,0.7982406
40165,0.79552895
123732,0.7833666
91217,0.20650935
32418,0.80135787
5113,0.80916846
88999,0.20720565
6471,0.42279056
122845,0.71848327
51663,0.5230292
6665,0.28267056
17864,0.7994667
95885,0.540812
80161,0.20143482
82683,0.20511675
9800,0.32981318
93424,0.3638802
78812,0.20066217
10685,0.42703635
63347,0.7881315
25750,0.7639215
38068,0.8088441
70362,0.78289264
66756,0.4066288
14994,0.31767702
81794,0.21355222
2592,0.415184
97747,0.3254241
7616,0.59585387
78348,0.22419257
58951,0.77882355
48949,0.68336457
97687,0.33123976
121727,0.5902599
39575,0.7985452
31131,0.6955599
47367,0.80246544
22681,0.7676765
41330,0.7950451
41934,0.8029965
41275,0.80259776
56989,0.80066
110533,0.24480323
27935,0.31827724
123799,0.49039945
82571,0.20310645
1515,0.7220523
43826,0.4367749
101546,0.64587355
105275,0.80534846
68309,0.46998298
51558,0.37024432
44058,0.7958979
113351,0.21512926
76220,0.22914056
87826,0.20292807
85430,0.20314103
95968,0.29286277
69120,0.40469715
7128,0.58911806
112379,0.32824665
111215,0.3992411
95906,0.29875332
37381,0.8007448
96957,0.5863508
1699,0.71992713
76774,0.19935705
23691,0.80976826
59117,0.64372873
74901,0.3609615
3003,0.78051233
45957,0.8042443
73451,0.40093532
79428,0.2093335
12846,0.62299097
24358,0.35099664
328,0.54396635
36717,0.7969342
26975,0.77549654
107428,0.44645464
9475,0.49720505
103783,0.5265957
20471,0.7098651
19359,0.27167022
3470,0.33033296
121457,0.5577932
101654,0.80445945
20674,0.8005739
121793,0.6439953
111528,0.43467435
107324,0.8077964
103952,0.39625278
47788,0.8025664
45137,0.29345495
85101,0.2086128
8729,0.5001471
92599,0.25560206
104429,0.6107238
25115,0.8093588
44113,0.80095965
96250,0.34387478
95080,0.70395356
35741,0.80895203
29078,0.5958875
74844,0.5365232
25223,0.6992717
15906,0.29265273
118946,0.75821793
68734,0.23920584
47418,0.52466446
22391,0.8043312
115752,0.6885031
82882,0.21849662
35678,0.80895203
21204,0.20071383
75195,0.20343232
116291,0.54581624
42044,0.7973143
5611,0.80371577
57242,0.6857269
75919,0.2267185
61983,0.7375242
49248,0.7501708
122914,0.7015538
87038,0.23772684
43166,0.78750926
65154,0.432375
40464,0.8005098
27119,0.5076679
57738,0.74773633
38718,0.7559889
81732,0.21167053
22120,0.8016232
111013,0.34033814
123869,0.4242388
9853,0.6617752
51997,0.4291879
100224,0.3659716
64131,0.6400786
19399,0.48532906
103457,0.38454106
52742,0.5622432
119638,0.6325124
34687,0.7937589
52483,0.6831031
106272,0.73859555
76439,0.20531936
83699,0.20035398
52302,0.59567636
92570,0.618515
90722,0.20093733
59181,0.6324602
46318,0.809229
32264,0.37492892
92487,0.54423296
57813,0.7966211
60464,0.36168152
1750,0.3505132
9887,0.6815465
120874,0.5196689
92558,0.38495323
36615,0.80895203
31443,0.3516134
65835,0.5522964
8324,0.5675298
71337,0.69658256
42831,0.28758577
24408,0.3831369
69039,0.57882935
78657,0.1945091
99219,0.43047953
50803,0.46343157
97188,0.2819679
69435,0.5601324
7210,0.27016258
47796,0.797652
7916,0.67878574
99256,0.41731927
110716,0.31936765
99528,0.32039812
11184,0.39352897
7586,0.3846255
22372,0.8043312
75666,0.19162592
92465,0.8030208
67405,0.42459852
62823,0.7829812
65488,0.5247442
49798,0.7751638
21621,0.792719
58124,0.7589909
113805,0.6874626
22886,0.78570265
84905,0.20014746
102407,0.5865127
28162,0.31269795
53299,0.75665677
12769,0.31358707
70956,0.8056626
7674,0.6753279
25363,0.8003337
104538,0.6191426
86418,0.20830385
106404,0.32753772
43524,0.7859185
50737,0.51619416
28552,0.42452964
8147,0.6151507
54591,0.7165097
88677,0.20583989
33542,0.27858144
87449,0.22430784
122316,0.7132312
73637,0.39682856
61897,0.5306571
104318,0.60309476
43455,0.7859185
82772,0.20237273
21101,0.33193812
1302,0.33344284
42207,0.7994585
111580,0.3016678
57488,0.73720264
829,0.7703756
45885,0.7277366
9155,0.44075057
21824,0.3811313
93940,0.75654495
55136,0.6429321
36181,0.5415566
15301,0.25555578
104565,0.54923254
38352,0.80112976
112183,0.52928007
83123,0.20011267
27590,0.2640327
17269,0.36954266
27705,0.62285876
69269,0.6817013
40342,0.79750144
63511,0.7753987
110557,0.23263536
36750,0.7969342
8916,0.33502215
47340,0.80246544
37174,0.62415147
61645,0.73411506
24752,0.6865055
19809,0.5255823
10643,0.438717
32988,0.22361958
26440,0.78022134
58936,0.7914346
125078,0.6084227
116278,0.5030281
92230,0.43909684
83998,0.21079306
37939,0.8088441
85675,0.20786867
26507,0.71336883
68522,0.30679315
20898,0.47793478
59023,0.77882355
84742,0.21105126
105914,0.79097325
119811,0.64375514
111633,0.5742434
102996,0.4340082
82932,0.2071898
77978,0.1980037
54306,0.7634342
12668,0.42637464
90422,0.20283535
558,0.4841488
121434,0.748177
113344,0.21512926
50894,0.29860705
124015,0.4491483
7890,0.29927525
106325,0.81097645
52203,0.7431494
72943,0.7951123
60556,0.7770301
37446,0.8020883
48637,0.8095503
2566,0.39913002
48244,0.8023793
80268,0.2096474
39597,0.7985452
39436,0.7991268
31578,0.8016057
29992,0.21145381
41262,0.80259776
105479,0.479112
86672,0.1981488
80471,0.22126375
86012,0.21799514
48697,0.8095503
92114,0.7093774
1959,0.3520331
69741,0.79571474
69647,0.79571474
68265,0.5247755
98215,0.7297199
86580,0.20298703
7774,0.3311653
124838,0.7866228
71543,0.38707903
79275,0.20909986
117761,0.43975565
94890,0.3371102
94811,0.2722864
68421,0.3752016
77141,0.19875629
4592,0.7874184
76904,0.19835894
6246,0.7154156
8627,0.75585276
20615,0.79924935
91283,0.20409916
119231,0.65984994
121774,0.67551523
65303,0.79485494
4681,0.794338
101508,0.51598686
124832,0.7866228
49097,0.6651037
118816,0.62100106
7834,0.44790077
70491,0.5068416
66380,0.48175958
15262,0.274978
87214,0.20298703
6435,0.5143375
89551,0.2249419
39725,0.7884002
44621,0.80340356
26254,0.5409242
110025,0.2483852
43730,0.35858148
13944,0.24923043
52777,0.6984359
37714,0.79371494
29914,0.23055167
112095,0.31549242
92869,0.3717781
4187,0.27268246
45668,0.80129594
65524,0.7565978
51494,0.5221122
118213,0.3164384
38263,0.57120407
99409,0.7919628
102951,0.49852392
4144,0.35641885
12997,0.39123073
69950,0.4698362
100740,0.31592122
22760,0.7090319
98553,0.41320303
106021,0.36978504
68453,0.4688125
7773,0.6336377
14374,0.80941623
80023,0.20606816
103446,0.39409307
119178,0.69572264
23532,0.8097241
66775,0.31908178
61232,0.6292155
106484,0.4636875
75811,0.20510566
48185,0.8023793
67616,0.5424671
47053,0.31229407
26024,0.6599993
83435,0.19877106
12083,0.37620935
22090,0.8016232
44887,0.8013557
28359,0.2923007
52890,0.49167356
1790,0.34815007
89744,0.20217294
106706,0.46787867
5957,0.24176691
50656,0.37085748
38000,0.8088441
90751,0.20093733
116699,0.5038855
73969,0.55140865
58352,0.8031131
119232,0.6716128
115686,0.6812557
17541,0.4303071
50203,0.4586734
45212,0.34903118
43671,0.7888804
68999,0.24049269
6084,0.60829175
24179,0.7959555
76977,0.22766323
63473,0.7753987
65248,0.26825348
77953,0.19811197
112213,0.70744795
59102,0.75640637
53742,0.4621745
64566,0.6393723
39275,0.7960421
88789,0.20929937
65472,0.39965454
254,0.33703128
121562,0.7813309
8088,0.48372945
78615,0.20909986
10880,0.6906061
10433,0.28566024
116414,0.22565286
99032,0.3807432
4975,0.8041499
11754,0.46710652
89112,0.20456482
79154,0.2181785
82240,0.20214815
3354,0.3389048
46895,0.80718696
11702,0.66912645
39839,0.80259776
115549,0.7166543
46802,0.40324876
79814,0.19892457
40530,0.8005098
104969,0.57148284
16134,0.3199177
58757,0.76446116
6687,0.46068937
53020,0.7928239
68601,0.4287447
76679,0.20257232
47518,0.8069103
32032,0.79832244
97415,0.79530317
41161,0.80259776
50004,0.46947303
39553,0.7981991
15015,0.27666432
68975,0.24251743
43074,0.27457184
31137,0.3303265
17319,0.49815857
9201,0.7160313
109071,0.23381363
57373,0.72367984
96393,0.3322088
118716,0.639941
55954,0.7984359
51887,0.321652
84157,0.20218085
94361,0.38139793
94344,0.5059223
72,0.43873757
98434,0.56494784
11403,0.73563445
45832,0.7857537
115039,0.55921257
7634,0.63019466
12969,0.3656275
108882,0.23694599
100600,0.6447532
110737,0.24031578
39791,0.80712885
87563,0.1977262
28864,0.60835075
10599,0.49866852
25437,0.7994737
58103,0.7589909
99792,0.3171184
105308,0.47705865
87319,0.1981488
122919,0.6466147
97731,0.59587526
18115,0.7957616
83404,0.19832973
92375,0.37282017
110071,0.30910796
95644,0.5102139
59550,0.7987054
57418,0.44021374
91806,0.21049573
111785,0.598999
57413,0.48717737
32633,0.7886512
37055,0.8010573
24051,0.21114601
49998,0.34799784
24869,0.50761396
99864,0.6652454
112750,0.33763304
41591,0.38903993
18096,0.7957616
22348,0.8029905
54913,0.76550466
22205,0.8016232
33869,0.5955423
27630,0.28888062
92018,0.31590125
115717,0.7067594
57307,0.45642975
72913,0.49698606
119164,0.69572264
67601,0.41124418
31551,0.80165464
113292,0.21046467
30171,0.38288385
51511,0.4565611
123082,0.7635503
64176,0.37251148
33823,0.4146822
32614,0.7886512
17677,0.4552528
26114,0.44669968
64484,0.80919904
30669,0.8081197
45400,0.79790163
58478,0.76278454
96434,0.55282134
56194,0.6814
80561,0.23891757
52998,0.7928239
26508,0.5153838
33224,0.52701205
115045,0.46270987
67554,0.5990001
1594,0.439888
90569,0.21918316
123099,0.7615474
8698,0.5536685
117365,0.6960677
6467,0.39904457
58230,0.8031131
40300,0.79750144
83422,0.19877106
77566,0.19776668
68674,0.6428121
14518,0.80941623
43237,0.78203005
63390,0.7945282
22040,0.7943738
88567,0.20453335
83338,0.19832973
71185,0.39125592
109778,0.22172447
10904,0.46971193
63293,0.7771158
16073,0.5464615
77,0.6143599
18212,0.7957616
2128,0.6333503
63661,0.79825
51835,0.771103
54516,0.3168161
5390,0.57465065
115081,0.72546226
97744,0.4391829
96247,0.3366079
14496,0.80941623
66435,0.41239974
79081,0.20094126
78185,0.2101736
20523,0.3431428
30075,0.21443215
20399,0.7219183
37953,0.8088441
62800,0.49806973
43008,0.80101717
5608,0.80371577
46417,0.80096644
111675,0.36305493
70023,0.7543419
88524,0.20695157
28711,0.47805297
64237,0.41993058
88758,0.20323998
55553,0.7984359
45171,0.30080855
26745,0.7607733
77228,0.21058555
25063,0.8093588
76199,0.21142098
30032,0.69410944
29072,0.5105328
20412,0.79504216
98362,0.35692817
108625,0.35028037
83107,0.20011267
59231,0.79346615
91737,0.25548905
21967,0.20154764
86750,0.23438235
75657,0.19162592
92766,0.57866293
64092,0.34205484
125175,0.75107473
4940,0.79814386
16218,0.7527791
100467,0.31379586
34058,0.2681093
117354,0.45449698
78595,0.19704477
29535,0.7661172
44215,0.8064426
47184,0.55907834
35020,0.8005567
62160,0.79127413
7096,0.6697607
49399,0.42113736
79505,0.19799112
106871,0.8092244
37593,0.76476866
63088,0.79033977
77935,0.20109661
32632,0.7886512
82398,0.20487508
40116,0.7970403
77710,0.21421255
72375,0.5915211
42988,0.80101717
102032,0.5166944
18637,0.64072967
112283,0.50096625
44319,0.79696363
67624,0.6094129
44123,0.7863542
40255,0.7973143
40830,0.7978385
107102,0.8093602
74708,0.51766884
107422,0.42202663
82351,0.20235859
8114,0.6282312
119910,0.44597036
19566,0.79996735
73913,0.60445654
36439,0.7683597
40431,0.7354753
71730,0.51307136
107795,0.5399556
79831,0.22643742
60564,0.7770301
57753,0.74773633
61246,0.7730128
125166,0.39824057
87569,0.1977262
50124,0.7520107
102463,0.7379547
113169,0.7361779
124881,0.7866228
91929,0.32327947
22845,0.42298713
41053,0.7911968
26399,0.40867865
26540,0.36161774
31192,0.78794247
76075,0.21045604
104924,0.48466724
11205,0.706752
101210,0.40602493
89608,0.2307085
5357,0.779835
38794,0.8016797
80216,0.2562712
84785,0.20106186
99808,0.45629412
193,0.7531055
95624,0.6711032
82075,0.20489582
4413,0.8019783
116174,0.72511554
115702,0.47154954
84900,0.20247667
27299,0.34539014
56665,0.78898716
109306,0.24318866
81886,0.2198089
40873,0.7537964
120390,0.35947046
34918,0.7975846
76529,0.21089162
105629,0.5087964
29676,0.5193555
95074,0.75271696
85992,0.21005696
103229,0.48679137
89288,0.20077117
115724,0.54581624
56920,0.80066
108352,0.55466425
91230,0.22074527
78705,0.1945091
65152,0.6393723
23725,0.80976826
61321,0.26429084
86794,0.21400851
74506,0.25592506
18279,0.7957616
9449,0.50440395
103130,0.51495147
87974,0.22933199
58506,0.76785195
30264,0.8078415
123165,0.769291
45669,0.80129594
14617,0.80941623
55669,0.7178237
70975,0.2980215
120902,0.5500605
82944,0.20430098
47132,0.79626465
81935,0.20445147
25783,0.2506116
116133,0.47161677
121882,0.6251251
54910,0.63300186
31249,0.7881359
47679,0.803399
30846,0.51288235
41557,0.807976
116438,0.6610121
39374,0.80112976
105072,0.50859374
59212,0.79346615
15931,0.7301502
61287,0.77854604
90837,0.20093733
37803,0.80785656
87121,0.20146543
109642,0.21883611
75380,0.20838445
106406,0.32753772
58243,0.8031131
65143,0.6393723
72891,0.49118933
12627,0.60158205
29184,0.48450392
29807,0.7089591
73525,0.42922118
49386,0.74975014
94547,0.33713728
17372,0.36144635
64691,0.782012
79794,0.19529147
38713,0.7559889
94917,0.39386415
4812,0.78095263
61128,0.79203284
24074,0.20075087
22827,0.6769344
80800,0.2169609
104492,0.47563633
83683,0.21272801
81956,0.2007788
101176,0.3262449
63918,0.67316854
102840,0.3104961
30699,0.8081197
14985,0.5756177
78068,0.19415936
78578,0.20112167
119729,0.42798495
78695,0.20066217
3297,0.57904005
42190,0.7994585
50283,0.3467738
110232,0.2935606
117589,0.38308415
9720,0.2532726
79834,0.21270964
24820,0.61271375
40526,0.8005098
29494,0.501475
119572,0.6877631
81481,0.20370401
107013,0.8093602
28010,0.5119631
2549,0.2695359
96934,0.7519962
104905,0.35967493
97783,0.6732507
32416,0.80135787
70650,0.3405157
12613,0.60158205
54774,0.3875926
38139,0.7661
5314,0.79733104
4854,0.78095263
1358,0.79771465
85097,0.21415603
108117,0.30142477
13946,0.24923043
32535,0.79828423
93174,0.50514245
97441,0.784985
110723,0.31936765
36130,0.801061
55917,0.56657344
55905,0.60970294
69781,0.79571474
47243,0.7289229
91778,0.21049573
85435,0.20295233
26495,0.71336883
55571,0.43575147
91852,0.21049573
107886,0.42869523
105461,0.55506176
24313,0.8010305
100104,0.5676
65631,0.7542563
74193,0.2967268
100710,0.5035594
116876,0.4769859
79142,0.21121034
96186,0.34974882
14292,0.28945187
18955,0.20045832
11692,0.46671933
39055,0.79608226
29247,0.6814578
16577,0.48446482
48296,0.7290383
4988,0.7590724
113988,0.32217428
2795,0.29630098
42965,0.80101717
15753,0.26406425
64436,0.80919904
94991,0.76153153
34027,0.27858144
17576,0.39172256
51737,0.41538948
4397,0.8019783
27789,0.2769172
16075,0.5002352
78108,0.19415936
39454,0.49947524
19401,0.48532906
16756,0.7569757
7422,0.601598
15734,0.26041776
114027,0.62293565
79644,0.19859582
117912,0.3785268
75676,0.19570191
89066,0.22457775
53360,0.77459514
2588,0.415184
119612,0.67962253
4733,0.794338
55855,0.7738737
102109,0.35469556
49838,0.61753535
39937,0.80297065
18360,0.2004756
74053,0.41231966
124181,0.7725501
70034,0.679852
113676,0.67068064
85766,0.2063948
107213,0.8093602
58444,0.49165213
45028,0.7947201
44009,0.51367104
6037,0.49167243
63656,0.79825
51546,0.37024432
72758,0.63305455
8771,0.7188159
115038,0.55921257
30314,0.809041
86040,0.20560817
7882,0.29927525
30323,0.809041
51342,0.30868003
32627,0.7886512
74652,0.37954926
22393,0.8043312
84503,0.20236541
16235,0.7527791
49346,0.39328346
102609,0.5414908
88770,0.21766755
76444,0.20100705
57915,0.7966211
118789,0.6761927
103417,0.5287176
112284,0.64772236
24629,0.50724196
12488,0.32512447
66814,0.35528377
77181,0.20160608
83520,0.19816239
17286,0.47395408
11606,0.612657
94880,0.3371102
20326,0.79936427
21713,0.79362744
28255,0.31879824
49612,0.7354832
92555,0.5815821
68609,0.5335242
24510,0.21145965
86118,0.21462491
108002,0.5704561
24150,0.7959555
73554,0.31742528
125036,0.3505189
102735,0.35606945
42323,0.4939462
74857,0.5985685
39083,0.79608226
50519,0.7437607
22113,0.8016232
66131,0.52741265
108388,0.39456773
31478,0.8015809
3379,0.43998647
2093,0.39891446
50681,0.36395013
107068,0.8093602
7481,0.57299995
115233,0.69792163
952,0.7080446
34939,0.7975846
118534,0.31075132
10874,0.3282867
25618,0.2705994
91006,0.20255136
89304,0.23005581
112226,0.6689719
94787,0.2722864
120722,0.6807549
5934,0.24139234
95497,0.4094605
43503,0.7859185
45019,0.7947201
64726,0.53215337
20937,0.39634985
101096,0.39098722
17122,0.40341872
16081,0.4263661
307,0.31257218
32244,0.8010758
73436,0.48145825
7534,0.336952
102983,0.38454488
91346,0.20999962
106339,0.81097645
3229,0.78051233
81852,0.20218292
80997,0.22596586
78828,0.2176284
25694,0.6688391
117423,0.61917347
55270,0.60793227
98366,0.35692817
112936,0.40161508
15228,0.721779
90162,0.19926375
122760,0.7231658
14958,0.71877813
96505,0.45856187
117706,0.6276476
33917,0.7999353
4912,0.79814386
9110,0.50390935
7528,0.3182908
31853,0.8023811
75211,0.21024857
111551,0.31605467
108628,0.38995433
67488,0.47280818
98724,0.2518522
45849,0.8042443
99571,0.5825007
122090,0.40032825
57636,0.71154636
23596,0.8097241
80963,0.20702527
83071,0.2056846
55665,0.7254608
102633,0.7243726
60165,0.7628141
23504,0.7435495
42077,0.34287843
93147,0.812537
38130,0.7661
65941,0.51261854
107605,0.2749027
117435,0.64501756
50243,0.7686285
54055,0.401158
9892,0.4944446
33418,0.4282732
78951,0.24470752
44362,0.74577814
8794,0.29858634
31962,0.35173723
8313,0.6625384
33355,0.76021904
62361,0.79593754
3247,0.7661638
54343,0.772146
16716,0.60307276
77120,0.19875629
104245,0.7154741
106956,0.80592895
33762,0.3120601
38059,0.8088441
120131,0.3511675
47893,0.7643593
37617,0.80793554
2640,0.36905044
83902,0.20147131
23100,0.3811313
1425,0.6780375
24360,0.6444924
3008,0.78051233
43825,0.4367749
6499,0.28358063
62791,0.6994013
109438,0.23125494
97458,0.784985
73607,0.36609977
115878,0.6524653
98287,0.79714495
99267,0.4519739
4316,0.8040453
88109,0.20699622
75899,0.22118105
124798,0.77363646
34825,0.7976452
122597,0.72379816
12669,0.4378946
20314,0.79936427
123475,0.7672387
90950,0.20939144
43416,0.8037478
12127,0.2802565
118499,0.35515594
40288,0.79750144
25422,0.7994737
108771,0.40114954
48827,0.8095503
15076,0.5631113
97695,0.33123976
62541,0.8048985
62390,0.5801427
1211,0.71916217
22059,0.68780684
65939,0.64754206
30143,0.21355927
33868,0.79567444
30393,0.7594116
28558,0.42452964
66479,0.805242
67164,0.76806396
83596,0.21867205
82618,0.20492035
104930,0.4103395
30766,0.8081197
85047,0.2037337
14115,0.8078827
46465,0.7355038
2493,0.69588643
4796,0.32892674
39174,0.7978946
11419,0.53237
124922,0.34526527
93037,0.8126727
120472,0.39744854
63081,0.79033977
97557,0.26555824
97703,0.33123976
54104,0.74561614
111637,0.6186675
667,0.80694073
79110,0.19944331
86361,0.21690504
102071,0.52557987
61283,0.77854604
14143,0.8078827
58994,0.77882355
35289,0.8075246
91423,0.20891589
65259,0.25313663
31836,0.8023811
40632,0.79338837
55884,0.69811773
80552,0.20555252
116132,0.47161677
30788,0.8081197
34136,0.28818205
124718,0.5167469
91928,0.21049573
70182,0.69898087
87952,0.20281942
73180,0.39682856
96987,0.41344047
35953,0.8090495
21557,0.792719
33929,0.71634823
11853,0.24829988
58911,0.7914346
94713,0.2722864
68356,0.6035701
53071,0.7877828
12287,0.39860505
34025,0.48669964
33749,0.7662854
74898,0.3609615
79742,0.19947034
28411,0.2909377
112766,0.3186168
43360,0.8037478
4425,0.76569
60141,0.78043467
45055,0.7392682
117206,0.37148288
40152,0.7970081
38969,0.79744464
54642,0.76251364
32967,0.22365966
11814,0.5310446
85581,0.20902304
8994,0.32169825
70422,0.5327695
27785,0.32261166
4335,0.8019783
54021,0.5035581
7943,0.61260855
80227,0.2562712
95027,0.39280337
29174,0.6420393
76437,0.20349011
31220,0.7881359
14495,0.80941623
38975,0.79744464
62225,0.79593754
66571,0.25011656
91273,0.21028993
58620,0.7923286
23095,0.3811313
117276,0.3555107
25603,0.28299046
17640,0.4608606
105025,0.64804786
13441,0.3224685
26017,0.7382493
1785,0.6190715
16986,0.7615379
84111,0.20430098
113999,0.2862041
104703,0.5599871
85557,0.20931736
73246,0.52614474
119817,0.34606433
31380,0.715243
101965,0.64818
7869,0.37091783
25844,0.69658315
122421,0.6289609
20087,0.20075087
92278,0.6281197
21556,0.792719
88249,0.20057623
17374,0.47116128
85473,0.19703627
38232,0.80112976
99741,0.6803052
91147,0.20786668
48651,0.8095503
49915,0.33968368
32380,0.80135787
31045,0.7382537
94437,0.28963464
60251,0.66978574
52988,0.7928239
94734,0.2722864
10702,0.55491006
70500,0.679852
112162,0.3371359
48417,0.8092743
31319,0.78683996
5759,0.34273273
62492,0.79658884
105278,0.35263932
6892,0.5110902
82674,0.21047449
103312,0.3646217
108045,0.6129532
21426,0.8011279
84116,0.21450049
96901,0.34907833
2339,0.648447
98258,0.5693241
39492,0.75862926
97665,0.5653176
1185,0.80455685
49968,0.32633364
38679,0.8082987
97944,0.72515464
96561,0.4520723
55591,0.68438023
4079,0.7679637
66578,0.27765134
24502,0.20071383
86495,0.19697398
15706,0.26650742
70934,0.78859717
40701,0.7974256
85443,0.21128143
23050,0.62380105
49991,0.34799784
123695,0.49055687
103751,0.557037
38245,0.80112976
119069,0.64765495
6221,0.3001313
48045,0.66945404
80873,0.20748326
62033,0.7922315
72025,0.50087744
21835,0.78863424
38557,0.80426425
88889,0.2455398
107298,0.80815464
13088,0.808339
121508,0.76941335
28873,0.76378036
56771,0.80260444
121389,0.4192023
113712,0.64621913
85637,0.20987138
198,0.8044831
37474,0.8020883
29423,0.33257222
52075,0.7793118
6664,0.28267056
124821,0.68025213
995,0.80024505
87127,0.20495524
73508,0.5848999
21128,0.35417703
74935,0.7108819
64905,0.5611847
119800,0.4039521
106478,0.45153362
30165,0.39439833
84292,0.20019524
103459,0.38454106
53335,0.77459514
30946,0.80841833
45380,0.4490925
19594,0.5681278
105824,0.2902164
27364,0.34539014
39644,0.746675
49318,0.6948511
101101,0.64284986
45317,0.40945628
112386,0.39502275
96974,0.62024903
30915,0.37104207
33160,0.48204446
115538,0.7063785
29557,0.38921264
69024,0.5398515
120006,0.68822604
15311,0.5411355
20701,0.8005739
71127,0.32766846
21892,0.78863424
42670,0.8002086
121025,0.5706515
116030,0.73417056
21627,0.792719
69455,0.5659363
113167,0.7361779
41208,0.80259776
38395,0.57120407
78186,0.2101736
45749,0.36940458
46121,0.809229
120743,0.35842872
103683,0.46098208
11092,0.26238984
3697,0.3426133
57408,0.76780033
21149,0.50093406
41151,0.7318393
118715,0.38920447
67680,0.4489285
30690,0.8081197
68785,0.20654225
108672,0.67149377
22850,0.69591486
86435,0.20579289
67388,0.35682303
25899,0.37218124
54071,0.37220013
20962,0.35717207
106455,0.457187
55019,0.6768407
48128,0.79541266
33221,0.41980428
90960,0.21560621
41078,0.5174432
17247,0.67528516
25175,0.8093588
104771,0.40835908
45187,0.3181533
108784,0.31432706
49729,0.3467738
80387,0.21017464
10436,0.28566024
53218,0.7723164
47665,0.8069103
30973,0.80841833
68905,0.59175134
8315,0.6625384
23542,0.8097241
119409,0.39309955
46487,0.80061066
65018,0.77756476
36143,0.801061
97797,0.27549356
76579,0.2085393
98954,0.30871922
77750,0.22766323
57429,0.7499808
61304,0.26383954
74608,0.808755
76454,0.20100705
61826,0.76198334
116463,0.73501664
76778,0.19935705
36488,0.79371494
104228,0.3644503
109125,0.21731248
105247,0.66030717
12034,0.78865635
34645,0.7975801
11538,0.26006743
33107,0.72068393
89963,0.22478038
112076,0.50505376
17636,0.6064448
60396,0.79740244
76645,0.20872222
95143,0.6863963
51679,0.2793746
56336,0.6737564
47931,0.33767226
36264,0.33545053
72877,0.58724904
98842,0.32213154
111888,0.36242136
85915,0.20415667
89723,0.19680466
20305,0.79936427
12216,0.6811953
29129,0.79212976
56965,0.72897077
37366,0.8007448
57434,0.7622102
97947,0.72515464
3125,0.6296034
9676,0.520973
107461,0.3491878
24712,0.80835134
44897,0.8013557
111646,0.5047338
50252,0.7686285
106409,0.32753772
65599,0.7542563
12239,0.6811953
122243,0.4545805
29090,0.64346546
64159,0.39322332
75321,0.21024857
90839,0.20093733
453,0.28507394
72772,0.4112907
16154,0.57647556
117337,0.60332924
74862,0.4668884
60105,0.7628141
124185,0.7725501
8379,0.62809527
81023,0.21247464
117194,0.32710055
47475,0.80642956
74182,0.33116645
110665,0.2513753
15447,0.809004
17014,0.57554185
1420,0.3295232
123723,0.7833666
58701,0.7643595
21337,0.77053165
104108,0.44490135
42522,0.80821896
72511,0.6198679
119944,0.5896471
74205,0.5525099
14739,0.80941623
33490,0.7263795
45804,0.7857537
109681,0.21883611
65987,0.6829954
7501,0.43356016
93087,0.8126727
94944,0.39386415
55396,0.41450098
10765,0.6909895
85514,0.19613387
59012,0.77882355
112240,0.74374765
84373,0.19880842
64194,0.5853906
45395,0.5323463
12161,0.54741275
22717,0.7354305
19612,0.79832655
42102,0.80231726
15679,0.29681632
57714,0.74773633
62604,0.7841771
75462,0.22284925
92852,0.48897278
85600,0.21280795
53129,0.7966562
94693,0.2722864
58585,0.7923286
64283,0.43738377
3217,0.6496998
1497,0.7220523
50045,0.34074602
63602,0.79654837
16130,0.61527556
45094,0.8064426
106630,0.33385614
29489,0.47849333
12785,0.5084201
56751,0.80260444
110705,0.23008977
99003,0.46515754
23103,0.3811313
35570,0.80895203
19225,0.7336318
75236,0.19617553
115455,0.6365698
113019,0.4866521
119264,0.58124095
121788,0.65002644
37149,0.80104226
114178,0.32293862
102469,0.7379547
111663,0.5989038
80096,0.20366806
34530,0.7937589
33888,0.26828077
88830,0.20405793
97450,0.784985
20803,0.7592839
3042,0.7375943
15983,0.2919725
102862,0.5654787
98180,0.7950035
54085,0.30753118
50084,0.38145748
87362,0.21976556
122528,0.6903928
112374,0.50183403
35362,0.78337276
81740,0.21388867
30929,0.35182002
76936,0.1992552
58717,0.76446116
6137,0.47511923
108950,0.2773757
37624,0.80793554
67917,0.5492438
72504,0.42340833
73982,0.3666942
28389,0.2923007
235,0.34041068
47682,0.803399
118464,0.67674214
28076,0.4902543
61541,0.6777203
25986,0.67028606
63171,0.78821516
35279,0.7595625
93494,0.64206684
104687,0.39106977
11438,0.7101028
56385,0.8019837
119620,0.3706879
38502,0.34171164
13093,0.808339
52614,0.4737822
95187,0.3619817
108956,0.24130088
91888,0.21049573
101724,0.2782462
76182,0.20103541
61799,0.3993518
115383,0.71245843
119004,0.39743868
49239,0.4260978
87549,0.1977262
81175,0.20376888
22731,0.48991805
31598,0.8017898
18381,0.2004756
52354,0.74396783
31800,0.8023811
47824,0.80128556
8249,0.4987519
14897,0.26650742
2503,0.37195784
114689,0.3236794
124318,0.7364514
109265,0.21385622
112684,0.36813125
74307,0.4279427
120035,0.646158
61387,0.77964246
69979,0.62097394
123996,0.4491483
115685,0.7253957
57717,0.74773633
33416,0.72751176
18504,0.40329888
13445,0.3224685
60456,0.36168152
18364,0.2004756
107073,0.75353575
99189,0.3754612
78231,0.20677643
82363,0.20235859
115758,0.6885031
5860,0.38576898
35261,0.8075424
115430,0.6136911
85402,0.20579673
45937,0.8042443
101020,0.2564524
64431,0.80919904
24083,0.20075087
36451,0.80895203
19457,0.7982406
120735,0.35842872
47075,0.7705225
55374,0.7491519
29615,0.69580996
75675,0.19570191
101364,0.34090042
13059,0.808339
3071,0.7188313
50446,0.5054466
90675,0.25431255
99163,0.6781284
85426,0.20314103
88954,0.20806165
124116,0.49856728
18530,0.50573677
107365,0.8077964
91637,0.20988692
96938,0.7519962
81254,0.21285278
117498,0.39261782
47858,0.74513245
13572,0.6137381
4885,0.79814386
74968,0.20595615
16605,0.41617426
32453,0.80135787
33826,0.28527045
117526,0.5455474
114644,0.72528714
56757,0.80260444
91378,0.20529178
85829,0.20302653
74902,0.46359003
52574,0.6373879
94163,0.8091231
66141,0.65641516
123324,0.50978464
4724,0.794338
51322,0.42686078
113601,0.33930188
22865,0.69591486
10736,0.49980697
71282,0.31980956
20122,0.20071383
51696,0.29300025
114663,0.6831557
13269,0.3391739
28333,0.2923007
117373,0.6960677
15789,0.33234918
15247,0.2869039
39869,0.80259776
84174,0.20441265
96841,0.42572632
80795,0.20955205
108933,0.30302045
37814,0.80785656
26669,0.7796605
7801,0.37805936
629,0.80694073
39402,0.80112976
24594,0.20071383
65545,0.70217687
65683,0.7269039
108814,0.33629316
17368,0.303257
89816,0.19921252
75973,0.19700018
96360,0.3538753
34754,0.28945142
41864,0.79552895
36960,0.79122895
40612,0.30001736
106223,0.35862857
99112,0.5560282
3417,0.4647122
70159,0.44820163
102372,0.5555704
104997,0.7009656
109202,0.20908502
107936,0.3861166
72505,0.3918099
95517,0.33650005
74459,0.37166354
75810,0.20510566
119703,0.71435016
14084,0.25712478
101075,0.43141556
111908,0.36406136
13780,0.58279425
5670,0.43551913
29994,0.21145381
9229,0.6801667
12915,0.63939726
51733,0.37778178
67536,0.6094129
85742,0.20715341
78008,0.19995311
77543,0.1992552
82542,0.20310645
19757,0.5533123
53387,0.7822329
75985,0.2318206
26362,0.42047268
123691,0.6473074
7707,0.6563171
105122,0.4639242
39749,0.80822676
7041,0.74183017
100741,0.31592122
56257,0.6105488
16072,0.25555578
36758,0.73496467
108331,0.41833812
117256,0.56904393
82598,0.20381266
95675,0.6296944
78158,0.2101736
51500,0.5134586
28308,0.29103315
113111,0.38338086
33173,0.3931908
100417,0.3618646
85705,0.2068417
84361,0.19880842
82095,0.21001613
84828,0.20214218
63159,0.78821516
20519,0.3431428
44572,0.720926
98219,0.29479963
88650,0.21089193
7491,0.32607934
43719,0.77701557
97901,0.2578586
8084,0.486035
107401,0.51223403
92010,0.22462775
31051,0.7382537
5669,0.50127673
90451,0.20930642
70111,0.5438987
2159,0.54406905
90295,0.20181744
71597,0.39990428
89583,0.1981488
47536,0.8069103
99190,0.38650852
37516,0.8017056
47456,0.41752452
31710,0.8021974
71641,0.30283704
121433,0.748177
18742,0.59750736
71955,0.264656
107786,0.5818339
76058,0.21045604
35922,0.8090495
34175,0.80037135
91441,0.20554554
85066,0.22767349
6414,0.5769291
31587,0.8016057
4186,0.27268246
123184,0.7864152
110517,0.26883608
44330,0.79696363
55062,0.59377915
77279,0.20408006
41211,0.80259776
783,0.51825756
12205,0.36450177
41599,0.31139058
21585,0.792719
98076,0.27909374
102867,0.3554538
105329,0.53583187
78569,0.20112167
103961,0.36063468
72434,0.686026
69096,0.49751633
23597,0.8097241
24827,0.61271375
62379,0.79593754
14742,0.80941623
92354,0.43284845
22818,0.44396806
49138,0.34113476
17794,0.5819083
110676,0.23066564
75199,0.209672
56790,0.8031131
32820,0.7898537
34581,0.79532456
5792,0.28650877
96926,0.7519962
31575,0.8016057
111709,0.5140928
40238,0.7973143
69349,0.65063596
108808,0.33222815
57332,0.7874698
28286,0.29103315
45518,0.72245806
76273,0.2036577
13407,0.40127718
95383,0.4304476
26361,0.42047268
93289,0.35644358
18009,0.5202452
39618,0.80785656
41403,0.79086274
91389,0.20475577
57789,0.6591024
105614,0.29854253
78112,0.19415936
1848,0.77587235
36973,0.79122895
89747,0.20217294
110998,0.2625485
113393,0.6286509
119183,0.39926273
12636,0.444481
76106,0.19572598
77047,0.19716427
92022,0.22438821
52589,0.49315035
103630,0.4901868
109097,0.23436081
24421,0.21145965
107530,0.80911267
114010,0.31813246
101171,0.45820004
71221,0.48958933
102235,0.3695797
744,0.5898349
111723,0.7084043
1695,0.71992713
106546,0.46983516
11334,0.3854396
88523,0.20695157
62893,0.41166678
60539,0.7770301
53256,0.7723164
62523,0.71667165
71363,0.41882327
105166,0.44005868
64635,0.70743257
13483,0.5607363
122544,0.6808208
80516,0.20094621
35844,0.7891251
10212,0.3491828
80583,0.20323935
32250,0.6733995
44989,0.6647125
121454,0.45731762
106218,0.81097645
121060,0.43728018
9236,0.6801667
87567,0.1977262
32744,0.761678
75879,0.21343903
110972,0.45819208
49770,0.7751638
69674,0.79571474
21243,0.20071383
83693,0.2075277
89970,0.21800642
23730,0.80976826
114389,0.61541873
25954,0.3882122
99001,0.4017581
104301,0.48842332
100494,0.4492011
28754,0.79635173
84068,0.20380327
69826,0.70087564
95407,0.36908922
35060,0.8005567
115449,0.4508721
105477,0.479112
51563,0.5983662
48806,0.8095503
92418,0.31198502
33850,0.29448524
93732,0.75042945
93648,0.6374339
104679,0.417719
92801,0.62067163
2008,0.7374721
89299,0.20051925
45023,0.7947201
22110,0.8016232
9139,0.6685699
122996,0.4891586
11642,0.4798449
55350,0.77862585
42783,0.78493726
9454,0.33089095
75264,0.20067476
44102,0.80095965
102015,0.39031613
84043,0.20169903
73604,0.36609977
58060,0.73505384
78117,0.19415936
5299,0.79733104
52942,0.4622749
97470,0.79937947
55654,0.3167409
20168,0.6389346
50031,0.41699642
57677,0.6271024
7905,0.67878574
18436,0.60246176
27072,0.39239663
74009,0.4095383
41718,0.7840087
93128,0.812537
110615,0.2899078
23768,0.42638925
106183,0.6474142
114710,0.718744
40906,0.7978385
73024,0.7951123
7035,0.74183017
101491,0.36535373
9190,0.60331535
78522,0.22981538
18276,0.7957616
38373,0.80112976
67847,0.5098431
79262,0.23489672
66710,0.30490565
34758,0.28945142
51146,0.3605672
119779,0.35951525
125063,0.37893108
21501,0.8011279
66238,0.49029374
23232,0.7891411
63208,0.76388085
89510,0.21178335
117937,0.38771966
90433,0.2258252
119394,0.39976934
51238,0.32119626
108646,0.39748955
64244,0.7637976
83654,0.20520006
86419,0.21649984
106817,0.8092244
67765,0.46611536
3245,0.7661638
100372,0.33027163
48184,0.8023793
46472,0.4839559
44543,0.7422329
119778,0.5678871
37286,0.80104226
113633,0.32293862
29284,0.7536543
116884,0.37889913
93560,0.49878582
32354,0.80165464
20375,0.79512703
84456,0.20929724
41373,0.7404637
91171,0.20264092
42528,0.80821896
19139,0.76186395
62661,0.77412176
69905,0.5611782
54137,0.5996266
9472,0.5792935
36482,0.8088441
42264,0.36327046
94714,0.2722864
70344,0.3016316
26587,0.78022134
103036,0.29357037
68093,0.3379349
45061,0.8064426
16291,0.59301925
17144,0.582919
89996,0.20906201
57230,0.7916743
40047,0.80259776
815,0.8081262
36463,0.6322714
55857,0.7738737
51139,0.7290693
86203,0.22757217
15745,0.26041776
42837,0.28758577
101571,0.554394
77190,0.19673744
98007,0.7921526
1398,0.4946223
16251,0.7527791
104895,0.5660652
118485,0.6801854
100357,0.49508154
112018,0.6638802
104721,0.51385087
79299,0.21962616
99983,0.28338164
12019,0.25181505
12728,0.53467613
46398,0.80096644
84464,0.20929724
14887,0.26650742
37865,0.8088405
73281,0.7297467
103578,0.35918587
71885,0.42812422
44680,0.80340356
97312,0.79937947
65443,0.25274733
11867,0.6811953
38797,0.8016797
74934,0.7108819
10555,0.27163294
76531,0.21089162
47740,0.35125214
66242,0.34104043
23944,0.44815326
2406,0.2537605
119546,0.6611907
120913,0.73843586
52668,0.30801395
85228,0.20042065
101,0.8044831
53648,0.37078935
71937,0.2678368
91855,0.21049573
111094,0.56382895
59409,0.7355937
2333,0.3680178
51998,0.4291879
65856,0.7819981
28048,0.30595708
30582,0.7894059
4471,0.7941082
17366,0.303257
81735,0.24566106
82706,0.20147131
67474,0.45089716
119208,0.33195287
6418,0.3299887
62079,0.7922315
20194,0.40041646
14311,0.28278965
46902,0.80718696
16229,0.7527791
40021,0.79508096
62530,0.8048985
63923,0.6753137
41763,0.3800021
25930,0.7796605
60586,0.44471097
24100,0.20071383
86678,0.20668793
72303,0.7413838
105451,0.6515363
86859,0.21560413
5008,0.80916846
124020,0.49315047
87981,0.20575434
46991,0.8083836
5304,0.79733104
80074,0.20763764
6650,0.30730137
64756,0.5242865
76036,0.21344525
20858,0.27254647
104323,0.51981235
104309,0.6201574
70508,0.5078915
81712,0.220717
30885,0.7644325
59902,0.75229496
14288,0.7684903
42815,0.3684947
4032,0.37402013
36796,0.7969342
44158,0.32906985
15435,0.809004
60173,0.7628141
16288,0.70698684
18584,0.36660203
83514,0.19816239
64304,0.44880533
44877,0.8013557
64987,0.77756476
19632,0.79832655
81051,0.20587243
85315,0.20293584
26287,0.6491112
88670,0.201979
98303,0.39976272
66228,0.40848964
72992,0.7951123
18899,0.20049535
18575,0.77693963
53141,0.7966562
46728,0.80061066
114435,0.7255402
5153,0.80916846
13943,0.24923043
56761,0.80260444
117969,0.33084276
46360,0.80858403
8663,0.32762522
19618,0.79832655
31718,0.8021974
19722,0.48175952
76922,0.2013529
17124,0.5802331
95305,0.43582174
45672,0.76745665
8013,0.30429858
14021,0.7616704
89949,0.20950197
109393,0.21549153
18855,0.80906737
83315,0.19865619
8941,0.33502215
87429,0.22430784
98262,0.5600709
17488,0.7994779
28066,0.44795397
3701,0.589734
33995,0.7999786
82348,0.2031457
117482,0.4157238
75427,0.22393556
42534,0.72537446
106712,0.4648486
112884,0.66687274
76293,0.20513181
110863,0.24753089
11478,0.46710652
106519,0.39153022
515,0.5179287
81220,0.2038459
118413,0.6547449
78202,0.20258766
99916,0.35473526
36925,0.66520935
97238,0.4374588
78296,0.21736024
42656,0.8002086
78509,0.2105054
47050,0.31229407
75461,0.22284925
22736,0.48991805
109365,0.22190535
84719,0.20688346
78128,0.19508013
6825,0.7676352
103326,0.42946422
81818,0.20210388
84526,0.23625027
52760,0.36586902
18369,0.2004756
104037,0.29486084
62706,0.6744402
124885,0.7866228
22474,0.6741234
85374,0.20384194
52323,0.33971754
32962,0.22365966
79995,0.19785899
41735,0.61553293
10030,0.39599606
67087,0.41695237
61577,0.7510643
71967,0.26785138
16174,0.24923043
12448,0.4783621
92817,0.45424527
24062,0.20075087
76780,0.19935705
56044,0.78675014
9553,0.35603702
103741,0.40948078
34708,0.7975801
101414,0.27747157
53037,0.7928239
15170,0.57241064
76069,0.20107786
61413,0.79715264
57871,0.7401102
95621,0.3905763
100501,0.30239818
94573,0.5197993
97217,0.54585904
4431,0.7217807
56976,0.80066
32758,0.36093503
28373,0.6107733
51114,0.476204
60043,0.4625088
45705,0.59514105
75536,0.20330419
82139,0.20544414
108967,0.23802328
44786,0.7831975
29281,0.7536543
56416,0.40665013
19985,0.40156955
88562,0.2135781
69595,0.79571474
100905,0.6965554
114104,0.4425954
64071,0.5013891
51504,0.32961676
19422,0.7992589
110429,0.24629878
13503,0.7540797
91836,0.21049573
28937,0.71528393
117418,0.38988888
11173,0.62465376
78627,0.20214772
11556,0.6137248
49634,0.48590812
82653,0.20124562
40929,0.7978385
15483,0.809004
35978,0.8090495
63695,0.79825
120548,0.4383942
30876,0.7644325
109883,0.2271663
109080,0.26502675
76077,0.21045604
63462,0.6650641
21309,0.24882478
41257,0.80259776
28146,0.41016418
103128,0.49759135
20533,0.70946926
15871,0.7260069
65655,0.80067235
9004,0.4855325
47652,0.8069103
102112,0.35469556
19670,0.7933174
121175,0.41038555
84731,0.20183973
55178,0.42091066
20842,0.38608646
9950,0.24840309
12942,0.4754848
87575,0.1977262
19406,0.48532906
111677,0.5732836
21537,0.8011279
52363,0.74396783
27455,0.7070505
78707,0.20066217
119252,0.70875174
108077,0.46188003
3358,0.3389048
48826,0.8095503
65270,0.51255333
4764,0.71763456
44047,0.7958979
36950,0.77593756
109650,0.21883611
99138,0.6322145
74005,0.29587558
113740,0.33873257
52089,0.7793118
95825,0.25211397
34865,0.79372716
69131,0.36751083
3491,0.5842426
107427,0.44645464
30992,0.80841833
53043,0.7966562
80457,0.2154996
10550,0.60199314
10692,0.5611145
98608,0.46406013
97399,0.79530317
13035,0.4864481
13180,0.44206738
97412,0.79530317
69841,0.32746473
92743,0.67797136
111891,0.6033198
14836,0.80941623
11474,0.46710652
59873,0.7854728
72367,0.501856
124681,0.7769989
56134,0.78675014
11864,0.49426994
89715,0.20426148
107784,0.5818339
3343,0.43913317
62378,0.79593754
112643,0.69986624
56945,0.80066
94859,0.3371102
52080,0.7793118
107644,0.74256265
119491,0.74130756
116893,0.37889913
52277,0.7393267
43101,0.6047808
24154,0.7959555
73864,0.47802857
23882,0.42697948
118962,0.75821793
118758,0.35438928
69681,0.79571474
9692,0.68454033
63869,0.48956305
56867,0.5747979
26543,0.36161774
113445,0.5953561
31352,0.78683996
99722,0.53730017
104144,0.61835104
61859,0.77669144
100878,0.79515296
31250,0.7881359
51163,0.32231823
38639,0.8082987
105717,0.44830164
3946,0.30686972
32199,0.7994277
32247,0.8010758
121518,0.7725501
103042,0.29357037
49738,0.3314681
73779,0.3421384
79529,0.20280561
95502,0.6269528
79762,0.20394744
37551,0.78521395
97452,0.784985
6254,0.59464896
44763,0.7948132
84939,0.20443398
123905,0.77573425
11433,0.7101028
37928,0.8088405
64976,0.40780586
65101,0.77319705
13951,0.24953407
80327,0.20392309
87158,0.21775493
47334,0.5523836
100758,0.3185609
68581,0.45812342
122465,0.7015538
63612,0.79654837
91766,0.21049573
7823,0.3924686
38918,0.79744464
8137,0.4971957
5862,0.27859378
40227,0.7973143
31777,0.8023811
51686,0.2793746
121291,0.36712763
111535,0.55673796
65647,0.6564783
76029,0.21344525
7514,0.6205038
102061,0.41081777
74658,0.4808418
119268,0.59918714
103000,0.6610754
70928,0.78859717
119324,0.74884
82336,0.21151848
47765,0.79488033
9174,0.60331535
49760,0.7634369
110213,0.26608026
978,0.80024505
86824,0.20737112
24194,0.7959555
57335,0.5619984
32905,0.7729151
100477,0.44982538
41848,0.8002086
23636,0.80976826
43597,0.78964967
88122,0.19990298
10492,0.2583587
124003,0.4491483
8253,0.41818488
45105,0.8064426
78619,0.20214772
32531,0.5683426
52358,0.74396783
50537,0.7437607
15222,0.721779
37355,0.7024791
26408,0.7608355
76338,0.20198578
14645,0.80941623
70912,0.78859717
120500,0.70165807
101611,0.32216632
107216,0.8093602
80446,0.2154996
84664,0.19836894
106763,0.8092244
28777,0.79635173
91029,0.21351604
46853,0.47663856
52025,0.5571325
113892,0.52007514
85693,0.20929724
14298,0.28945187
115586,0.56461996
71286,0.33901063
100405,0.42476383
62482,0.6522185
59766,0.72726774
34067,0.26794726
64679,0.77110916
62978,0.60937506
26332,0.6857377
47967,0.808801
92681,0.64545
2195,0.61046404
108591,0.7927681
71371,0.41882327
7799,0.6118964
4423,0.76569
41433,0.80785656
70718,0.47710788
7129,0.34288108
35159,0.4792982
110881,0.5371725
2298,0.72548056
23695,0.80976826
72379,0.73137355
120308,0.6068218
123192,0.72271734
7652,0.34342593
91205,0.23376833
85937,0.21058767
62223,0.79593754
18843,0.43144032
74793,0.2880509
34822,0.70417774
107581,0.80911267
116915,0.40185001
40474,0.8005098
97211,0.4184487
71535,0.43790078
29464,0.5241854
109678,0.21883611
43123,0.34266374
87044,0.20746163
42148,0.80231726
44949,0.7780371
67058,0.32656705
100528,0.30239818
10719,0.36151782
14824,0.80941623
102815,0.68750286
79787,0.19529147
39141,0.79608226
52146,0.42639467
24947,0.7546844
8904,0.3848642
103347,0.35589346
1006,0.80024505
90674,0.25431255
116064,0.71479636
30085,0.21443215
91384,0.20529178
67249,0.35605687
56598,0.7484064
71899,0.6007377
54971,0.69495857
33566,0.30256367
53835,0.3012661
24671,0.80835134
68263,0.6109468
23221,0.7891411
79766,0.20394744
4934,0.79814386
92150,0.38783586
116644,0.5182919
57779,0.71021307
17843,0.79501486
103880,0.7290424
115526,0.7063785
17678,0.4552528
18649,0.45636284
104836,0.5138954
1169,0.6798566
97585,0.6034023
63258,0.7808865
15456,0.809004
65445,0.36747748
63978,0.37314537
91653,0.21036048
115245,0.70998454
54789,0.65323406
58198,0.8031131
122584,0.75810796
111963,0.5651123
65965,0.46161407
67771,0.32057184
53807,0.7202177
77794,0.20943585
66980,0.3796493
89612,0.24422292
39115,0.79608226
40297,0.79750144
16879,0.4231503
67310,0.30992743
33627,0.32583404
21799,0.36226156
104104,0.44490135
113937,0.74315494
84993,0.20228067
42773,0.78493726
76945,0.19776668
115487,0.6853785
65028,0.40780586
8043,0.367863
13383,0.6882073
95192,0.6239407
105023,0.3303773
9446,0.35408336
113226,0.66687274
91741,0.2771418
28041,0.65307385
52091,0.7793118
1217,0.80455685
49689,0.6087468
102887,0.65640193
68332,0.62897044
71026,0.4068285
80608,0.2045446
14053,0.33137792
109248,0.20908502
25896,0.37218124
54963,0.7817709
83287,0.21811286
96776,0.40391386
64853,0.45682752
61963,0.74294055
22908,0.75680643
52164,0.37734306
38439,0.7921124
43052,0.80101717
83088,0.2056846
9083,0.3573761
76877,0.20676091
28206,0.33582002
74279,0.43419477
35828,0.8090495
46648,0.80061066
109512,0.23607054
76547,0.21089162
100146,0.6970635
4338,0.8019783
80285,0.19879875
62295,0.7841183
87790,0.22391164
26498,0.71336883
115374,0.7321596
17321,0.5986553
20987,0.41804576
3580,0.3967537
58697,0.7643595
59202,0.79346615
76951,0.19776668
71035,0.36292696
18838,0.80584764
96690,0.8086842
64827,0.70217687
102555,0.30513027
40979,0.80793554
13196,0.42051676
25145,0.8093588
89152,0.20193765
89541,0.20980288
69339,0.6194304
63433,0.4284226
17316,0.6120675
57623,0.6758774
79648,0.19859582
41750,0.28751868
102470,0.7379547
49763,0.42770034
7720,0.25630045
119163,0.69572264
20558,0.79885834
87146,0.21310718
52602,0.44574466
108039,0.40668544
12758,0.36063743
6325,0.73181015
112533,0.55487376
106077,0.71035594
46798,0.59013885
17729,0.2794821
101995,0.498593
20362,0.79512703
40688,0.7974256
65741,0.688146
112900,0.63537276
82998,0.20930229
33146,0.48204446
36825,0.8023691
39203,0.41462505
11082,0.3651133
108740,0.22438821
91865,0.21049573
60687,0.49792877
14020,0.63937014
100343,0.49508154
107891,0.61393577
33529,0.3240645
65890,0.67149377
72663,0.60663223
118267,0.34696883
8531,0.7591698
76237,0.20492291
41057,0.7911968
86676,0.20853558
69583,0.510472
97911,0.32264003
81256,0.21285278
92881,0.8126727
63899,0.67316854
112642,0.69986624
16620,0.43159145
58279,0.8031131
12295,0.3550753
61364,0.79740244
88474,0.20066488
86987,0.19876218
83980,0.22057615
32779,0.7313424
99733,0.4569802
68858,0.20498773
71460,0.29951087
96489,0.6463511
114755,0.75207865
30728,0.8081197
70453,0.390746
42183,0.7994585
85824,0.20228067
66011,0.3887864
28560,0.32391486
62851,0.42070818
108917,0.24901709
107470,0.5534372
31750,0.8023811
110239,0.25791955
53780,0.4601936
10996,0.25258854
63663,0.6851431
98336,0.35064688
19261,0.49414876
52077,0.7793118
122479,0.7015538
65875,0.7819981
118270,0.34696883
19786,0.53982675
116721,0.7077057
41639,0.72322035
107034,0.75353575
80506,0.21230015
86313,0.21705042
54638,0.76251364
116822,0.3415745
73716,0.5619639
92281,0.3102953
110662,0.28631634
13592,0.59132254
32071,0.7994277
59542,0.7987054
119819,0.34606433
98389,0.26798633
100157,0.55556667
70099,0.3849593
21017,0.444939
8240,0.37021884
64858,0.7976342
122817,0.7641482
73700,0.3041469
27339,0.34539014
40877,0.7978385
16362,0.49623978
110556,0.23263536
3937,0.32297492
30221,0.7746149
94278,0.8091231
74406,0.46361494
85171,0.20234638
95284,0.39740652
65667,0.80067235
18861,0.80906737
101686,0.47156832
119051,0.43578032
30086,0.21443215
38810,0.8016797
24946,0.58809566
42688,0.8002086
123616,0.7402261
54140,0.35788018
58543,0.7613611
64241,0.7637976
20513,0.56026214
53847,0.44521418
26125,0.7762821
67482,0.522523
106487,0.4636875
42358,0.5256198
100456,0.5794919
58617,0.7923286
118341,0.60971606
18751,0.7882662
98136,0.57263756
122071,0.56238824
106228,0.81097645
78349,0.22419257
1854,0.77587235
79376,0.2181785
50209,0.7302842
28858,0.43285915
79284,0.20214772
29182,0.748744
85878,0.245396
83697,0.19925098
63220,0.76388085
109416,0.22585481
79014,0.20453933
79797,0.21898372
107134,0.8093602
11046,0.24892816
71716,0.5584829
15785,0.66968197
12298,0.3383729
93832,0.29845664
22230,0.38524067
94866,0.3371102
50227,0.7302842
68982,0.24251743
19293,0.44474572
67199,0.3245727
93400,0.30235803
50747,0.6087468
121858,0.6983923
53308,0.7822329
40380,0.7994585
53937,0.3180332
110097,0.27846062
63588,0.6851431
14125,0.8078827
28407,0.2909377
59424,0.73530895
101757,0.78976077
21316,0.24882478
41450,0.80785656
40727,0.7974256
24401,0.36495006
64548,0.62507975
55794,0.78802425
39617,0.73382443
118787,0.33164853
85852,0.22767349
76158,0.19572598
63194,0.76388085
100565,0.30239818
82293,0.2103324
54914,0.63300186
87364,0.21154822
85137,0.21985848
118300,0.33799207
55620,0.59191847
68922,0.26462692
47802,0.80128556
16662,0.56992084
100010,0.47546855
70698,0.64176583
109278,0.23485018
48817,0.8095503
28833,0.38743514
71364,0.5845614
84319,0.20502692
90534,0.22460465
16608,0.44111547
48285,0.48957288
49953,0.54420155
4773,0.65310425
74623,0.808755
50986,0.54304904
12719,0.3758077
121530,0.6512314
28291,0.29103315
71798,0.37850857
58637,0.7203225
94009,0.80791086
78191,0.20476852
100436,0.33625332
40457,0.7986321
33837,0.2949977
108306,0.6437519
81512,0.21101594
120250,0.7496342
110548,0.27965277
33104,0.5176599
48974,0.7594701
81045,0.23444793
123157,0.769291
115144,0.7016863
84907,0.20014746
9022,0.25618756
30819,0.8081197
94224,0.8091231
27392,0.3548115
124261,0.7579664
82327,0.19791631
113703,0.60488325
12463,0.39303786
3777,0.36118007
23622,0.80976826
291,0.32726914
51716,0.5634974
47234,0.40871412
50417,0.3223178
97697,0.6778976
19653,0.7933174
118446,0.6475264
117123,0.5154087
74254,0.3731147
22880,0.78570265
108211,0.8087252
49730,0.3314681
42300,0.31810224
47464,0.80642956
29895,0.26974148
56166,0.7632336
7503,0.49877325
6937,0.31651366
11237,0.6993678
53264,0.4051877
26225,0.3975218
99477,0.3130727
112550,0.28855953
10617,0.26455086
80937,0.20472762
67598,0.42077553
100886,0.79515296
33613,0.35018513
118118,0.31075132
46611,0.80061066
89378,0.24080893
9034,0.3754425
18463,0.5774081
31712,0.8021974
96564,0.35163826
50874,0.45688665
10528,0.2924785
116723,0.72087765
65376,0.79772085
51789,0.7486666
113719,0.3334197
66397,0.3738626
30826,0.8081197
52555,0.5459793
35437,0.8012454
69743,0.79571474
30065,0.23306021
101436,0.53833926
86640,0.2022945
104042,0.5150868
113528,0.5700233
18223,0.7957616
49810,0.7290693
19534,0.4352145
43479,0.7859185
21499,0.8011279
109088,0.3330165
87187,0.2106527
96910,0.34063804
34114,0.7536516
106434,0.54729754
93790,0.7249621
8395,0.40897885
327,0.54396635
118301,0.33799207
9427,0.36986384
69710,0.79571474
98623,0.33419278
4740,0.73844284
9142,0.6685699
47928,0.33767226
90403,0.20387012
33225,0.37336928
95173,0.29426903
64993,0.77756476
51762,0.6075772
77208,0.19673744
84882,0.20247667
53133,0.7966562
92198,0.40472504
37472,0.8020883
10811,0.68659496
36326,0.7558824
91498,0.199837
118687,0.38628215
106207,0.81097645
123941,0.77573425
51666,0.5230292
29438,0.2998782
38374,0.80112976
51773,0.7486666
20006,0.80088234
39660,0.80761963
73987,0.26662716
26561,0.54553026
34550,0.7351485
76728,0.20569986
124800,0.77363646
25470,0.7994737
83206,0.19941431
25900,0.37218124
91815,0.21049573
3006,0.3848522
103156,0.41945872
47568,0.71732193
6034,0.25000688
51213,0.37217212
98280,0.5257262
79279,0.20214772
109233,0.20908502
13056,0.808339
101696,0.3134765
9956,0.24840309
46250,0.809229
105631,0.39056966
110110,0.33685812
102715,0.6814497
11074,0.35800296
24186,0.7959555
111271,0.38811973
6445,0.3163832
92668,0.44876495
75345,0.20140296
104948,0.5824589
116533,0.4957277
27702,0.62285876
13311,0.71085435
27328,0.34539014
86025,0.20694336
13379,0.65372264
88782,0.199432
88063,0.19876218
117602,0.521533
93261,0.3642868
64830,0.70217687
64654,0.782012
26432,0.73209584
68394,0.5481161
46626,0.80061066
43315,0.8037478
101069,0.28713125
17183,0.3540132
34519,0.7937589
6402,0.41376534
8841,0.30857345
119103,0.6141743
60627,0.72289187
32748,0.761678
25679,0.47410354
32646,0.7886512
121718,0.76344424
15807,0.3556329
31876,0.8023811
74285,0.44596696
71527,0.5108758
40237,0.7973143
67762,0.4028267
76485,0.2212288
65223,0.6235504
92901,0.8126727
122709,0.35558733
67250,0.35605687
39190,0.7978946
12098,0.5104758
66093,0.73188645
19228,0.7336318
114520,0.6268211
74954,0.21337627
41400,0.79086274
35981,0.8090495
15528,0.809004
120568,0.6102759
45121,0.8064426
57109,0.6814
21244,0.20071383
14628,0.80941623
59016,0.77882355
28467,0.66312057
15174,0.5985122
28891,0.76378036
109147,0.24416485
114462,0.37767625
49272,0.6849451
65942,0.45666453
67521,0.3394515
48375,0.8092743
97952,0.72515464
91374,0.1965517
85698,0.21605821
33716,0.53736407
36723,0.7969342
66860,0.39786273
100774,0.6707516
74789,0.2880509
108725,0.29697874
115746,0.42437822
23753,0.80976826
33747,0.7662854
39495,0.40740526
58375,0.48058406
21826,0.54715407
76536,0.21089162
85348,0.23448217
65354,0.80067235
42080,0.34287843
99178,0.5587393
51923,0.7647062
56525,0.7534088
43727,0.80103445
35918,0.8090495
88461,0.20066488
59303,0.76241183
95350,0.38167995
24881,0.21114601
21643,0.79362744
3843,0.34961432
67041,0.3019855
74577,0.808755
17420,0.295209
58496,0.76278454
20325,0.79936427
114742,0.7105196
16254,0.7527791
104096,0.44025555
30643,0.8081197
119246,0.42142415
44983,0.6647125
21103,0.33193812
52296,0.7109865
30411,0.809041
25478,0.7994737
40872,0.7537964
102035,0.5166944
80822,0.22245686
80232,0.20673712
75224,0.21322675
32703,0.718866
81878,0.21862993
87271,0.228836
76377,0.22212748
98819,0.2960221
54405,0.7830419
47971,0.7623495
68944,0.24483302
14113,0.8078827
94132,0.8091231
35426,0.8012454
16206,0.39071086
36684,0.8016797
74747,0.34149423
109863,0.24865137
46617,0.80061066
121505,0.76941335
98130,0.42731643
9217,0.52148044
61289,0.77854604
124618,0.7769989
67681,0.45673487
121399,0.39678192
23331,0.79667634
48125,0.79541266
60761,0.7628141
79489,0.19810103
90366,0.20520423
39453,0.7269711
71805,0.40417987
19324,0.43100327
14135,0.8078827
28313,0.29103315
1010,0.80024505
46794,0.7484851
62111,0.7878665
75371,0.2005766
93725,0.5055028
95159,0.30381012
106905,0.78470165
110675,0.23066564
1489,0.7220523
78420,0.20578793
93188,0.39355972
32049,0.79832244
86351,0.19639269
74313,0.5009233
64650,0.782012
115748,0.42437822
116797,0.3965859
100753,0.3185609
80284,0.19879875
86119,0.21462491
108354,0.55466425
30207,0.7746149
121799,0.73287684
28491,0.49356785
67606,0.40837616
100851,0.44403115
111021,0.26218536
24927,0.6128038
9070,0.3912337
14509,0.80941623
119724,0.7577113
62860,0.7249927
90289,0.20756249
8766,0.7188159
48477,0.8092743
66822,0.42513904
54235,0.40775728
7313,0.43459097
24382,0.41779947
61865,0.77669144
56895,0.80066
60350,0.7675247
97939,0.30864128
66498,0.35933313
74152,0.2715731
63224,0.76388085
7775,0.6336377
7270,0.41177294
23040,0.8096462
3093,0.39937016
43,0.57732546
32382,0.80135787
3683,0.57878464
75818,0.20510566
108152,0.8087252
86249,0.23625027
7709,0.6563171
97123,0.3345645
75144,0.20075007
119428,0.6004401
63939,0.64395404
98260,0.44079572
101830,0.37863627
17970,0.8006369
77497,0.20338978
7122,0.2747103
40783,0.52013284
13977,0.25581217
122405,0.43792936
3506,0.3345944
50171,0.61201036
109839,0.23264858
313,0.62093633
35352,0.7248956
115261,0.61641353
49958,0.6830612
34877,0.7739841
111504,0.6154058
33411,0.72751176
44711,0.34903118
14196,0.8078827
6458,0.7154156
49647,0.71660054
103071,0.41505274
56381,0.8019837
102413,0.44158438
113192,0.5698384
102499,0.4532507
84704,0.19836894
28661,0.7243606
52156,0.3429298
40429,0.7354753
19330,0.7376715
8760,0.54067343
55460,0.64873993
82349,0.22661471
22744,0.7108884
61191,0.6832238
46374,0.6562545
41101,0.80259776
36051,0.8016797
96480,0.4646035
69415,0.68420374
42427,0.79443663
48022,0.5486611
112759,0.6575263
121977,0.6472678
109447,0.23125494
61490,0.47321346
5364,0.8019783
34431,0.7986151
35281,0.8075246
40640,0.79338837
68554,0.76392424
111817,0.46790457
11613,0.612657
70593,0.31008515
104310,0.6201574
5680,0.5740126
62981,0.60937506
123804,0.49908265
110283,0.25777942
46864,0.5325569
115936,0.38162732
105882,0.6979583
79207,0.20113286
104956,0.64862937
183,0.8044831
81955,0.22057898
22041,0.7943738
15936,0.7301502
114968,0.4881716
77570,0.19776668
81341,0.21498138
39728,0.7884002
13285,0.4756513
11539,0.26006743
32439,0.7020692
63754,0.75235367
107604,0.2749027
68632,0.43590295
38790,0.7087129
66938,0.35933313
59072,0.7914346
97114,0.3345645
54141,0.3504024
45483,0.26706937
88928,0.20049898
102909,0.52776355
94406,0.4585509
52069,0.7793118
79176,0.24469562
99691,0.4156794
85440,0.20295233
5181,0.80916846
33037,0.77679664
30496,0.809041
88665,0.20595725
121973,0.5865539
117658,0.69506204
50672,0.49154484
60083,0.7741451
51768,0.3080221
11928,0.28600854
24101,0.20071383
93262,0.3642868
99909,0.30131638
36635,0.8090495
70955,0.8056626
95132,0.6863963
108375,0.56662303
26512,0.71336883
112422,0.4739018
10328,0.4231494
122417,0.6530414
108021,0.33897266
64180,0.37251148
90594,0.20355774
38732,0.8031359
84107,0.20321421
120583,0.782627
12135,0.67406434
66877,0.34399587
63625,0.79654837
114181,0.5596338
115648,0.7356775
33272,0.41542578
58225,0.8031131
98205,0.7950035
82681,0.23120302
65927,0.4074283
25213,0.46765447
118926,0.50503165
101040,0.45850042
41804,0.69556004
91284,0.20409916
37641,0.80793554
27833,0.7353365
73212,0.4513553
53072,0.7877828
98693,0.5797837
30188,0.58623093
93849,0.3169877
121061,0.544118
25727,0.5457891
75498,0.20198345
3644,0.29556727
83632,0.20389831
63275,0.7771158
7377,0.47895417
83711,0.20035398
62934,0.729315
116569,0.5218735
124494,0.763824
14302,0.28945187
3914,0.4897287
108131,0.5010649
39274,0.7960421
12548,0.53401136
105114,0.65904284
441,0.28507394
13836,0.5760418
15795,0.6583672
55112,0.75057685
114107,0.37799835
96449,0.36547908
112012,0.6638802
25303,0.4066543
89318,0.20192733
96928,0.7519962
44827,0.78586066
121716,0.76344424
77607,0.19714949
55443,0.64873993
56970,0.80066
87557,0.1977262
90475,0.2045183
18131,0.7957616
122770,0.49288598
46372,0.6562545
82419,0.20046736
12565,0.64685506
35370,0.36522838
30721,0.8081197
69856,0.5536447
61423,0.79715264
58762,0.76446116
42053,0.7973143
70692,0.64176583
85980,0.20046987
29088,0.64346546
66718,0.80667424
16105,0.5811851
68973,0.24251743
77512,0.1992552
99906,0.66205114
24450,0.20075087
33195,0.50527984
58164,0.634378
60044,0.4625088
6790,0.6743776
55727,0.46886283
76560,0.21089162
47611,0.8069103
10460,0.27008915
19978,0.5874046
43326,0.8037478
67088,0.58496904
28089,0.55777144
62938,0.49286687
33971,0.7999786
59731,0.76514494
76360,0.19949698
32834,0.7898537
109428,0.23125494
75730,0.20036337
30689,0.8081197
97771,0.6732507
17982,0.4388854
12278,0.5624305
88245,0.21785116
90726,0.20093733
66320,0.665945
102478,0.6939001
36373,0.8082987
64555,0.43494064
123264,0.7864152
78174,0.2101736
120608,0.782627
42451,0.80821896
121765,0.76291096
20434,0.79504216
28427,0.2909377
78723,0.1945091
18113,0.7957616
13993,0.79648846
31081,0.4474752
72467,0.49574077
46292,0.809229
101400,0.4547664
47602,0.8069103
78482,0.22198968
9170,0.60331535
106607,0.3902827
3387,0.51072764
47411,0.6112719
50627,0.6987621
115107,0.4742858
42147,0.6996329
96566,0.63666666
74841,0.5365232
30283,0.71104914
27906,0.31827724
113334,0.21592303
61533,0.7746467
79216,0.22618511
78113,0.19415936
78046,0.19875629
77163,0.19797267
118371,0.32998794
117916,0.3785268
53874,0.3012661
38432,0.7921124
9727,0.2532726
81882,0.21862993
498,0.8041842
20760,0.5878649
107129,0.8093602
119947,0.6152759
7967,0.5065608
4389,0.7134107
92771,0.6425595
118737,0.6658693
16117,0.3199177
107848,0.4527669
115114,0.7315291
39563,0.7981991
75522,0.20434016
114409,0.7255402
117642,0.7375725
41279,0.80259776
30449,0.809041
69831,0.6808707
101608,0.3319102
56024,0.70348966
100069,0.2807566
23683,0.80976826
63773,0.40397596
77733,0.22766323
67491,0.42077553
106126,0.8035616
37952,0.8088441
20215,0.3936855
74960,0.21337627
98630,0.3543591
72382,0.49803367
35598,0.80895203
10782,0.6909895
71568,0.4525773
64252,0.43738377
32790,0.4420939
89767,0.20217294
115158,0.7016863
60279,0.78768957
18605,0.47469378
56061,0.78675014
32768,0.4258361
90273,0.19926375
5751,0.27150303
10075,0.438717
21637,0.792719
28254,0.31879824
430,0.29113078
31001,0.80841833
101710,0.5124891
77458,0.22289748
85120,0.21649072
114288,0.65852785
21006,0.79334366
27506,0.26070908
91649,0.21036048
41641,0.80785656
53653,0.37078935
57804,0.6996737
91473,0.20537324
86892,0.20059909
82829,0.22015707
1915,0.6491572
101574,0.4747441
9172,0.60331535
125177,0.75107473
8858,0.52937496
37170,0.80104226
38270,0.80112976
99534,0.32039812
68021,0.41996157
8095,0.3582933
56585,0.7542664
15138,0.3907612
67223,0.42782614
113711,0.64621913
83760,0.20466627
112639,0.4223451
961,0.7080446
81352,0.20541182
32142,0.7994277
59092,0.39297923
119529,0.43497965
112326,0.3621517
110062,0.2576888
122633,0.7210374
48310,0.34231773
105346,0.8074962
36797,0.7969342
33062,0.55094093
58598,0.7923286
440,0.28507394
30609,0.7894059
87451,0.22430784
124350,0.73263276
2827,0.3105094
67832,0.4846766
50006,0.6107746
100838,0.51235116
11711,0.34325793
115495,0.44220534
117810,0.5544622
116844,0.59397846
21074,0.7162529
106683,0.4629307
64198,0.7144535
95221,0.29043153
123484,0.7672387
64318,0.4857036
116176,0.68740296
369,0.34190825
90659,0.20930642
99447,0.7398296
106774,0.8092244
119480,0.74130756
21010,0.41878498
109022,0.23410286
66048,0.37674212
21355,0.7943738
27134,0.5076679
119630,0.67962253
28510,0.5927415
59453,0.7956951
105957,0.80888706
15016,0.27666432
90373,0.20139149
53497,0.64776164
84141,0.20244513
49753,0.7634369
42880,0.80101717
44127,0.80095965
87398,0.2040791
76603,0.19668892
6644,0.3112492
28361,0.2923007
105183,0.55506176
63238,0.561909
58603,0.7923286
22076,0.7943738
225,0.28688315
105880,0.6979583
31617,0.8017898
39664,0.80761963
18667,0.62350714
12536,0.52585703
88643,0.21995951
93566,0.59733623
95259,0.32040372
10676,0.6435969
31880,0.8023811
51799,0.771103
57334,0.49187112
66203,0.38704517
20300,0.79936427
28170,0.31269795
5469,0.71688074
102885,0.4653843
14828,0.80941623
2895,0.6478041
103240,0.48161328
77162,0.19972344
5847,0.362324
20063,0.21093589
58139,0.6738213
39532,0.7981991
33093,0.55094093
34285,0.7662854
3686,0.30733016
94370,0.38139793
107571,0.7417264
16287,0.70698684
69155,0.57996863
107095,0.3176667
22005,0.7552136
31481,0.8015809
79850,0.22646785
61363,0.79740244
65242,0.26825348
48714,0.8095503
63319,0.7808865
117018,0.32847828
41012,0.80551744
51005,0.4502154
16198,0.25129935
98395,0.46184516
36281,0.56296486
61237,0.70689267
1273,0.71436656
75620,0.21633139
120373,0.5288733
79837,0.2187721
110563,0.24275838
2347,0.648447
89944,0.20950197
44390,0.8091743
1503,0.7220523
36696,0.8016797
17060,0.43137935
55217,0.6066926
47482,0.8069103
24047,0.21114601
36670,0.8016797
124136,0.48947185
20766,0.50653905
48519,0.80945295
76710,0.2002981
39211,0.7912696
112661,0.7113199
102534,0.36136702
24640,0.7969233
16356,0.53664225
37321,0.8007448
62591,0.73213327
95606,0.683028
26356,0.74059975
43706,0.80103445
51547,0.37024432
33147,0.77818394
93926,0.75654495
17865,0.7994667
95689,0.5022956
10684,0.42703635
84209,0.20167594
6353,0.50318533
94932,0.6296944
76725,0.20569986
74684,0.5897493
76893,0.20379478
23866,0.49077782
120383,0.35947046
31,0.6790187
6572,0.21555509
65212,0.77228945
32167,0.7994277
86097,0.22461027
88092,0.20432538
114729,0.603851
31565,0.80165464
62906,0.41166678
22703,0.78264123
122720,0.35455343
91077,0.21011528
108999,0.24912266
1953,0.43245563
8822,0.33627295
27174,0.39500093
7966,0.51070964
112103,0.32509094
116163,0.72511554
60607,0.7450287
34302,0.27422863
7984,0.34031263
80063,0.20425607
70120,0.5955047
75569,0.2031943
52987,0.7928239
62879,0.39324206
31048,0.63739556
23670,0.80976826
70479,0.38725042
87024,0.20916735
59330,0.77354735
28483,0.66312057
97147,0.5923291
10663,0.6797482
66381,0.6285545
26943,0.77549654
9119,0.5862043
5581,0.80371577
109466,0.22585481
121596,0.7813309
31915,0.41518816
73227,0.5362903
59204,0.79346615
62625,0.7193102
112345,0.68073547
61969,0.74294055
113870,0.6842363
1414,0.3295232
50150,0.40674338
3231,0.78051233
53873,0.3012661
81069,0.2194494
116080,0.6581466
112885,0.66687274
48499,0.80945295
91629,0.20733084
43391,0.8037478
71113,0.49184343
101568,0.51981133
119458,0.44309485
16169,0.32107997
66176,0.75863504
92257,0.52730066
75684,0.19570191
74066,0.35477528
21099,0.33193812
102472,0.6939001
46268,0.809229
120515,0.5578199
58656,0.7923286
63717,0.79654837
43055,0.80101717
60215,0.6441342
74104,0.32579324
52462,0.3374901
5580,0.80371577
93881,0.67891026
76974,0.21810682
106818,0.8092244
58636,0.7923286
69124,0.41667998
115249,0.4086807
75710,0.19570191
56713,0.80260444
9207,0.7160313
88445,0.20066488
48659,0.8095503
40196,0.78104985
15749,0.26406425
19755,0.54594857
72597,0.66199106
104556,0.6321695
13967,0.24953407
24181,0.7959555
30187,0.75595623
21899,0.78863424
112968,0.727794
87925,0.2412233
32509,0.3169609
62283,0.7841183
89631,0.22367793
123374,0.751112
81539,0.2259253
83246,0.20138545
117351,0.6223068
59065,0.77882355
90902,0.20364344
60698,0.7815754
61571,0.7510643
57725,0.75448227
58657,0.7923286
45744,0.30982968
82081,0.23393586
25366,0.8003337
111400,0.31555817
112000,0.6154058
111567,0.5022485
34958,0.8005567
12172,0.4823629
36469,0.3099437
9744,0.438717
32233,0.8010758
81357,0.21898589
60574,0.74460745
106188,0.81097645
73280,0.43527538
33586,0.7070633
8438,0.34316927
61135,0.7937088
84221,0.21705706
26967,0.77549654
13468,0.37417918
36628,0.8090495
57451,0.7622102
59008,0.77882355
63591,0.79825
95619,0.52784204
76272,0.2036577
20402,0.79504216
39017,0.79608226
49703,0.6794087
98566,0.5329329
58377,0.7499808
49954,0.43919417
27268,0.34539014
96832,0.6646946
92754,0.47051907
119008,0.5898742
18701,0.6820051
72335,0.366486
44853,0.8013557
84666,0.20805486
117054,0.4180716
57277,0.7994125
99552,0.6236963
29100,0.79212976
96321,0.48665679
59011,0.77882355
22251,0.79362744
26033,0.68452805
123709,0.57559466
106439,0.57419235
51678,0.2793746
16663,0.56992084
77707,0.21421255
47163,0.75934595
40647,0.7974256
90000,0.20271254
6313,0.25141382
121592,0.6098966
87250,0.20234919
18135,0.7957616
25290,0.75228924
86968,0.21426955
75484,0.19897081
122733,0.74810773
111437,0.4475855
123415,0.75659925
67841,0.41953894
7681,0.6753279
101803,0.70843023
43155,0.78750926
100648,0.6328188
5524,0.60080373
55014,0.53529745
63056,0.7659447
42870,0.7922321
58507,0.76785195
87476,0.23330386
44935,0.8013557
2835,0.55669
22149,0.8016232
113861,0.40159625
53909,0.43445346
103041,0.29357037
124396,0.7157563
79045,0.20386013
76304,0.20513181
53503,0.7459458
81646,0.21616192
16705,0.36227468
34456,0.7986151
123719,0.7833666
123217,0.6199991
71202,0.57710624
77602,0.19776668
15846,0.30736443
88781,0.19889447
43071,0.27457184
26166,0.27534494
17478,0.7994779
103739,0.40948078
56171,0.7632336
94490,0.409143
61449,0.78655976
78984,0.19886276
84034,0.20169479
124578,0.7769989
30678,0.8081197
105821,0.2902164
2331,0.68618876
106030,0.266614
96689,0.7304849
115952,0.69931036
4620,0.7874184
105077,0.3644086
80391,0.21112977
115451,0.62180215
31642,0.7980738
88988,0.20295277
96492,0.48753846
69413,0.68420374
65702,0.704702
6636,0.292651
53231,0.7723164
112439,0.43769974
101644,0.6829007
10846,0.6860983
4923,0.79814386
77555,0.1992552
59626,0.7987054
117117,0.39293033
93093,0.8126727
7870,0.37091783
12388,0.57143044
97154,0.58021003
37941,0.8088441
34625,0.79532456
35380,0.7882735
10764,0.39317504
62518,0.8048985
75017,0.22187427
119505,0.73839986
5981,0.2489091
2220,0.61046404
10867,0.35070342
76342,0.20872222
108498,0.5199425
122306,0.69194704
16905,0.582919
92159,0.51600623
49120,0.6088146
45409,0.7689521
101016,0.43071678
17298,0.30060244
60966,0.74460745
83159,0.20182905
79515,0.20068139
85513,0.24574392
61031,0.47408795
94839,0.5894725
109096,0.26502675
1038,0.80024505
116508,0.7112593
34065,0.5253119
91313,0.20081039
114074,0.35287088
7211,0.27016258
59793,0.75440073
8657,0.6397048
66691,0.3631877
64913,0.7638159
106186,0.4665014
119483,0.74130756
86603,0.21328148
107181,0.8093602
88645,0.21995951
81093,0.21492092
107407,0.4587029
19852,0.6342194
105015,0.45733407
115867,0.66154313
6908,0.32854354
69216,0.3917991
114581,0.32001117
72122,0.40694967
108753,0.2371014
56000,0.77514184
59951,0.48519707
112491,0.53341943
74458,0.37166354
38652,0.8082987
9491,0.39645737
93475,0.35740355
53174,0.7877828
10913,0.47646454
6134,0.57043076
26077,0.49212113
124509,0.663563
1442,0.39721292
2456,0.64144576
60296,0.78768957
121209,0.39788252
122853,0.6630483
87403,0.2040791
100767,0.6707516
85494,0.19613387
123447,0.74792963
122017,0.75292736
109668,0.21883611
122311,0.6338061
89817,0.19915576
32643,0.7886512
58328,0.8031131
25685,0.47410354
67337,0.41606808
48799,0.8095503
32893,0.6895715
48401,0.8092743
115504,0.5688068
24414,0.21145965
112157,0.3371359
12444,0.5790899
36302,0.8082987
65458,0.78520167
101681,0.6128623
101787,0.78976077
71406,0.31364253
108727,0.24126093
14560,0.80941623
58055,0.7589909
29026,0.38377094
29299,0.6471343
57851,0.7401102
53513,0.7201066
42990,0.80101717
32472,0.7805911
99564,0.38607392
36859,0.8023691
104110,0.44490135
46514,0.80061066
77553,0.19691026
123772,0.42160225
28949,0.44708025
54269,0.6888832
118813,0.535978
38741,0.702399
106201,0.81097645
5498,0.45165938
25980,0.2890857
96150,0.38916692
38313,0.80112976
76265,0.2016751
88470,0.20066488
96519,0.38039
121821,0.7104719
101978,0.6529681
78005,0.2007601
36203,0.3723312
67489,0.42077553
20390,0.79504216
74763,0.6128404
83628,0.21168578
114951,0.65284157
80784,0.21951133
109973,0.28213358
10918,0.4757384
53164,0.7966562
106565,0.3391391
92467,0.26041776
90830,0.20093733
20157,0.70739913
86782,0.20411709
63009,0.77861786
24368,0.35099664
69282,0.50935936
39787,0.80712885
5487,0.50144285
117994,0.32998794
67856,0.36219147
98682,0.6169931
50521,0.7437607
116563,0.5218735
70883,0.5126666
80893,0.21586725
14416,0.80941623
57221,0.31016597
51332,0.6523059
32085,0.7994277
42463,0.72537446
30636,0.8081197
62516,0.8048985
89471,0.21266365
41640,0.72322035
74391,0.51766884
120482,0.6447997
113972,0.75442797
106157,0.62491304
108902,0.24511872
69434,0.5327535
13617,0.64685506
75731,0.20036337
70513,0.4153102
79035,0.24655582
108167,0.8087252
95161,0.29426903
33457,0.6902897
86970,0.24221632
108227,0.8087252
46851,0.6494945
11683,0.54741275
102077,0.4357663
52005,0.45621213
21085,0.47702327
47938,0.54942
114674,0.3057856
28809,0.59656835
29386,0.60819066
16798,0.3678754
78628,0.20214772
84322,0.20502692
17554,0.41052058
31732,0.651626
106395,0.33080235
109902,0.25281915
11455,0.2637333
92522,0.23516703
46229,0.77482873
87744,0.22296892
81563,0.20482889
98684,0.6169931
56917,0.80066
63189,0.76388085
54428,0.732855
51125,0.39252788
80369,0.2090789
112167,0.637128
29077,0.48791334
118842,0.7088812
34982,0.8005567
58376,0.67424136
36358,0.8082987
27863,0.27761778
82342,0.22325972
62207,0.79127413
41918,0.7438072
96481,0.38049614
5830,0.29850298
73235,0.38074175
30454,0.809041
10450,0.26347727
46458,0.8003926
2174,0.70419294
78596,0.19525215
61979,0.57170767
53850,0.3012661
46673,0.80061066
17544,0.41052058
80820,0.21756585
52078,0.7793118
103443,0.44835648
59723,0.76514494
16367,0.38473704
44451,0.8091743
20487,0.7818369
47409,0.63722306
110494,0.23236163
116874,0.37889913
14005,0.79648846
24348,0.75467783
6284,0.35122827
29450,0.33384562
29838,0.31395462
28193,0.42690647
34885,0.7739841
116193,0.72511554
43331,0.8037478
40092,0.80259776
54675,0.7911916
74811,0.28247032
7299,0.3820933
124091,0.35558733
108870,0.25137103
7319,0.28637603
31092,0.761605
31794,0.8023811
115964,0.6042209
27009,0.6974201
20831,0.60501206
93803,0.74005705
62768,0.4584572
95369,0.32566246
89448,0.20051964
64101,0.34205484
84802,0.20106186
103687,0.46966743
46792,0.4609184
20576,0.79885834
105160,0.46988565
55410,0.59377915
31647,0.5368599
20131,0.20071383
21207,0.20071383
71518,0.531156
27011,0.6974201
122904,0.6695332
29285,0.7536543
106262,0.81097645
48934,0.74558336
51574,0.6891898
109465,0.22585481
58264,0.8031131
124403,0.43016887
104177,0.4304507
15473,0.809004
17917,0.33051112
18397,0.2004756
122252,0.44924074
79632,0.19859582
35544,0.808773
106632,0.4196025
48661,0.8095503
96877,0.5896388
115223,0.4394649
98902,0.34245396
40961,0.80793554
60164,0.7628141
59370,0.7355937
14467,0.80941623
22998,0.7832919
116052,0.73417056
69580,0.56534183
95233,0.3203703
8422,0.33502215
16375,0.38473704
7351,0.3895897
118686,0.59645563
7191,0.3450042
108595,0.7927681
111880,0.36242136
89047,0.20051925
106179,0.4665014
87994,0.20487402
27208,0.31196964
71571,0.5810725
99243,0.48919338
15720,0.27446127
57004,0.80066
4528,0.7941082
118006,0.32998794
78668,0.19706704
19917,0.57873505
9598,0.7616439
40682,0.7974256
69953,0.4698362
103816,0.8084247
98908,0.3736934
22014,0.65535176
12604,0.5621278
57104,0.77745533
55109,0.75057685
108630,0.38090712
33741,0.7771274
4750,0.39586547
10342,0.67447853
92737,0.67797136
110201,0.25081387
116319,0.68504095
11877,0.26238984
109594,0.24469756
73808,0.47906104
12945,0.4754848
65704,0.56633294
13697,0.27645072
51348,0.30868003
78000,0.2007601
97029,0.7324878
105723,0.58639765
106928,0.80592895
35401,0.7934679
106762,0.8092244
91391,0.20475577
124657,0.7769989
13359,0.3794409
26037,0.3584062
26352,0.42359945
72555,0.44062063
24536,0.20154764
111336,0.35885274
58154,0.7184016
48627,0.8095503
53100,0.7966562
101841,0.39576662
81772,0.24566317
86331,0.21133551
96262,0.39154723
111700,0.5140928
53269,0.7723164
46788,0.4609184
110355,0.30604652
7151,0.33305943
16658,0.38265267
24802,0.4447845
43089,0.36177698
120984,0.6496985
123500,0.7672387
26633,0.7922945
8048,0.5094034
16547,0.61801654
35811,0.8090495
123068,0.7635503
88767,0.21766755
72500,0.39658338
94804,0.37344292
5125,0.80916846
120286,0.7496342
64939,0.3161161
118452,0.67674214
7111,0.5105739
22216,0.8016232
7886,0.29927525
83416,0.23180865
67334,0.3657408
12362,0.6150372
112645,0.69986624
99793,0.3171184
27223,0.31812003
105106,0.43301085
73053,0.7951123
53270,0.7855124
86235,0.20256564
81255,0.21285278
83349,0.19832973
68331,0.6300693
10934,0.4823629
1691,0.434976
124245,0.48138162
9231,0.52148044
121011,0.37860808
28729,0.7641904
110450,0.23385409
107643,0.70866024
99465,0.2853638
94824,0.3371102
116811,0.62595814
74319,0.60157496
36468,0.3099437
29616,0.69580996
121783,0.67551523
16878,0.4231503
76014,0.24942376
56025,0.42327824
35118,0.8005567
49820,0.7290693
82478,0.20126744
31076,0.761605
87731,0.22576071
60006,0.2934761
36364,0.8082987
15402,0.809004
95567,0.3546536
50928,0.67550904
1356,0.79771465
25934,0.6506739
5535,0.76183814
49284,0.44657168
3127,0.3210645
36632,0.8090495
80026,0.23308389
75399,0.20861912
59864,0.7854728
123233,0.7864152
117133,0.5006877
79153,0.2181785
69612,0.79571474
42739,0.33875856
3974,0.6163408
115426,0.62213427
60695,0.7815754
109562,0.22652474
798,0.8081262
104922,0.35044426
106249,0.81097645
107880,0.61909914
68417,0.32724255
56571,0.67423123
84277,0.20179068
120452,0.3277192
57273,0.7994125
123132,0.7615474
81439,0.19772753
44373,0.8091743
259,0.6566831
70578,0.56751597
29791,0.37304622
111443,0.4475855
30875,0.7644325
7432,0.32448128
23172,0.5617891
120830,0.6972297
120469,0.571112
10799,0.6909895
55889,0.59189993
93018,0.8126727
4772,0.65310425
45998,0.8042443
36054,0.8016797
26994,0.38175195
70295,0.5641004
98098,0.27726007
81987,0.21054585
92712,0.3829128
29747,0.43545827
56578,0.8018132
30481,0.809041
93141,0.812537
101329,0.25609553
18520,0.52061003
123209,0.7864152
123563,0.7609271
111226,0.37665462
97181,0.2997867
87875,0.22660032
37032,0.8010573
42676,0.8002086
16238,0.7527791
66385,0.662873
21237,0.20071383
57,0.44235066
93571,0.3813723
2074,0.7374721
6513,0.25575507
19074,0.580923
5796,0.58013916
48146,0.79541266
121162,0.6285495
1243,0.80455685
87908,0.2003554
112194,0.35877436
74804,0.2880509
78423,0.23525442
68509,0.43070692
1482,0.7220523
82514,0.19792199
23205,0.7891411
38976,0.79744464
88708,0.22490214
120054,0.71775085
123396,0.75659925
92451,0.55626
25144,0.8093588
77044,0.20162302
109115,0.26502675
14011,0.47184885
27527,0.26070908
89259,0.19718249
2143,0.34460646
57284,0.6857269
116953,0.7265176
44228,0.8064426
57702,0.7419954
29958,0.21145381
3602,0.330949
43030,0.80101717
19019,0.5845888
67538,0.37873152
77301,0.20087467
49521,0.62676316
10277,0.37483808
106814,0.8092244
119996,0.36077863
109281,0.23485018
108358,0.6763144
21249,0.20071383
44010,0.79199797
87338,0.20915103
48410,0.8092743
13334,0.7033
13335,0.33589867
43919,0.80157053
58873,0.4876764
103149,0.6802498
112668,0.43993157
8653,0.50095594
52301,0.3212965
76297,0.20513181
23649,0.80976826
10250,0.42584184
118929,0.62987655
24137,0.20071383
15173,0.6952758
20536,0.4355728
106,0.8044831
24923,0.6128038
61609,0.5959934
91981,0.24058448
78609,0.22935016
90968,0.21441206
61559,0.7510643
97346,0.79937947
56615,0.73094845
7199,0.55323654
95391,0.48428297
96725,0.8086842
86103,0.22287996
37444,0.8020883
125019,0.71244895
48807,0.8095503
20818,0.5459212
103959,0.3898499
20268,0.79512703
41481,0.80785656
45531,0.31792632
73369,0.29866946
123030,0.7175964
58680,0.7643595
100895,0.79515296
17530,0.37047938
106858,0.7531977
121748,0.5027978
109617,0.26336148
94760,0.2722864
55975,0.7984359
117744,0.6549718
42079,0.34287843
99527,0.58675444
70,0.45702803
33029,0.22361958
106940,0.80592895
66886,0.33644426
34915,0.7975846
90640,0.20589451
31564,0.80165464
1601,0.51875734
13922,0.32107997
7266,0.40110564
113981,0.32217428
78329,0.2040107
23807,0.7553455
50649,0.38626635
233,0.6667402
98032,0.7921526
56714,0.80260444
2269,0.72548056
52737,0.5622432
75518,0.20434016
86759,0.19876218
102693,0.3331502
6112,0.25537977
51648,0.60420316
74718,0.5129033
69667,0.79571474
83305,0.23433715
119809,0.64375514
99567,0.38607392
90895,0.20217294
26139,0.7762821
59505,0.7987054
70122,0.5955047
45044,0.8064426
107081,0.8093602
49780,0.7290693
86901,0.21431942
52711,0.4805873
6913,0.34778732
31832,0.8023811
44842,0.8013557
75889,0.20118299
121924,0.4745858
96907,0.34907833
60903,0.5316004
88880,0.23556308
105136,0.38968503
76772,0.19935705
103498,0.3747025
110874,0.37652943
60712,0.5690689
5080,0.80916846
8796,0.29858634
6411,0.65879947
16916,0.31645
84069,0.21849662
47126,0.79626465
61525,0.78911036
88817,0.22691593
32516,0.32918343
114897,0.6911563
70221,0.6587649
85761,0.20525937
51272,0.51320744
43815,0.8046499
105708,0.58643436
89904,0.22432284
87463,0.23138626
69780,0.79571474
6439,0.44067582
113886,0.5625629
67194,0.3245727
898,0.8081262
22848,0.69591486
124300,0.7733903
31033,0.78683996
71014,0.28482646
73710,0.3041469
78502,0.20369503
48835,0.78985965
117634,0.49536195
67385,0.6094129
29032,0.6189671
72830,0.5742723
76094,0.21035215
107815,0.5055157
27489,0.33512822
82890,0.21849662
58760,0.76446116
11604,0.6165551
60310,0.76419103
19483,0.7992589
111147,0.3710058
110492,0.23236163
27158,0.51612383
45183,0.80340356
122600,0.72379816
21903,0.7118364
120506,0.5578199
94040,0.80791086
101835,0.36077577
33647,0.30481058
19752,0.54594857
46390,0.6235206
947,0.7080446
5747,0.27150303
4708,0.73844284
95302,0.3083201
81106,0.20055766
22547,0.20075087
104128,0.4671864
15269,0.25436667
39292,0.7987928
116774,0.48732296
41682,0.8017142
80175,0.19953366
7457,0.6120567
84041,0.20169903
31835,0.8023811
89394,0.22192799
97178,0.2729876
107597,0.2749027
99594,0.5825007
65540,0.29572186
83290,0.21811286
20124,0.20071383
25194,0.8093588
20953,0.5260777
27407,0.4094351
48109,0.79541266
124032,0.4675157
94901,0.6207393
99756,0.42353976
18371,0.2004756
116343,0.6672333
20031,0.80088234
87072,0.21067724
120502,0.70165807
80631,0.22321807
90694,0.20152436
93376,0.30235803
75018,0.20930709
39888,0.80259776
100520,0.30239818
86439,0.21071906
8331,0.55135995
98093,0.5199529
118717,0.38920447
92439,0.6400077
93785,0.7401596
105310,0.54903114
119820,0.36071953
120249,0.7496342
105895,0.6979583
117858,0.42722738
41045,0.80232066
52435,0.4492166
10466,0.27008915
123163,0.769291
5727,0.28482845
63251,0.7771158
41437,0.80785656
15940,0.52579033
63818,0.766113
62533,0.8048985
1506,0.7220523
13804,0.28628013
23712,0.80976826
107757,0.589267
107733,0.45393795
38035,0.8088441
5819,0.42369524
11639,0.37772122
105888,0.6979583
109917,0.24693444
89254,0.2053043
6897,0.49082455
102375,0.3701399
85217,0.2068417
37456,0.8020883
3645,0.29556727
118,0.7531055
15207,0.624767
57229,0.554729
77646,0.20899473
37411,0.8020883
34770,0.38682914
95615,0.52784204
51907,0.74442554
19336,0.44052577
78487,0.22198968
122481,0.53946817
78915,0.23068838
38780,0.8088441
54027,0.30753118
65535,0.40925556
6074,0.35145858
89641,0.20183422
112263,0.55491483
27441,0.41016418
100837,0.48823753
23133,0.5421376
74599,0.808755
65276,0.23666017
121675,0.76344424
25504,0.7994737
107064,0.8093602
74037,0.42378157
92552,0.4841479
56500,0.7678325
34063,0.26794726
47041,0.2729432
79306,0.20365559
99996,0.41477796
26331,0.6857377
15003,0.69391036
123877,0.5142874
28979,0.38025418
4016,0.68974555
60314,0.76531553
89613,0.24422292
67135,0.31059137
121318,0.39665332
81376,0.21365248
78474,0.22198968
101550,0.58307445
73613,0.30978262
100370,0.33027163
64301,0.7032349
18485,0.6179216
70923,0.78859717
58712,0.76446116
102062,0.41081777
26556,0.47356895
33086,0.8015809
96946,0.7519962
96920,0.7519962
110073,0.2576888
103723,0.4440777
13164,0.39678985
13428,0.63939726
103914,0.5226199
105140,0.38968503
12939,0.6481512
60313,0.7042298
55017,0.6310066
66890,0.4388528
55406,0.5319492
47848,0.74513245
31508,0.71373576
106516,0.39153022
74263,0.37038028
113839,0.5939485
9115,0.5862043
42133,0.80231726
119935,0.70875174
60217,0.7866082
60065,0.62506545
27123,0.5319012
95209,0.277652
96748,0.8086842
30493,0.809041
16952,0.33015117
24338,0.45806396
106967,0.53196406
120906,0.62987655
10512,0.27930617
2616,0.40117043
89162,0.20193765
107590,0.28607044
11843,0.24829988
16897,0.40341872
112416,0.36174476
91753,0.23457341
62192,0.79127413
42557,0.80821896
23703,0.80976826
57474,0.74878556
86851,0.22321561
6872,0.37151614
115912,0.4508721
106399,0.33080235
78100,0.19415936
87683,0.20976657
39393,0.57120407
12039,0.8030439
4990,0.8041499
77714,0.23392509
42519,0.80821896
5512,0.67973816
106041,0.57603526
9679,0.5567667
39885,0.80259776
34399,0.7986151
115976,0.7306626
6323,0.73181015
20066,0.21093589
41767,0.4921646
122187,0.7607873
70938,0.78859717
111441,0.61105275
10607,0.26699713
45758,0.77080655
34863,0.4852848
3083,0.3867812
118559,0.28900257
117500,0.39261782
91767,0.21049573
8338,0.348178
119578,0.36403373
115377,0.7321596
1830,0.77587235
29328,0.41518167
24093,0.20075087
105331,0.37305364
84568,0.20540527
115324,0.66343725
83087,0.2056846
797,0.8081262
105167,0.6242997
37313,0.8007448
72002,0.44251037
123946,0.77573425
48212,0.8023793
14921,0.45180702
68568,0.6750912
78465,0.23811956
9016,0.2872988
38591,0.8082987
88033,0.24221632
69584,0.510472
80236,0.2096474
120723,0.35799465
33945,0.7999353
62330,0.7841183
102320,0.27428564
107567,0.7040952
105818,0.2902164
9471,0.6504585
86066,0.20282538
57278,0.7994125
28463,0.2631082
86701,0.21320541
8625,0.75585276
67244,0.6311516
106619,0.5660953
120407,0.45900166
53934,0.3180332
112362,0.52641845
22855,0.69591486
111106,0.40049
54313,0.7634342
46018,0.342819
122973,0.6598268
79295,0.20136042
17421,0.295209
95345,0.3209756
39371,0.80112976
38230,0.80112976
99632,0.5825007
56636,0.41908902
20360,0.79512703
6598,0.2976773
25173,0.8093588
81788,0.21355222
80203,0.20185947
1912,0.77547044
107950,0.35276383
114116,0.39502013
64627,0.70743257
85952,0.20540527
66314,0.665945
39845,0.80259776
113606,0.33930188
63128,0.6559192
19038,0.60362893
5834,0.3085667
47427,0.6326939
94715,0.2722864
27388,0.3548115
37653,0.7436704
99175,0.5587393
16655,0.4111736
18197,0.76352614
63361,0.7402254
15875,0.46831322
122718,0.7321527
83098,0.20011267
110543,0.25019255
52261,0.41529998
87435,0.20868269
50679,0.69718736
91413,0.21328995
50281,0.6087468
108333,0.6240997
111319,0.52152514
93626,0.65537465
82953,0.21761036
2883,0.24256332
116801,0.62198365
8460,0.34227273
105984,0.80888706
101019,0.2564524
91256,0.21329206
48509,0.80945295
21758,0.8029905
117284,0.40770006
10408,0.5038749
22419,0.8043312
58011,0.7898255
70516,0.4153102
84279,0.20179068
122412,0.6530414
59395,0.7355937
76745,0.21813057
98998,0.4017581
70854,0.38561696
77580,0.19776668
110438,0.27223387
114811,0.66120166
74821,0.35152605
63924,0.5575427
46087,0.33821654
17465,0.7994779
96705,0.7304849
84622,0.20986125
13728,0.27379563
76506,0.22537372
113673,0.7208254
21962,0.20154764
84690,0.19836894
98965,0.41320303
29486,0.47849333
2098,0.39891446
50827,0.383056
117671,0.44482526
21910,0.7118364
43888,0.80157053
90862,0.19603279
40137,0.63460106
9391,0.4873264
67091,0.54901147
18224,0.7957616
30837,0.8081197
55286,0.77862585
116601,0.61763775
97672,0.679926
22169,0.8016232
121167,0.47263098
45985,0.8042443
113512,0.34093785
76687,0.20257232
93275,0.42594358
112545,0.38731468
115271,0.6576907
19651,0.7933174
96838,0.6646946
41127,0.80259776
104880,0.62454367
113737,0.3542731
112357,0.68073547
33338,0.76021904
46331,0.32812238
101014,0.30584615
108230,0.8087252
79694,0.22023325
124037,0.77621174
124393,0.7157563
5370,0.43916476
117982,0.32998794
621,0.80694073
101603,0.3319102
106432,0.30552152
51707,0.31170353
69859,0.65662295
68660,0.6428121
114048,0.62293565
25107,0.8093588
2972,0.78051233
71817,0.63182634
14449,0.80941623
80665,0.22157398
32635,0.7886512
69894,0.3733511
90687,0.19587941
112993,0.56280464
122810,0.7864152
57748,0.75448227
61166,0.7937088
90935,0.22362012
88197,0.20202403
89298,0.20051925
42395,0.34418404
5815,0.2966446
26158,0.70744634
72413,0.47580263
59950,0.48519707
106096,0.8035616
114935,0.7099226
67284,0.4274916
507,0.8041842
82404,0.20487508
89907,0.22432284
61530,0.7746467
71072,0.6799529
46493,0.80061066
4440,0.6993626
121312,0.3723572
23046,0.8096462
82141,0.20544414
80045,0.2183563
82463,0.21470301
60686,0.7815754
33944,0.7999353
56576,0.75686413
44859,0.8013557
39802,0.80712885
61958,0.77133465
55080,0.79278755
58256,0.8031131
94720,0.37344292
94887,0.3371102
80572,0.25261
63941,0.64395404
113559,0.44238636
89693,0.21462351
117150,0.34783274
105699,0.58643436
124772,0.5867401
27513,0.26070908
32598,0.7886512
1005,0.80024505
29331,0.44733703
119417,0.48972344
29230,0.521541
5301,0.79733104
14343,0.27826265
49501,0.67280555
99262,0.47481182
59297,0.76241183
39925,0.7421864
16467,0.4448354
82406,0.20344625
36686,0.8016797
63738,0.79825
74867,0.66845095
85683,0.20683539
116096,0.74843377
8921,0.6767217
70329,0.36625385
101327,0.25291
83406,0.19877106
3218,0.6496998
46273,0.809229
102096,0.5769148
76053,0.22163425
91717,0.21161933
3905,0.6618065
71834,0.44836405
52448,0.362693
67540,0.5854587
35917,0.8090495
124070,0.7712831
5401,0.7311433
111370,0.36337394
59672,0.76514494
6136,0.40314665
12987,0.39123073
89460,0.20257288
86446,0.20106186
114090,0.36098793
122956,0.7211403
8868,0.5615376
55027,0.6433757
3916,0.6572568
36299,0.8082987
104022,0.40128887
29754,0.43545827
45416,0.80080616
37631,0.80793554
38960,0.79744464
26593,0.5348325
38685,0.8082987
23241,0.7891411
84103,0.20116654
99694,0.44320872
65813,0.40000042
32869,0.44938862
129,0.8044831
23165,0.58254427
64214,0.7144535
113197,0.3334197
62174,0.79127413
92004,0.24072511
94889,0.3371102
42765,0.78493726
60530,0.7770301
68961,0.24631251
48290,0.7290383
4491,0.65777457
48102,0.65768886
95737,0.47825795
120195,0.74130756
102516,0.6924957
34636,0.7975801
122509,0.74316823
87423,0.21119145
100263,0.74208635
79019,0.23987192
80197,0.19983833
103458,0.38454106
78691,0.20066217
106062,0.68314946
110792,0.27800393
27905,0.6778204
105034,0.30590895
89270,0.20091732
55774,0.7783945
18363,0.2004756
111322,0.39463356
109731,0.2252116
67643,0.35109553
50635,0.6987621
40011,0.79508096
55321,0.7929736
46219,0.809229
113422,0.75112104
57000,0.80066
86162,0.2033774
23800,0.5698866
46010,0.395923
4711,0.73844284
31450,0.7149551
75356,0.22411023
90462,0.20402949
112988,0.53454924
115845,0.551652
121875,0.6012659
41954,0.8029965
105990,0.80888706
34413,0.7986151
105969,0.80888706
44043,0.5072541
6250,0.57063794
26772,0.7883043
100493,0.44982538
28893,0.76378036
100052,0.26792523
86870,0.20637126
24500,0.20071383
51596,0.38504207
108675,0.67149377
20465,0.48532906
36353,0.8082987
33512,0.32540664
109530,0.22969116
114264,0.4126633
33605,0.38757476
71252,0.4103684
5326,0.5711967
81262,0.22354575
84102,0.20116654
22447,0.8043312
17695,0.6179216
26268,0.34831813
76166,0.20328236
17231,0.55003583
59103,0.75640637
107226,0.8093602
49242,0.4260978
3866,0.46461484
64865,0.7976342
102380,0.36027268
71926,0.29307446
121743,0.5862264
66615,0.28513134
5094,0.7635985
113125,0.62375945
71995,0.3805341
78107,0.19415936
109139,0.21731248
44667,0.80340356
89617,0.22711281
52983,0.7928239
109699,0.23486933
44282,0.74876475
93543,0.30852506
2867,0.24444154
41996,0.76135945
88996,0.19940248
9602,0.7616439
53449,0.7852096
10961,0.3074699
21641,0.53284436
38445,0.7921124
31805,0.8023811
89073,0.22457775
114613,0.72528714
7464,0.54326284
76196,0.20483205
45215,0.34903118
4092,0.7679637
63518,0.7753987
51108,0.29404676
44146,0.6929288
35568,0.808773
82331,0.2101567
99726,0.44320872
33142,0.77818394
116807,0.5188891
105428,0.6452573
8909,0.33502215
53463,0.7852096
22383,0.8043312
30147,0.21355927
2789,0.29630098
41083,0.28751868
119982,0.6552189
25021,0.6035874
104169,0.6567701
47943,0.8076063
115656,0.7270547
52453,0.48795006
69533,0.3274794
18413,0.55957353
14850,0.28256646
117496,0.52791595
22143,0.8016232
103096,0.4825625
75622,0.20606539
41418,0.80785656
49795,0.7751638
109036,0.23410286
91628,0.22132845
58816,0.76944894
97385,0.79530317
120566,0.6102759
23552,0.8097241
98330,0.5302987
71656,0.2979948
119972,0.40181774
30100,0.21384397
42564,0.80821896
39773,0.80822676
81067,0.2194494
74957,0.21337627
38643,0.8082987
86298,0.21705042
54383,0.7830419
104950,0.39106977
18576,0.77693963
63485,0.7753987
102456,0.7379547
64454,0.80919904
123292,0.6199991
121975,0.6394573
33213,0.41980428
2988,0.78051233
63102,0.79033977
54983,0.34445772
32105,0.72042894
72997,0.7951123
65271,0.43652806
112193,0.3277323
50622,0.6142229
70183,0.69898087
92774,0.6425595
108996,0.24912266
14720,0.80941623
118982,0.42798495
40462,0.8005098
106600,0.37680274
50709,0.7074793
116546,0.6140295
92882,0.8126727
111732,0.410908
12894,0.36654633
100874,0.6126084
88957,0.20806165
48263,0.281965
38842,0.8010264
25856,0.43601564
49570,0.7354832
6053,0.4889328
109015,0.23410286
47059,0.31229407
60109,0.78043467
46929,0.7590202
4873,0.79814386
119681,0.6896776
14261,0.2564298
91658,0.20953567
74207,0.4291042
64355,0.7758818
20974,0.7108884
99494,0.3130727
42473,0.80821896
31727,0.8021974
7375,0.3507179
61116,0.79203284
75047,0.2021557
18325,0.20130867
98991,0.4017581
119956,0.35792756
91627,0.2204167
91757,0.23796621
45771,0.77080655
123114,0.7615474
14154,0.8078827
41676,0.42824194
65020,0.77756476
123207,0.7864152
55798,0.78802425
105931,0.80888706
60487,0.7484783
89740,0.20217294
44386,0.8091743
93092,0.8126727
73904,0.37650153
38771,0.8090495
35496,0.8007448
16869,0.69104004
111796,0.3874837
34923,0.7975846
30058,0.23306021
117048,0.5443991
76311,0.20579082
3225,0.78494954
52553,0.46931446
59551,0.7987054
114136,0.3869919
111797,0.3874837
86611,0.22017786
113055,0.55504674
99186,0.5137026
53382,0.7822329
63172,0.78821516
4379,0.8019783
48991,0.7953699
76690,0.20257232
73305,0.39106834
90244,0.19926375
66944,0.32656705
102250,0.79915
32623,0.7886512
73622,0.37489843
40207,0.7971675
78899,0.22222933
42570,0.79055953
71048,0.4494221
66723,0.80667424
44425,0.8091743
23270,0.79667634
97714,0.6778976
51082,0.4327026
92189,0.43492246
31854,0.8023811
25043,0.8093588
10101,0.5608915
118365,0.6577019
16418,0.2688823
116039,0.6829032
121021,0.37860808
58787,0.74770343
102953,0.34359455
74187,0.33116645
26524,0.5225467
67351,0.4803909
17039,0.3639428
76790,0.22295886
58345,0.8031131
88101,0.20699622
17583,0.70349276
11166,0.3383729
13669,0.6818246
52328,0.38568488
103772,0.61835104
36370,0.8082987
16972,0.7615379
125142,0.7423111
113756,0.45060322
40356,0.79750144
19060,0.50825727
47756,0.3997143
33008,0.22361958
93218,0.5051846
109004,0.24912266
84487,0.20234638
116931,0.69601595
30230,0.7746149
4036,0.4249241
54189,0.34207964
57594,0.76587456
51185,0.72181356
104370,0.46065223
116013,0.6571281
13805,0.659302
62050,0.64867663
26340,0.62386125
95685,0.5022956
29939,0.21149233
58931,0.7914346
5561,0.80371577
24641,0.45248008
54984,0.69495857
76588,0.21342665
121156,0.6285495
1388,0.34010053
99399,0.7943882
114457,0.7256712
75699,0.19570191
46,0.6790187
88031,0.20966282
67122,0.35526556
118290,0.4051201
44966,0.8034293
58460,0.76785195
50043,0.34074602
34440,0.7986151
6520,0.25836945
70808,0.5360304
103388,0.37825665
5970,0.24285078
12126,0.2802565
86539,0.21005696
51231,0.32119626
31549,0.80165464
11592,0.6185682
88388,0.19407003
16463,0.6111491
93998,0.72389585
37319,0.8007448
102065,0.41081777
12421,0.3440425
49298,0.49523187
97429,0.784985
64793,0.5796677
65461,0.78520167
116961,0.7265176
2225,0.7249909
71909,0.52138364
22929,0.61441886
11967,0.26744416
29367,0.39744037
110549,0.27965277
98422,0.32669625
87118,0.20146543
31682,0.7966144
8128,0.5641957
5413,0.7311433
87797,0.2064761
5640,0.80371577
21175,0.20154764
114486,0.37767625
72287,0.49317113
31088,0.761605
37138,0.80104226
30635,0.8081197
11223,0.706752
38899,0.48155195
22954,0.8096462
46211,0.809229
28940,0.42196405
106357,0.81097645
52608,0.65494287
63410,0.7947931
120211,0.6534682
36332,0.7558824
18315,0.21239735
49496,0.33895442
113662,0.67341036
2991,0.78051233
23442,0.41710472
68010,0.41996157
75549,0.22406624
238,0.34041068
71871,0.3450316
47869,0.7222458
58166,0.69802225
32485,0.5518944
60386,0.7936831
107307,0.80815464
94800,0.2722864
29848,0.31395462
49430,0.6388681
14747,0.80941623
17006,0.6554782
98803,0.33738607
116196,0.68740296
26894,0.47161853
77931,0.20109661
44610,0.80340356
60046,0.4625088
95343,0.35550728
32647,0.7886512
73113,0.40869683
71006,0.603983
36857,0.7253803
96599,0.6646946
116023,0.73417056
44671,0.80340356
104402,0.62846637
120857,0.45712653
15338,0.39967608
49410,0.75107473
29760,0.76693225
40048,0.48885128
75071,0.21465968
15434,0.809004
40134,0.7950451
44291,0.79679835
102074,0.561661
87141,0.20760301
42031,0.7973143
72368,0.67337275
82450,0.2099858
19940,0.7921776
68831,0.20595014
60380,0.7936831
46654,0.80061066
31556,0.80165464
66584,0.27765134
94126,0.74126124
109702,0.23486933
6005,0.24898203
98322,0.5692392
51398,0.7109865
114444,0.7256712
4878,0.79814386
52743,0.606732
86081,0.23824461
36926,0.7335577
119532,0.6565756
94875,0.3371102
8620,0.75585276
93812,0.74005705
79016,0.20820075
42494,0.80821896
65054,0.7854519
108768,0.2963328
14504,0.80941623
46013,0.8042443
91324,0.20274015
70468,0.48150992
44299,0.79696363
90737,0.20093733
108937,0.30302045
11109,0.26451418
21889,0.78863424
31306,0.30249912
57370,0.67871684
107091,0.8093602
29778,0.7061715
4510,0.63359
115074,0.6829032
24580,0.20071383
29043,0.7741939
40552,0.62681544
3677,0.30733016
9922,0.30103794
14293,0.28945187
97730,0.3054161
111897,0.6215586
2496,0.37195784
3078,0.35042375
84098,0.21571505
62064,0.7922315
24745,0.80835134
35287,0.8075246
30685,0.8081197
104776,0.40835908
67792,0.38272038
109213,0.21373075
77977,0.1980037
120513,0.70165807
124351,0.73263276
83103,0.20011267
53026,0.7928239
2700,0.23869441
41232,0.7318393
89886,0.20649506
101659,0.80445945
75255,0.20067476
111729,0.7084043
26934,0.77549654
39175,0.7978946
15760,0.26406425
38094,0.8088441
15512,0.7510189
55949,0.7984359
96759,0.55370146
20910,0.7466582
58533,0.7613611
91164,0.20264092
106453,0.5694204
17896,0.7994667
62799,0.53984475
52186,0.67024165
92330,0.37403104
109354,0.20519689
87773,0.2106527
74942,0.7108819
94670,0.2722864
63162,0.78821516
94461,0.28963464
105124,0.6227757
13487,0.4203854
111360,0.5678586
76312,0.21069612
92209,0.4553324
121231,0.55108076
13991,0.79648846
7188,0.51702297
104719,0.37488446
73319,0.29826912
103752,0.44025555
66742,0.43911862
67532,0.6094129
75360,0.20140296
28804,0.79635173
2237,0.7249909
23083,0.6199645
82784,0.23180865
4516,0.7941082
23443,0.51933146
67499,0.4803909
55498,0.7984359
82555,0.19792199
35931,0.8090495
71804,0.41508192
2119,0.37823084
105884,0.6979583
41309,0.72912896
56430,0.76278096
92511,0.38612857
108512,0.6437519
58806,0.63825476
105927,0.80888706
91776,0.2440829
33152,0.48204446
97776,0.6732507
70749,0.36770153
105229,0.4224533
119013,0.53248435
10959,0.6061346
19717,0.41800192
122897,0.45397863
60570,0.74460745
76743,0.21813057
325,0.2978004
12335,0.4315798
22729,0.4428111
74992,0.20766106
104335,0.5959371
48796,0.8095503
11930,0.28600854
84550,0.21600479
108042,0.43642333
54488,0.40231565
113704,0.60488325
39145,0.79608226
117458,0.63503927
112713,0.7016475
112094,0.5195638
33916,0.7999353
38621,0.8082987
62084,0.7922315
62286,0.7841183
39467,0.5203223
71650,0.2879252
79843,0.22646785
84676,0.19836894
60302,0.76531553
94518,0.5175488
117850,0.37972286
110975,0.45819208
74728,0.43810928
36991,0.79122895
15669,0.25424656
102013,0.55642873
46072,0.27086356
31026,0.80841833
25775,0.42290372
83511,0.19816239
17165,0.36191425
19831,0.46599483
111618,0.45275488
23293,0.79667634
74309,0.4185375
31589,0.8016057
75383,0.2190357
20805,0.7592839
56338,0.7920922
25446,0.7994737
46938,0.80718696
27387,0.3548115
60332,0.6292155
90866,0.19904405
73932,0.3731147
90969,0.21441206
65735,0.688146
31402,0.715243
99197,0.30205327
62696,0.70052934
78182,0.2101736
80549,0.20555252
23286,0.79667634
16519,0.49005392
16063,0.3096513
43989,0.79777825
55187,0.6753342
40103,0.33586374
51614,0.52521026
89619,0.20880224
93024,0.74824744
94517,0.5175488
76071,0.20107786
124608,0.7769989
16699,0.36227468
98597,0.4866638
63111,0.6748649
27363,0.59454685
108987,0.23615699
69028,0.6485082
119259,0.6034896
20542,0.6128771
6900,0.32854354
93263,0.3397176
114144,0.3869919
79784,0.21486905
36224,0.44933143
37143,0.80104226
73925,0.50436735
69956,0.62701905
84893,0.20247667
2582,0.415184
46697,0.80061066
30944,0.80841833
10589,0.2755189
19895,0.20075087
118581,0.28900257
88615,0.21055026
12103,0.626559
95568,0.55678946
45235,0.43300512
23848,0.21145965
21299,0.23717918
52259,0.711099
92294,0.3102953
124448,0.7757004
64344,0.73879033
14867,0.8005784
113356,0.21512926
99612,0.7294882
117085,0.33489522
103943,0.6748976
31761,0.8023811
73985,0.3666942
124768,0.3290048
63012,0.77861786
81874,0.21862993
4973,0.8041499
54519,0.5201765
90916,0.20240736
75318,0.21024857
50200,0.4586734
28520,0.5365891
65464,0.47671202
20164,0.6789761
18089,0.7957616
63833,0.52761537
80061,0.20616338
36543,0.80895203
53243,0.7723164
103213,0.37532464
67374,0.5067558
108466,0.36779296
91712,0.19681378
1479,0.7220523
96995,0.58810943
35497,0.8007448
12406,0.5954776
74941,0.7108819
68192,0.6115812
114708,0.718744
123387,0.751112
20780,0.673817
122815,0.49386737
123893,0.72998977
71124,0.69875634
73479,0.49513665
38934,0.79744464
110794,0.24762991
119965,0.6599651
82825,0.2186487
2227,0.7249909
20485,0.6714396
18408,0.33004323
14431,0.80941623
121319,0.6634788
112961,0.5471508
37749,0.8088441
102892,0.65640193
46974,0.8083836
13854,0.4300729
53181,0.58540934
116458,0.6010409
42410,0.79443663
99577,0.7294882
45575,0.5004576
101488,0.6782977
48430,0.8092743
122167,0.7607873
94675,0.2722864
54876,0.7874137
122880,0.39292473
28332,0.29103315
64203,0.5853906
103440,0.61688155
66619,0.28513134
65808,0.5838868
119217,0.6046485
85117,0.21649072
1868,0.77547044
94241,0.8091231
7206,0.36882192
81099,0.20039275
41920,0.8029965
101602,0.47779664
76468,0.20752124
71301,0.78649634
25129,0.8093588
86827,0.2064761
119000,0.5909839
65802,0.5544591
7490,0.32607934
48945,0.44209436
118930,0.50503165
2422,0.5357118
112537,0.53110516
103714,0.5454855
109509,0.29277444
51022,0.6707479
30365,0.809041
27806,0.30917174
12485,0.35142425
27460,0.33699286
20000,0.80088234
26700,0.3682251
105029,0.3303773
118055,0.60837865
24134,0.20071383
80466,0.2154996
59434,0.7956951
72464,0.38839218
20130,0.20071383
90984,0.231311
36434,0.80895203
117846,0.49440002
33433,0.36401176
102513,0.3224167
106848,0.8092244
54386,0.7830419
96,0.8044831
5717,0.2590064
95752,0.4454544
75105,0.21036823
7131,0.34288108
58826,0.7041304
25131,0.7506773
67207,0.3245944
117913,0.3785268
96424,0.50870395
18666,0.62350714
43881,0.80157053
50069,0.33150277
63426,0.7945282
86134,0.21875763
119101,0.6141743
1069,0.36528283
76277,0.2016751
9578,0.6214671
56490,0.7678325
58850,0.4621467
14757,0.80941623
103387,0.37825665
46936,0.7590202
80630,0.22321807
60287,0.78768957
122254,0.44924074
93979,0.30834007
31110,0.76693225
49604,0.7354832
33442,0.41252822
78359,0.23361339
66493,0.31646717
57837,0.7401102
102869,0.3554538
24530,0.20154764
72665,0.45481896
41466,0.80785656
33036,0.77679664
102415,0.44158438
103696,0.3649904
59122,0.52791005
85688,0.20929724
91833,0.21049573
20622,0.8005739
79152,0.20696741
58066,0.7589909
79257,0.22643742
124262,0.7579664
61611,0.36654928
20718,0.31749603
22177,0.8016232
110507,0.26264063
39980,0.79508096
115694,0.38445872
88046,0.24876708
48003,0.3767504
32593,0.7886512
70106,0.3849593
20589,0.4957502
71463,0.5673856
124381,0.4521992
82791,0.19861539
36848,0.8023691
73981,0.3666942
55353,0.77862585
92949,0.8126727
66059,0.4548384
18441,0.5307704
108032,0.38370275
55925,0.5956293
9545,0.52666867
103883,0.5957515
50401,0.36682338
102421,0.44158438
111679,0.42434096
28807,0.59656835
64400,0.7930239
56690,0.7978308
18302,0.32105833
94318,0.5465202
80553,0.20555252
121775,0.76291096
95728,0.60135716
7249,0.5188438
122870,0.7402261
77039,0.20162302
3089,0.33635786
44357,0.8091743
35676,0.80895203
68603,0.41736054
38997,0.79608226
122053,0.4607001
68112,0.6114241
8393,0.40897885
53131,0.7966562
36737,0.7969342
5755,0.43799782
98123,0.5963648
13358,0.3794409
103155,0.41945872
43280,0.5298361
64999,0.77756476
118779,0.6761927
102374,0.3701399
19259,0.7336318
33956,0.7999786
12299,0.3383729
109160,0.24314402
11528,0.27287087
82885,0.21849662
4600,0.7874184
88199,0.21499908
58508,0.76785195
35057,0.8005567
72058,0.34168777
114082,0.36098793
28908,0.76378036
80059,0.20616338
49609,0.7354832
35972,0.8090495
104094,0.5537613
13644,0.4446528
70486,0.37236455
12268,0.4195184
52915,0.3066033
124830,0.7866228
110418,0.28392172
21441,0.8011279
40965,0.80793554
82770,0.22534133
76792,0.20408006
14578,0.80941623
66580,0.27765134
27707,0.4401917
28450,0.2631082
121922,0.637532
39770,0.80822676
33503,0.7459609
48620,0.80945295
22793,0.6808601
92387,0.37282017
36967,0.79122895
360,0.71389693
67943,0.42316645
560,0.7909222
71638,0.6018268
106752,0.5559212
19078,0.6662114
63642,0.79654837
38501,0.34171164
8063,0.30264264
109745,0.2139606
110388,0.2689646
4791,0.7826761
57775,0.46325466
118654,0.6716128
73350,0.2972987
11545,0.26006743
59363,0.76938885
101933,0.648573
74996,0.20930064
11105,0.26238984
95363,0.32566246
93051,0.7468437
85191,0.20272054
104411,0.38800487
105394,0.7322501
57290,0.7994125
7335,0.6293585
69211,0.56589675
102381,0.36027268
119938,0.55979276
73174,0.5789673
53914,0.42245355
70989,0.28482646
13511,0.7540797
10271,0.42049634
891,0.8081262
91676,0.20326221
89013,0.21122338
8798,0.29858634
108286,0.5199425
16940,0.56992084
46817,0.55910915
61762,0.77757543
79501,0.19799112
121161,0.47380581
18213,0.76352614
65917,0.61115193
46868,0.80718696
55215,0.5587703
86846,0.20234919
121418,0.62764394
26858,0.7883043
71764,0.26212925
56050,0.78675014
60458,0.7185242
87942,0.23163386
39540,0.42498428
98820,0.2960221
123383,0.751112
50855,0.5054466
117507,0.6055783
62342,0.79593754
115012,0.697113
38297,0.80112976
12637,0.5724969
83586,0.21576066
106203,0.81097645
41052,0.7911968
99692,0.44320872
7835,0.32890153
53578,0.7094968
67185,0.27290148
34165,0.80037135
68406,0.46248758
99065,0.6786845
13230,0.42834887
95528,0.37905163
27202,0.31196964
113115,0.39768073
46212,0.809229
81834,0.20218292
82700,0.20550631
79379,0.2181785
49757,0.7634369
48156,0.79541266
94175,0.8091231
86947,0.20826079
41392,0.79086274
84384,0.19880842
69332,0.57956195
71243,0.33917353
42130,0.80231726
59599,0.7987054
9632,0.7616439
20880,0.33615145
28149,0.69858193
3393,0.31960085
51620,0.52521026
105979,0.80888706
9741,0.5912877
113776,0.37310898
122227,0.32450828
89204,0.23124605
100586,0.30239818
94806,0.2722864
800,0.8081262
41691,0.8017142
30349,0.809041
67282,0.67773235
3157,0.398644
51764,0.38829246
101079,0.7007743
57205,0.77089417
15606,0.7510189
11700,0.66912645
40374,0.79750144
16485,0.5338129
115966,0.44131857
89201,0.21536717
24529,0.20154764
72846,0.33462855
79793,0.21589956
102861,0.3554538
91465,0.20809753
11591,0.4716637
93014,0.8126727
36457,0.80895203
33085,0.8015809
113789,0.55355847
106641,0.51965225
72985,0.7951123
13072,0.808339
106868,0.8092244
57561,0.74835086
81815,0.20362923
118890,0.7243865
37401,0.8020883
123584,0.7338326
84534,0.22305956
55307,0.7929736
108280,0.5823959
119009,0.55538905
41867,0.44623283
45732,0.51900184
31512,0.8015809
66908,0.44949415
26676,0.7796605
51509,0.6075772
76222,0.22914056
56432,0.76278096
106903,0.78470165
62885,0.74964553
185,0.8044831
40567,0.79639655
97903,0.2578586
101880,0.6132932
66738,0.43911862
56958,0.80066
11939,0.5865002
79146,0.2181785
121244,0.6819698
75396,0.20116717
83041,0.20654523
30731,0.8081197
16029,0.27711535
98581,0.3756762
43610,0.78964967
27750,0.70122445
89574,0.20421949
116589,0.5625413
117616,0.67146665
31010,0.80841833
68943,0.24483302
124213,0.7778656
122157,0.48829943
17899,0.70166504
79739,0.19947034
120595,0.782627
105110,0.33661315
84732,0.20183973
124604,0.7769989
7639,0.63019466
19057,0.50825727
45690,0.80129594
114530,0.6818443
58681,0.7643595
26050,0.5860128
11329,0.6640934
88966,0.20517023
49224,0.7510495
56825,0.71251506
75401,0.20861912
62534,0.8048985
76125,0.19572598
3899,0.37840027
42930,0.80101717
119535,0.43497965
45143,0.28465375
8442,0.5767514
60936,0.7739588
27971,0.6778204
102402,0.42271233
119975,0.6416169
116806,0.62198365
4329,0.8040453
59074,0.7914346
12691,0.28802794
64833,0.47325832
107322,0.8077964
61713,0.67127967
44260,0.79679835
104959,0.34865844
117146,0.6055783
40711,0.7974256
66668,0.42268848
54019,0.5035581
69972,0.44414738
66729,0.80667424
105833,0.2925332
82934,0.2071898
18764,0.80584764
114365,0.6239241
81027,0.20967968
122443,0.54704666
5121,0.80916846
19286,0.6294256
70725,0.42094994
3631,0.34470072
7391,0.30811393
111066,0.34254757
45419,0.80080616
56741,0.80260444
94656,0.2722864
64970,0.35755262
58979,0.77882355
74154,0.29277334
112223,0.6689719
70068,0.3192685
84369,0.19880842
86497,0.19697398
77442,0.23503561
42673,0.8002086
20134,0.20071383
108922,0.24901709
117438,0.38308808
84316,0.20502692
6260,0.5317155
62241,0.79593754
28542,0.42452964
73316,0.38672242
57460,0.7369569
48140,0.79541266
84834,0.2153294
114450,0.47697917
10180,0.47839558
55440,0.79278755
23480,0.3864206
96346,0.47187603
62928,0.47785223
62807,0.37178203
52284,0.40378284
93287,0.38744518
34358,0.27021217
71167,0.6270831
51984,0.3212965
9658,0.7031471
74302,0.36548677
88671,0.201979
97305,0.79937947
109978,0.28213358
87721,0.22576071
52163,0.37734306
26723,0.682841
107725,0.43618658
5933,0.24139234
77327,0.1962753
11890,0.26451418
61830,0.63811076
116782,0.64594156
10641,0.38320377
93808,0.74005705
25710,0.6688391
18771,0.80584764
8666,0.32762522
28052,0.30595708
70900,0.4884359
78621,0.20214772
10353,0.4669493
32137,0.7994277
5483,0.52089286
105476,0.4252965
105155,0.66737103
19829,0.39527014
4427,0.7217807
54118,0.77275586
61120,0.79203284
62876,0.39324206
102052,0.44344667
93870,0.3625205
106770,0.8092244
17939,0.7994667
8032,0.30429858
12771,0.5054726
84344,0.20502692
32501,0.68855274
31629,0.8017898
113869,0.6422655
33905,0.7999353
77223,0.21058555
92828,0.5309314
89687,0.19765124
122638,0.39687368
9413,0.36986384
41032,0.80821896
105395,0.31183165
14403,0.80941623
123247,0.7864152
74030,0.290419
89812,0.19915576
102635,0.53941196
14048,0.78768677
2981,0.7661638
37426,0.8020883
4726,0.794338
23681,0.80976826
30798,0.8081197
8360,0.5978539
93814,0.5529768
45467,0.80080616
20027,0.80088234
59195,0.79346615
50992,0.34430963
47428,0.6088146
89571,0.20421949
86223,0.2092688
111113,0.50635386
45688,0.80129594
42652,0.8002086
114340,0.34337777
19018,0.5408751
103357,0.30752012
30066,0.23306021
86740,0.23438235
46306,0.809229
11477,0.47813135
99994,0.4025974
13963,0.24953407
123895,0.72998977
53240,0.7723164
62664,0.77412176
27949,0.6778204
92139,0.38783586
37903,0.8088405
45882,0.8042443
41693,0.8017142
76183,0.20650804
26637,0.7922945
58710,0.76446116
82297,0.20127374
69251,0.7386304
95469,0.5444496
92143,0.5892674
78295,0.21736024
39821,0.80712885
113581,0.40596044
40680,0.7974256
102986,0.38454488
46867,0.80718696
20062,0.21093589
30701,0.8081197
110977,0.52641845
28044,0.31469047
77104,0.2007601
123045,0.6891181
79126,0.21121034
50843,0.5195506
55200,0.57068384
62037,0.7922315
24631,0.6035874
99960,0.43194625
61488,0.7272892
96739,0.8086842
61173,0.7937088
6412,0.65879947
61370,0.5745252
55540,0.70745325
48228,0.8023793
53668,0.35925078
95558,0.5506299
28009,0.4478046
122329,0.7132312
36785,0.7969342
69409,0.4880484
74316,0.46121576
5634,0.80371577
120589,0.782627
16158,0.32107997
59534,0.7987054
13089,0.808339
45214,0.34903118
82079,0.21189278
43251,0.79269826
17271,0.36954266
85745,0.19656846
30604,0.7894059
105592,0.4322589
122786,0.46016735
58480,0.76278454
67551,0.36550814
89396,0.22192799
120091,0.39976934
26357,0.68428975
50046,0.34074602
109470,0.23890145
123735,0.7833666
75718,0.19570191
784,0.38467
105170,0.44005868
99671,0.40673336
116593,0.5625413
87801,0.2064761
63032,0.5073693
70908,0.78859717
68188,0.6115812
111935,0.3329672
94689,0.2722864
25604,0.2705994
47148,0.39306805
21839,0.78863424
99452,0.39777622
23953,0.45848316
80543,0.20555252
99382,0.5976484
71520,0.531156
36501,0.8088441
19164,0.8007238
25536,0.76504135
15245,0.2869039
67492,0.4749829
48965,0.7594701
90181,0.19926375
91160,0.20786668
4020,0.41688597
6100,0.26738262
47718,0.8056793
2054,0.7374721
18444,0.60246176
41832,0.7028616
87895,0.20391369
113721,0.3334197
22564,0.20071383
7723,0.25630045
4899,0.79814386
81662,0.20349039
18313,0.21239735
105981,0.80888706
28786,0.79635173
124297,0.7733903
33291,0.6396936
61558,0.7510643
1351,0.79771465
74199,0.50195205
110610,0.2407181
33449,0.3627436
80379,0.2209557
94204,0.8091231
92052,0.2507885
51971,0.34211257
38299,0.80112976
124905,0.7866228
98402,0.3026673
60485,0.7484783
63991,0.47537887
29825,0.69483733
30932,0.35182002
3976,0.6163408
5882,0.2886211
56099,0.78675014
36473,0.31076154
111055,0.34237346
37662,0.80793554
77529,0.2013529
17276,0.36954266
50958,0.70765173
79849,0.22646785
22367,0.67348033
75080,0.20174018
93573,0.3813723
50732,0.51619416
106297,0.81097645
61532,0.7746467
68158,0.51290387
92957,0.8126727
12920,0.37268323
9618,0.7616439
123678,0.7285028
73919,0.45164332
9206,0.52772415
18800,0.80584764
30945,0.80841833
54467,0.5342776
88037,0.23173311
75835,0.20510566
53062,0.7966562
28347,0.2923007
117151,0.34783274
23267,0.7891411
77623,0.19816259
88210,0.23201348
76033,0.21344525
118565,0.28900257
63795,0.3971842
59940,0.78783566
119592,0.5509796
33732,0.29543915
101890,0.69693196
12503,0.40863883
109551,0.21332164
41228,0.80259776
71235,0.34167695
123414,0.75659925
66486,0.6957307
120357,0.47904435
23577,0.8097241
69887,0.3733511
95978,0.29286277
86490,0.19697398
59446,0.7956951
29590,0.7773035
6548,0.34405962
45200,0.25168905
10158,0.2740144
104340,0.4221951
107611,0.51965225
110342,0.31220058
1781,0.6190715
26621,0.5303226
17777,0.77299154
26892,0.47161853
37813,0.80785656
9444,0.56058604
72051,0.31306463
46413,0.80096644
92595,0.25560206
6107,0.26738262
59643,0.7987054
55644,0.32636735
27280,0.34539014
43681,0.7988958
22307,0.79362744
42501,0.80821896
11236,0.6993678
113288,0.21046467
111702,0.41076306
49067,0.8022802
83983,0.20036025
102710,0.3465293
52692,0.3286825
100796,0.3110968
19105,0.32033435
86617,0.23780167
101152,0.3262449
24813,0.4447845
81082,0.20516096
20921,0.34662032
70886,0.58699334
86159,0.2033774
114088,0.67824066
88873,0.202908
34832,0.7976452
95827,0.26242602
50454,0.6830612
100597,0.44982538
68128,0.43127334
118112,0.71501005
42726,0.79552895
69065,0.6477925
100151,0.3659716
94798,0.2722864
114872,0.6889221
3121,0.32360876
122354,0.5541632
54226,0.5532166
100464,0.2935558
38866,0.8010264
34445,0.7986151
65281,0.5990348
62381,0.79593754
81060,0.2194494
43691,0.7130412
97607,0.59893364
124113,0.6984727
48727,0.8095503
5120,0.80916846
88993,0.20295277
41226,0.80259776
27658,0.28888062
109749,0.2139606
42078,0.34287843
84607,0.20986125
75806,0.20510566
11221,0.706752
51646,0.32754025
2121,0.37823084
118564,0.28900257
117694,0.41873446
102934,0.5339925
47107,0.4167204
34553,0.70136446
79197,0.20113286
6730,0.55009705
27778,0.30117765
120226,0.64046293
95582,0.70239514
32436,0.80135787
45078,0.8064426
6355,0.57502645
5161,0.80916846
66217,0.39152646
31239,0.69410944
25421,0.7994737
97940,0.66419625
18747,0.7882662
115674,0.7253957
112505,0.3250491
64577,0.36781383
31041,0.5286509
22066,0.7943738
66005,0.3887864
16097,0.5516399
26328,0.6857377
110809,0.2429854
21918,0.6698818
105944,0.80888706
99833,0.29428276
5555,0.29870066
74344,0.5458876
35634,0.80895203
110940,0.33156794
113778,0.6898034
59348,0.76938885
80486,0.21752651
22445,0.8043312
29660,0.72075665
68988,0.24258207
67228,0.6311516
120501,0.70165807
95923,0.31772566
81186,0.20381528
38617,0.8082987
12254,0.6811953
11994,0.24329911
48080,0.28232318
40587,0.52574104
14039,0.33137792
17468,0.7994779
71080,0.4216459
28691,0.7243606
109771,0.21373075
31857,0.8023811
5848,0.362324
18657,0.77050257
122583,0.75810796
79212,0.20113286
2805,0.3510131
82485,0.20126744
3573,0.3432503
93610,0.65537465
16110,0.5516399
7665,0.4802352
39014,0.79608226
84318,0.20027037
72436,0.686026
81694,0.21797425
116204,0.72511554
87194,0.2106527
124489,0.763824
64974,0.40780586
14717,0.80941623
101310,0.55335915
68463,0.5179721
118349,0.32171944
43630,0.78964967
102050,0.6930975
113459,0.45801815
113848,0.5800119
70573,0.57492733
246,0.34041068
27847,0.36307606
17784,0.21724279
62158,0.79127413
52119,0.2611212
59431,0.7956951
114468,0.66687274
8153,0.6151507
35347,0.62367153
42830,0.28758577
107442,0.42519665
114707,0.718744
15851,0.2976902
41077,0.4476593
43871,0.80157053
62836,0.6559698
98221,0.29479963
97790,0.6320999
108649,0.50510854
118532,0.31075132
97823,0.5044043
39554,0.7981991
66546,0.5630886
48012,0.3708555
91953,0.336576
46931,0.80718696
56630,0.664883
29686,0.76253736
83824,0.21189427
70168,0.37834787
105538,0.59934205
29384,0.5592306
48157,0.57310164
68169,0.5627476
30430,0.809041
122691,0.689048
57609,0.75985736
107679,0.589267
40516,0.8005098
89878,0.21234605
98986,0.41320303
34890,0.34011716
25121,0.7506773
117555,0.61753476
98562,0.41320303
60268,0.78768957
8060,0.49797168
105626,0.45922768
87162,0.21148136
28365,0.6107733
70125,0.5640086
103021,0.28760344
11920,0.6097522
58983,0.77882355
51388,0.44829446
9094,0.33233243
41510,0.80785656
17056,0.33149007
25319,0.48672906
101172,0.45820004
87545,0.1977262
52551,0.46931446
15369,0.32445487
69601,0.79571474
18731,0.5888143
56331,0.7920922
119795,0.58782315
108111,0.30142477
25187,0.8093588
14636,0.80941623
43214,0.78750926
49676,0.69410795
55334,0.77862585
60100,0.7628141
91204,0.20953567
14493,0.80941623
13399,0.44972795
83868,0.20244513
67886,0.29809082
123251,0.7864152
9869,0.6617752
31771,0.8023811
92084,0.39435598
30179,0.4768152
77965,0.1980037
94494,0.409143
54552,0.41150248
29157,0.78086734
121666,0.76344424
2355,0.59883964
25259,0.6768949
8283,0.6866946
21298,0.23717918
20165,0.6789761
105365,0.8074962
47514,0.71732193
28186,0.33582002
104581,0.49972358
13818,0.55825835
62426,0.794977
89052,0.20051925
1145,0.8041842
10710,0.44045323
32631,0.7886512
10015,0.3876957
18045,0.7767755
40206,0.7971675
84018,0.20355913
111058,0.43463242
63824,0.794977
60580,0.74460745
118202,0.3164384
35354,0.5220365
104285,0.6470826
70875,0.47175258
113593,0.34705356
27928,0.31827724
24931,0.4511837
66353,0.44156918
47537,0.8069103
112373,0.50183403
124127,0.7442338
121140,0.5261738
48103,0.79541266
1694,0.71992713
113120,0.5602832
104053,0.62708324
98751,0.2566647
49153,0.3429256
19317,0.43100327
13296,0.71085435
61118,0.79203284
2495,0.43913317
114775,0.62149197
85547,0.20931736
11231,0.6993678
81058,0.2194494
74638,0.3607361
37259,0.80104226
58526,0.7613611
7370,0.5742147
30902,0.7644325
80485,0.21752651
106020,0.36978504
60547,0.7770301
6462,0.47107738
30347,0.809041
56645,0.78898716
119608,0.67962253
92695,0.36622036
17504,0.4439975
72914,0.49698606
55105,0.75057685
16538,0.575384
86360,0.19656846
100396,0.30918926
62655,0.54348886
28695,0.596828
15772,0.49521586
63785,0.7313545
54571,0.5409164
117547,0.7487566
59814,0.7854728
45085,0.8064426
117001,0.33614498
112524,0.3109559
89222,0.21090466
18847,0.63249797
53219,0.7723164
100764,0.55673003
109750,0.20940076
24213,0.72450227
24634,0.7969233
103420,0.39639345
81817,0.20210388
110553,0.34627643
72150,0.42886236
76136,0.19572598
112669,0.43993157
41238,0.80259776
37222,0.80104226
104206,0.38800487
1929,0.6491572
80438,0.2030609
15356,0.6281197
100352,0.33027163
38879,0.8010264
57733,0.75448227
103069,0.38272166
110905,0.29209515
1020,0.80024505
26246,0.49810618
70376,0.5642985
93082,0.8126727
11140,0.48459998
122986,0.6043387
43726,0.71977544
25260,0.50682306
84425,0.20682335
13304,0.71085435
10757,0.327151
8434,0.3117753
34222,0.79918724
2539,0.25871718
998,0.80024505
74627,0.808755
30420,0.7594116
121016,0.5706515
94955,0.4947197
18468,0.6879443
81447,0.2123183
109464,0.22585481
71409,0.31364253
99639,0.5825007
26680,0.7922945
26872,0.7883043
109136,0.21731248
17406,0.41070217
72552,0.41404602
67843,0.3576852
45517,0.33396077
40069,0.80259776
108143,0.8087252
91557,0.20545086
25212,0.6108878
37049,0.8010573
49304,0.49523187
64033,0.6600775
111112,0.50635386
23826,0.7205268
93689,0.73947823
57347,0.7691021
60635,0.7475298
22269,0.79362744
49194,0.7579991
2542,0.25871718
73415,0.62606984
77619,0.19816259
113619,0.3768017
27056,0.6028754
118120,0.5223799
77242,0.20736916
49352,0.38467
52179,0.32675856
2944,0.725405
81087,0.205249
59433,0.7956951
37901,0.8088405
116765,0.70977193
122823,0.7641482
70045,0.7226558
111855,0.4409194
84891,0.20247667
57952,0.7898255
14429,0.80941623
80970,0.21921849
90603,0.22128896
87917,0.20166975
12781,0.5084201
109074,0.27898774
110775,0.2742565
10648,0.46608183
57726,0.75448227
45522,0.43160632
56457,0.61244214
102875,0.4653843
70204,0.4413879
111431,0.3250491
93594,0.38084435
102231,0.35227072
55924,0.3909162
85496,0.21807456
106851,0.8092244
71115,0.44208923
82875,0.20235859
79943,0.20124036
48224,0.8023793
111874,0.34906322
25082,0.8093588
25410,0.7994737
75550,0.20330419
75713,0.20036337
11679,0.6906318
111865,0.5981965
107857,0.55009973
99137,0.4702974
23592,0.76268655
58575,0.7923286
34892,0.7954516
39793,0.80712885
34217,0.79918724
46110,0.6444113
46820,0.3447494
6377,0.7496619
46258,0.809229
78430,0.20647287
57024,0.80066
53572,0.38435146
10862,0.70746416
5613,0.80371577
65870,0.7819981
55263,0.7672552
68354,0.6035701
49485,0.4066327
17265,0.4142593
62421,0.794977
119783,0.6900784
7185,0.28549242
56231,0.71997035
110595,0.2730213
24995,0.5702582
90314,0.20939144
36449,0.80895203
31894,0.8023811
36782,0.7969342
82538,0.20310645
22477,0.8043312
88104,0.20699622
36267,0.33545053
38651,0.8082987
26625,0.66113734
12591,0.4210146
87597,0.1977262
69143,0.4544399
55737,0.7783945
49042,0.7939288
21344,0.7943738
102632,0.7243726
24884,0.21114601
39921,0.80297065
62505,0.8048985
77868,0.19716427
121216,0.64296246
82737,0.20190091
46580,0.80061066
117997,0.32998794
37427,0.39184707
114473,0.66687274
30017,0.34241876
21012,0.8011279
108661,0.39748955
97321,0.79937947
25211,0.7341636
117991,0.32998794
55348,0.77862585
82120,0.20445147
531,0.70874083
26112,0.51250833
40268,0.48756668
45170,0.6531064
28599,0.57919526
98435,0.46157232
38892,0.8010264
4965,0.7590724
66765,0.35797065
8003,0.44303542
111684,0.42434096
77154,0.20098875
24263,0.8010305
97787,0.6732507
77257,0.20555964
107859,0.4705972
75389,0.20838445
34092,0.28440613
125050,0.2789283
27865,0.27761778
121655,0.7377916
109688,0.23486933
4290,0.8040453
11580,0.6875528
89526,0.20980288
57704,0.7419954
112209,0.41279423
1983,0.39529997
21030,0.444939
14796,0.80941623
79356,0.21952306
69331,0.57956195
88416,0.20066488
107058,0.8093602
73896,0.4060191
66763,0.35797065
31867,0.8023811
122550,0.4397313
72156,0.4413286
33285,0.40582818
60917,0.5077502
1290,0.34086984
109897,0.27677268
116185,0.72511554
74237,0.60445654
90241,0.19926375
88784,0.23188499
85549,0.21220273
109634,0.21883611
63228,0.76388085
36766,0.7969342
67449,0.6510852
4520,0.7941082
102701,0.68250734
69151,0.6777976
97736,0.3054161
82036,0.21235447
7235,0.6441505
19243,0.7336318
3993,0.7562653
73356,0.29866946
121990,0.749838
12257,0.51104
56212,0.49827713
44785,0.39251104
58786,0.6318587
66895,0.5365293
70528,0.6168743
15322,0.5760418
76681,0.20257232
103159,0.41945872
21164,0.21145965
10362,0.36900133
14669,0.80941623
32500,0.6218581
105507,0.40244815
93550,0.3813723
90096,0.19865619
14485,0.80941623
81703,0.21453726
32540,0.79828423
116804,0.62198365
3813,0.5017645
124651,0.7769989
75069,0.20174018
45745,0.30982968
2641,0.36905044
67869,0.32526618
11047,0.24892816
8805,0.29858634
87859,0.19941445
9546,0.52666867
46694,0.80061066
76829,0.19821529
41827,0.79499626
98021,0.7921526
101041,0.3988459
65009,0.77362347
96875,0.5011966
26579,0.73209584
64634,0.70743257
86569,0.20146543
86357,0.19639269
93634,0.7350859
12222,0.6811953
47087,0.80858403
98139,0.57263756
77023,0.1998789
50704,0.7074793
49756,0.7634369
48733,0.77531606
13116,0.6829514
19878,0.20075087
107391,0.38843396
92814,0.45424527
117343,0.6579939
100252,0.3659716
87069,0.21067724
60699,0.7815754
940,0.7080446
71715,0.46911913
53000,0.7928239
82426,0.19967586
84308,0.20502692
62189,0.79127413
60008,0.2934761
63790,0.37578002
111773,0.42483482
37948,0.8088441
122857,0.593123
26983,0.77549654
114721,0.32594725
20668,0.48189175
21900,0.78863424
61896,0.6403155
38663,0.8082987
102039,0.35179812
108554,0.55545413
57637,0.76785195
32863,0.7898537
81895,0.2198089
64992,0.77756476
32946,0.22365966
18039,0.7767755
76015,0.24942376
67095,0.54901147
40386,0.39912996
47777,0.79488033
46589,0.80061066
108008,0.5704561
104462,0.3809279
26011,0.5421281
9666,0.68454033
118832,0.6611907
7308,0.65287375
19264,0.7336318
120246,0.7496342
89110,0.22133736
15274,0.25436667
2909,0.3026714
38487,0.37687588
66841,0.39134133
10696,0.3828392
78536,0.23521642
97857,0.24096784
81392,0.2144915
112652,0.40399575
54915,0.63300186
116409,0.2584294
84362,0.22433123
11734,0.45079654
55904,0.37834862
84972,0.20186119
50850,0.5054466
110202,0.25081387
57771,0.44021374
50806,0.39312875
20539,0.515369
67989,0.4477872
28870,0.76378036
64743,0.76888454
38908,0.79744464
122024,0.75292736
58769,0.76446116
92398,0.33492783
10980,0.37987575
1724,0.40695915
28438,0.2909377
73663,0.43262136
67992,0.3822519
1513,0.7220523
43290,0.8037478
100114,0.55556667
64813,0.66016775
113423,0.75112104
84767,0.20074111
1603,0.6491091
48989,0.7953699
113733,0.3542731
123487,0.7672387
19284,0.6294256
27857,0.26607528
71785,0.4380411
103189,0.5921853
61816,0.7948689
51058,0.39824057
87265,0.20234919
69427,0.7091518
100849,0.43192202
98396,0.26798633
68499,0.60482985
100692,0.33211932
75865,0.25846595
90738,0.20093733
119269,0.63430285
118305,0.35279936
471,0.25262165
5975,0.24285078
56900,0.80066
57405,0.76780033
67484,0.4803115
84134,0.20078397
3068,0.64621425
34061,0.26794726
111539,0.3947413
20499,0.59636813
101238,0.25743377
80987,0.22397645
49165,0.7136791
97516,0.79530317
78118,0.19415936
8205,0.73211986
90803,0.20093733
17829,0.79501486
65685,0.682711
68924,0.46002755
4211,0.78367347
10293,0.4361571
74557,0.808755
90696,0.20289546
88622,0.21511427
107841,0.4527669
80910,0.20783442
120480,0.34758288
105829,0.2902164
46969,0.8083836
78582,0.19704477
97293,0.5814508
46470,0.7355038
111928,0.3329672
14826,0.80941623
122519,0.677713
114498,0.34913656
16401,0.26633772
116576,0.6386992
8752,0.62713623
119790,0.4039521
9798,0.32981318
29117,0.79212976
98585,0.3756762
96191,0.35855195
7420,0.3820933
4283,0.8040453
82174,0.22030051
98887,0.30728543
107348,0.8077964
4051,0.40546057
66951,0.34398377
67231,0.42782614
29397,0.41856351
72636,0.5302189
43188,0.78750926
99049,0.5385647
59903,0.74460745
113096,0.43647838
115645,0.7356775
121566,0.7813309
98823,0.2960221
124884,0.7866228
27754,0.30117765
97244,0.55112356
103567,0.48161328
65295,0.79485494
71037,0.39337274
53877,0.6853233
113358,0.21512926
32021,0.79832244
22229,0.5002848
2194,0.61046404
99641,0.5825007
65260,0.25313663
105899,0.6979583
67764,0.46611536
123839,0.69489527
2001,0.6959636
86409,0.19656846
37726,0.79371494
3298,0.4411878
103984,0.37532464
65410,0.25147715
57624,0.6758774
28902,0.76378036
2615,0.40117043
122353,0.3829359
8425,0.33502215
52422,0.36240628
26574,0.6894111
46405,0.80096644
44344,0.8091743
124847,0.7866228
110304,0.22928184
115587,0.56461996
68203,0.4449765
105198,0.63796806
47661,0.8069103
98306,0.48654738
13622,0.50431806
38863,0.8010264
68974,0.24251743
18080,0.7957616
5844,0.2852518
116524,0.36350173
69705,0.79571474
102926,0.5339925
29123,0.79212976
102825,0.31383973
56247,0.76762015
1487,0.7220523
118219,0.37723172
19925,0.48297837
15142,0.2962605
44395,0.74577814
114399,0.7255402
44397,0.8091743
26805,0.7883043
49048,0.7939288
48286,0.3697556
122323,0.7132312
71816,0.557398
100921,0.6965554
58185,0.8031131
19582,0.74325883
65677,0.80067235
12831,0.55683255
113727,0.41019246
3461,0.33033296
35206,0.80085033
77713,0.23392509
52926,0.38419756
103074,0.37961167
19703,0.48007765
102510,0.35252568
68701,0.25181878
61064,0.79203284
47241,0.7289229
64915,0.7638159
37114,0.80104226
17238,0.41533598
122526,0.6903928
77601,0.19776668
9470,0.49729383
48113,0.79541266
58470,0.76278454
39471,0.6312443
52120,0.44822863
107280,0.36562994
34917,0.7975846
60035,0.59334034
89121,0.21133155
48264,0.281965
87587,0.1977262
107107,0.8093602
109696,0.23486933
118002,0.32998794
116116,0.74843377
88157,0.21244025
26880,0.7883043
96333,0.50793093
60016,0.7588931
100913,0.6965554
71334,0.4836487
19326,0.510454
1906,0.77547044
110801,0.24762991
113863,0.5828772
71975,0.663773
20265,0.46976048
67604,0.5118888
26448,0.78022134
78924,0.23111415
21467,0.79334366
72000,0.44251037
74636,0.58878976
26817,0.7883043
35222,0.8075424
104558,0.6321695
71961,0.264656
5162,0.80916846
11133,0.33182403
20717,0.31749603
45139,0.29345495
118119,0.5223799
35870,0.80895203
18619,0.4152327
7912,0.36949554
92851,0.48897278
49831,0.6499803
118822,0.6611907
62792,0.4756888
25555,0.68475103
44472,0.8091743
52065,0.7793118
118091,0.5332604
76987,0.2076612
53271,0.42537186
96175,0.34304282
78114,0.19415936
1048,0.80024505
29474,0.51428145
83110,0.20011267
108702,0.24385369
115657,0.6827474
1657,0.48029602
73469,0.3728886
85472,0.19703627
93180,0.75654495
48861,0.8095503
14069,0.29599574
36902,0.8023691
75108,0.20090857
37070,0.8010573
24488,0.20071383
26592,0.66568196
57186,0.7434504
101613,0.32216632
38855,0.8010264
43964,0.79777825
96785,0.4320079
5173,0.80916846
99099,0.66475475
105603,0.2897993
27635,0.28888062
23658,0.80976826
23291,0.79667634
83501,0.19652802
54277,0.43196508
81235,0.21553971
44403,0.8091743
90754,0.20093733
123574,0.62706673
66614,0.28513134
93683,0.7584017
59410,0.7956951
83984,0.20036025
47891,0.7643593
8907,0.6767217
55417,0.7184276
16719,0.60307276
38394,0.80112976
116557,0.5879629
109801,0.29019657
112088,0.31549242
31071,0.761605
99436,0.26230413
61848,0.77669144
23864,0.6875331
62789,0.55757856
71887,0.37570363
114982,0.5145693
100228,0.6385274
109371,0.20519689
43100,0.6047808
98862,0.42545795
108560,0.7519524
93465,0.44295335
26603,0.71501905
100824,0.41994745
115544,0.7063785
120121,0.4004773
93067,0.8126727
101800,0.6104179
122725,0.7321527
51052,0.39824057
113355,0.21512926
117520,0.6315025
18379,0.2004756
46530,0.80061066
31892,0.8023811
112215,0.39477807
93567,0.3813723
85468,0.2001616
7868,0.44289494
36937,0.7335577
82832,0.20069158
111461,0.67275417
20794,0.37828803
116859,0.33679402
28354,0.2923007
75601,0.19942842
89203,0.23124605
25821,0.23273176
53913,0.43445346
125054,0.37893108
73206,0.5007536
34853,0.7976452
124855,0.7866228
85865,0.20433179
77592,0.1965131
41517,0.57169324
79563,0.21408969
22153,0.8016232
43398,0.8037478
93029,0.8126727
89269,0.19875307
107600,0.2749027
47301,0.51372904
45110,0.8064426
14056,0.6442346
73213,0.39086023
35080,0.7481216
60042,0.4625088
76221,0.22914056
96864,0.3304557
38398,0.80112976
28091,0.55777144
67131,0.31059137
22759,0.40676835
26377,0.3700704
97688,0.33123976
41421,0.80785656
124498,0.6581569
68952,0.24631251
36603,0.80895203
91811,0.21049573
79660,0.19859582
15115,0.2948809
6532,0.26014683
56305,0.7920922
10185,0.43046433
6269,0.71770185
75291,0.22736752
37008,0.5724354
113942,0.64393413
108100,0.5185149
34953,0.5491879
36416,0.8082987
23659,0.80976826
16494,0.43011472
25169,0.8093588
28506,0.5137291
30387,0.809041
76098,0.21035215
39242,0.7960421
56802,0.5402213
72471,0.49574077
4627,0.6890713
46325,0.32812238
41791,0.3800021
115413,0.50122803
20963,0.61241066
63605,0.79654837
36234,0.3646826
121932,0.5047117
99831,0.29428276
21127,0.6545277
11174,0.62465376
8705,0.2947499
14593,0.80941623
28222,0.28790075
24110,0.20071383
88983,0.20517023
97677,0.5653176
22956,0.8096462
98537,0.340906
108003,0.5243216
1159,0.8041842
37942,0.8088441
49363,0.33702964
83001,0.2147109
109380,0.20519689
48746,0.7514085
26121,0.7762821
81733,0.21167053
36935,0.50273263
3048,0.7375943
30864,0.7644325
6813,0.6589569
32830,0.7898537
44857,0.8013557
12498,0.6058045
54673,0.7911916
64185,0.37251148
46227,0.809229
45505,0.26790833
26132,0.45321378
84302,0.20027037
76076,0.21045604
50081,0.38145748
50837,0.5195506
91009,0.20906201
107545,0.80911267
7988,0.3844846
594,0.79701495
117531,0.7487566
17779,0.77299154
119609,0.67962253
46592,0.80061066
70572,0.5289228
79912,0.19820943
120776,0.5536235
112265,0.55491483
85959,0.20024203
39413,0.80112976
42015,0.7973143
51730,0.37778178
30997,0.80841833
104608,0.3833557
5779,0.43799782
66596,0.27290148
17133,0.5802331
30802,0.8081197
99011,0.56809264
84267,0.20019524
25341,0.8003337
109092,0.24166662
50848,0.5054466
77936,0.19845909
80184,0.2241399
22303,0.79362744
71510,0.6073057
12562,0.68360376
21636,0.792719
24361,0.35099664
102379,0.78018874
124435,0.7757004
16677,0.6032229
124335,0.76099986
45382,0.4490925
455,0.25262165
29701,0.22941694
65502,0.78129405
47333,0.7975853
108476,0.38558927
28070,0.44795397
75368,0.2005766
88052,0.21321456
16797,0.41091582
107230,0.8093602
82184,0.25148445
35252,0.8075424
79823,0.21922931
56040,0.7240791
118858,0.37295187
62973,0.52761537
26326,0.6857377
50832,0.383056
26792,0.7883043
112807,0.33930188
44632,0.80340356
39986,0.79508096
120025,0.646158
112322,0.59118176
73038,0.7951123
43235,0.609074
12733,0.47937292
19391,0.48532906
90808,0.19603279
104601,0.37667742
79246,0.22643742
26144,0.50994337
73450,0.43586853
21665,0.79362744
79929,0.22648124
109288,0.23007336
44243,0.79679835
505,0.8041842
44358,0.8091743
83058,0.2056846
106918,0.78470165
72872,0.6590996
75410,0.2101463
33342,0.76021904
82133,0.20742618
33504,0.7459609
82127,0.20445147
9264,0.43327618
25450,0.7297772
12112,0.28282502
7935,0.35103172
95776,0.4337412
110196,0.25081387
7545,0.35176727
109008,0.346801
97575,0.36538398
122144,0.33700958
107087,0.8093602
48295,0.7290383
108403,0.66552997
69980,0.62097394
82049,0.21939424
64712,0.77375305
47336,0.6716254
4308,0.8040453
83999,0.21829307
103053,0.3100072
15884,0.40823862
42115,0.80231726
106035,0.45153362
53522,0.3638168
16219,0.7527791
62270,0.79593754
44430,0.8091743
34228,0.79918724
58358,0.7295036
90419,0.20283535
56796,0.6485953
57644,0.6237307
97829,0.5044043
101937,0.648573
94052,0.80791086
108016,0.43899307
108320,0.6240997
10314,0.4565862
104209,0.35967493
51926,0.7647062
97024,0.7324878
110891,0.32854038
9443,0.56058604
6514,0.25575507
11831,0.24842754
105073,0.41514996
47375,0.80246544
101207,0.2624151
56510,0.76278096
68457,0.29754168
26354,0.42359945
115519,0.4114999
40020,0.79508096
9096,0.6085189
102262,0.7982102
58071,0.73505384
104075,0.37186342
83128,0.20011267
3322,0.67690253
97467,0.79937947
105305,0.59934205
78896,0.22222933
40210,0.7971675
89434,0.19686837
116086,0.74843377
124683,0.5887796
78342,0.23361339
106270,0.81097645
29492,0.501475
27152,0.6988277
55457,0.79278755
84336,0.20502692
9480,0.70031977
63660,0.79825
2914,0.54965425
34729,0.69055283
82657,0.20647398
56542,0.7534088
2690,0.5345926
79386,0.22036086
27633,0.28888062
77357,0.21159117
7326,0.6293585
30237,0.7746149
122637,0.62122595
122894,0.39292473
98947,0.30871922
67788,0.30880642
72577,0.6640512
29467,0.48650798
124249,0.7615474
49125,0.4011414
41807,0.69556004
26466,0.66814154
59670,0.76514494
100113,0.3659716
78354,0.23361339
112978,0.56280464
16779,0.57554185
104966,0.34865844
94062,0.80791086
544,0.7909222
69843,0.41798168
120733,0.60308015
108472,0.36779296
16058,0.25694743
40060,0.80259776
110216,0.2448559
123674,0.4226045
1713,0.6557732
18823,0.80584764
13388,0.55357105
75102,0.20090857
74123,0.28696546
92769,0.47051907
13748,0.62663835
118050,0.60837865
103720,0.5454855
61298,0.77854604
85857,0.20325743
8925,0.33502215
122754,0.7231658
52527,0.3844461
67797,0.52683866
5886,0.2886211
5804,0.2966446
83431,0.19877106
119406,0.39976934
34263,0.4896648
86407,0.19656846
103618,0.3646217
60551,0.7770301
81505,0.2123183
13272,0.3391739
75158,0.19907562
20117,0.20071383
11036,0.24892816
90383,0.20141713
124967,0.6783495
60591,0.67811555
50618,0.41699642
20052,0.6342194
79820,0.20895061
4801,0.78095263
18980,0.20045832
66845,0.3359751
87050,0.19817063
28376,0.2923007
95717,0.63598555
40385,0.7994585
99305,0.56656086
24660,0.80835134
39158,0.7289887
63522,0.7753987
11540,0.26006743
29893,0.26974148
8166,0.5113434
17306,0.40680093
92059,0.2507885
22312,0.79362744
124670,0.5887796
62806,0.7020288
1200,0.80455685
95781,0.60350037
95280,0.39408594
3624,0.40692407
10679,0.5490088
25080,0.8093588
81445,0.2123183
23282,0.79667634
109133,0.21731248
40312,0.79750144
93892,0.45525274
32459,0.80135787
45446,0.80080616
13073,0.808339
84894,0.20247667
38162,0.7804523
113085,0.43647838
109705,0.22887142
99312,0.35521528
42340,0.43284595
94941,0.6296944
21008,0.6186121
86943,0.20826079
78564,0.20112167
8033,0.30429858
123823,0.36697352
114206,0.32547867
8536,0.7591698
52112,0.5279823
36107,0.79777664
69347,0.42358842
60814,0.7866082
56350,0.6737564
117853,0.3750633
100348,0.33027163
66443,0.57505566
79322,0.20337424
76114,0.19572598
18329,0.20130867
78031,0.19525215
116362,0.5672632
107908,0.5111043
21563,0.792719
107191,0.8093602
26673,0.7796605
5754,0.43799782
27899,0.31827724
41744,0.28751868
104791,0.39591563
27249,0.35825747
8628,0.75585276
91646,0.20564672
2179,0.70419294
50831,0.383056
90849,0.20093733
69977,0.38500467
59277,0.77354735
64926,0.6827709
67825,0.52639645
88698,0.20864516
52175,0.5478222
83751,0.21191451
121586,0.7813309
119753,0.66611683
95704,0.3535359
95642,0.6369686
106696,0.5254711
107854,0.4705972
81729,0.21167053
416,0.7828997
65479,0.3617439
68046,0.6353894
61291,0.77854604
35630,0.80895203
89195,0.23124605
79377,0.2181785
68942,0.24483302
38558,0.80426425
55728,0.4354747
117307,0.65415514
51636,0.4245499
77108,0.19875629
27099,0.48977306
113194,0.3334197
56524,0.7534088
112147,0.50919116
66078,0.4203963
21519,0.8011279
88267,0.20945163
109319,0.20519689
15432,0.809004
7673,0.3596852
60122,0.6823859
34859,0.7976452
82814,0.20127374
102342,0.37658066
104028,0.40128887
589,0.5472522
87552,0.1977262
1974,0.6963638
2852,0.39359748
39348,0.79250586
80250,0.21509013
48593,0.80945295
7635,0.31410939
27292,0.36128923
95773,0.4337412
45845,0.75977224
64111,0.46913907
30223,0.7746149
9051,0.31154573
64284,0.43738377
43693,0.37746897
71442,0.30495986
16768,0.7334676
7759,0.60547525
63837,0.52761537
39663,0.80761963
79464,0.2082491
113853,0.39494574
14559,0.80941623
106446,0.635795
97622,0.41692504
55562,0.5601265
41849,0.8002086
61384,0.77964246
45624,0.8091743
85987,0.21005696
36803,0.7969342
96152,0.38916692
103066,0.396282
47004,0.76172155
72039,0.55624074
37508,0.77706754
27165,0.71769273
34180,0.80037135
90278,0.19926375
36572,0.80895203
38970,0.79744464
39077,0.79608226
40400,0.7986321
26774,0.7883043
82361,0.22642586
15361,0.3102953
58184,0.8031131
3859,0.5233605
96116,0.7398363
110464,0.24296534
65363,0.80067235
16906,0.582919
19069,0.41995913
39255,0.7960421
32015,0.79832244
68110,0.3792635
119818,0.34606433
114605,0.72528714
18601,0.6336728
6654,0.30730137
55389,0.70734096
2156,0.5890052
42336,0.28384992
4349,0.8019783
35390,0.74273115
12620,0.33790895
69643,0.79571474
56604,0.7484064
13792,0.6322444
93252,0.55974674
3681,0.30733016
116954,0.7265176
53095,0.7966562
116672,0.71233016
26172,0.62386125
123312,0.50978464
72410,0.62577933
117535,0.7487566
69892,0.3733511
30780,0.8081197
30958,0.80841833
70947,0.8056626
82639,0.20124562
12789,0.7186954
60596,0.67811555
10937,0.42690837
58629,0.7923286
46149,0.809229
117813,0.6333785
6071,0.3852654
76733,0.20569986
98376,0.26798633
10573,0.2585775
111558,0.2986512
86948,0.21007657
35448,0.8012454
121998,0.75292736
99115,0.69159824
75863,0.19629985
124834,0.7866228
122086,0.5309759
43603,0.78964967
12729,0.50354475
6235,0.27603745
1740,0.61899054
70631,0.45893106
23598,0.8097241
45238,0.6324585
75785,0.19944699
61238,0.4866565
42681,0.8002086
66576,0.6889786
80628,0.22321807
100193,0.6970635
40932,0.74344695
31662,0.77818394
113891,0.71944505
72837,0.34869388
52606,0.44574466
101828,0.67020655
6966,0.3135939
19865,0.21093589
36069,0.8016797
121387,0.4192023
62605,0.7841771
68678,0.57304
7789,0.37805936
89274,0.19875307
90502,0.20559
10270,0.42049634
83387,0.19832973
97414,0.79530317
54695,0.76251364
104360,0.3736408
71938,0.2678368
104618,0.5511541
9033,0.3754425
8200,0.73211986
13201,0.75386935
60652,0.7773255
51152,0.5887796
61275,0.77854604
65079,0.7854519
91960,0.336576
16671,0.5974102
122692,0.689048
111903,0.36406136
14927,0.36383528
102131,0.6936198
109531,0.22969116
69432,0.43525353
95775,0.4876467
81575,0.20173448
7401,0.3570916
56540,0.7534088
38463,0.71889657
104767,0.49476382
30704,0.8081197
119887,0.6046485
101676,0.3387808
78016,0.195358
9424,0.36986384
36435,0.80895203
15584,0.809004
18011,0.3479759
66439,0.66269124
39041,0.79608226
49092,0.39338848
78973,0.24470752
41780,0.3800021
58943,0.7914346
97709,0.33123976
75062,0.203499
2255,0.72548056
124079,0.35558733
25045,0.8093588
23675,0.80976826
108000,0.42317018
115351,0.73229706
47179,0.5502059
99747,0.3854886
22264,0.79362744
2018,0.580571
124875,0.7866228
84861,0.21964459
96053,0.32538438
70680,0.5141156
78379,0.22419257
82846,0.20069158
22746,0.7108884
118100,0.3492624
26457,0.78022134
94950,0.3278565
12334,0.62465376
45457,0.80080616
64557,0.53921336
20262,0.65325946
70110,0.5955047
64080,0.33126643
86951,0.20826079
51259,0.32734743
57946,0.7898255
25304,0.75228924
108059,0.45465752
122654,0.43119687
25580,0.68475103
55959,0.7984359
96942,0.7519962
85720,0.21588098
73141,0.6623146
81743,0.21388867
99510,0.30946094
45436,0.80080616
95246,0.29103535
124603,0.70263803
33879,0.26828077
67271,0.67633146
78566,0.20112167
55445,0.79278755
115868,0.63291353
112980,0.56280464
31957,0.4631047
93992,0.31478864
8924,0.33502215
54424,0.6768407
16210,0.4875763
113610,0.33930188
124586,0.7769989
39781,0.80822676
50536,0.7437607
124121,0.4456009
123607,0.7402261
45389,0.5314585
31126,0.53952426
74640,0.59550226
35882,0.80895203
85590,0.22957692
83443,0.19877106
62022,0.7922315
94683,0.2722864
81606,0.2018793
84337,0.20502692
37373,0.8007448
12845,0.62299097
88060,0.19876218
98119,0.27983063
11962,0.26744416
47725,0.72401094
122112,0.35328415
8085,0.486035
66650,0.25439397
122512,0.5047117
20784,0.673817
24381,0.48628992
112229,0.7002445
52479,0.6831031
28843,0.32391486
59234,0.79346615
51533,0.3457732
107745,0.45677146
94905,0.5160429
44500,0.80340356
104803,0.39591563
36158,0.6099849
71690,0.3550042
41178,0.80259776
8383,0.40897885
56423,0.76278096
100265,0.33062983
107512,0.37136737
95464,0.56839186
68740,0.23878558
79645,0.19859582
5316,0.79733104
11885,0.5627459
108495,0.69196284
20058,0.21093589
90761,0.20093733
32347,0.80165464
92927,0.8126727
50739,0.51619416
76962,0.20091492
82397,0.20487508
47,0.5632436
80253,0.23920393
93223,0.7390413
66197,0.40563893
15007,0.27666432
114921,0.70804405
113905,0.42304695
100566,0.30239818
33161,0.77818394
41571,0.807976
67456,0.71527565
27425,0.69858193
69055,0.43849224
114100,0.35104987
43958,0.79777825
95824,0.25211397
7549,0.57802534
62221,0.79593754
108839,0.22781709
38870,0.8010264
92976,0.8126727
18177,0.7957616
44426,0.8091743
117076,0.4255309
68748,0.23878558
14937,0.71877813
103381,0.45789674
13482,0.34115642
98261,0.5693241
43386,0.8037478
12104,0.47254238
2362,0.725405
60272,0.78768957
20961,0.61241066
92540,0.6858694
36244,0.54590505
87702,0.22927833
88010,0.24283816
48943,0.44209436
111258,0.27944663
67985,0.4477872
109272,0.23485018
5160,0.80916846
103086,0.39702833
121149,0.5817978
19068,0.6662114
616,0.80694073
28877,0.761436
16844,0.4439975
25667,0.71859205
71904,0.520876
55919,0.751279
56501,0.7678325
32793,0.62602574
82324,0.21019605
108401,0.66552997
48997,0.7953699
24418,0.21145965
108527,0.55466425
76606,0.19949698
81393,0.2144915
84808,0.20106186
66298,0.6785156
68553,0.76392424
63419,0.7945282
85825,0.20677978
113399,0.6286509
41865,0.44623283
43847,0.7666698
54150,0.36189136
58974,0.77882355
60110,0.78043467
7341,0.6293585
72868,0.36459348
94988,0.4947197
80906,0.20783442
108585,0.7927681
72213,0.29842833
30399,0.809041
102072,0.52557987
12746,0.3476103
115547,0.7063785
122843,0.71848327
123694,0.49055687
121357,0.54161155
73855,0.38808033
28013,0.5119631
37252,0.80104226
55840,0.54378986
102079,0.68599725
81621,0.20664577
52948,0.42245355
118218,0.61836886
17212,0.34585363
125016,0.71244895
60026,0.39297923
41479,0.80785656
53925,0.6877611
10066,0.46608183
67591,0.39783055
121650,0.7377916
52026,0.31509978
53127,0.7966562
26607,0.71501905
22417,0.8043312
71174,0.4068285
118818,0.64353544
93488,0.43947437
68418,0.32724255
27742,0.48550457
122553,0.4397313
6056,0.29101247
25353,0.72959936
30089,0.21443215
12611,0.5942755
55690,0.57578903
39775,0.80822676
20392,0.79504216
69895,0.3733511
69936,0.568192
36068,0.8016797
81825,0.20218292
51049,0.38078567
104449,0.32868207
117118,0.5154087
73056,0.7951123
23719,0.80976826
122118,0.5203796
120134,0.6615003
9297,0.39124036
72398,0.4412518
61925,0.7477105
16126,0.61527556
80988,0.22596586
56473,0.7678325
42687,0.72891647
37654,0.80793554
124426,0.7229309
107872,0.45402762
80816,0.24946673
118456,0.48236573
9757,0.4981776
25235,0.49750862
51562,0.5918863
10396,0.726329
11640,0.59204644
101214,0.2591972
21685,0.8029905
15600,0.809004
12203,0.36450177
52601,0.44574466
75245,0.20067476
75642,0.19162592
63689,0.79825
73125,0.41991407
109990,0.32592425
21837,0.78863424
23666,0.80976826
80280,0.19879875
63402,0.7945282
26346,0.39440337
101671,0.80445945
123910,0.77573425
23536,0.8097241
49687,0.7098948
112025,0.6638802
52480,0.6831031
98604,0.34863263
5039,0.80916846
85898,0.20611459
39283,0.7960421
121500,0.76941335
57346,0.5208419
79226,0.23398702
50925,0.5645459
89435,0.19917472
36023,0.8088441
32597,0.7886512
39548,0.7981991
42713,0.8002086
66441,0.66269124
59707,0.76514494
70304,0.52734685
31196,0.78794247
124969,0.6783495
9967,0.24039005
23012,0.656591
18139,0.7957616
45936,0.8042443
58853,0.43108955
31117,0.28695303
73384,0.5929287
54589,0.7165097
234,0.6667402
104385,0.45743236
104975,0.63663566
93268,0.6002758
20015,0.80088234
93711,0.5055028
17619,0.7966374
103454,0.38454106
97861,0.24096784
84538,0.1984785
44303,0.75679433
104990,0.65200007
95797,0.33630902
95424,0.5240501
20986,0.632392
101789,0.78976077
15372,0.32445487
108664,0.33937442
14483,0.80941623
44548,0.80340356
124571,0.64163226
81338,0.20528214
117104,0.39293033
32839,0.7898537
69971,0.45098504
48514,0.77665764
6342,0.45522887
108938,0.30302045
27316,0.34539014
10590,0.2755189
99315,0.56656086
58973,0.77882355
31847,0.7505653
29404,0.49183714
38461,0.7886968
13905,0.6595867
63542,0.7842405
75575,0.20921166
29452,0.43479678
54719,0.4214358
74549,0.808755
8613,0.7564123
10052,0.68987477
112039,0.601187
52791,0.7472173
47067,0.3388353
117315,0.3790221
102688,0.31209612
79522,0.20068139
44219,0.8064426
30051,0.33210707
76882,0.22108036
93245,0.7390413
25071,0.8093588
68415,0.5214367
80757,0.20094012
58061,0.7589909
59868,0.7854728
117704,0.28900257
48815,0.8095503
53362,0.77459514
70258,0.5237135
116173,0.72511554
75362,0.2005766
114621,0.72528714
67893,0.5118888
35195,0.80085033
85485,0.19613387
45285,0.8079547
84148,0.20138545
99638,0.5825007
13026,0.5136682
80779,0.21951133
52418,0.60426146
118658,0.6716128
22644,0.78897846
40418,0.7986321
92187,0.43492246
41051,0.7911968
56402,0.8019837
43160,0.78750926
9552,0.5695564
8134,0.4971957
105660,0.6452573
123019,0.74109787
5799,0.58013916
38808,0.8016797
55806,0.78802425
108899,0.23699294
92955,0.8126727
79462,0.2082491
58592,0.7923286
105683,0.358223
58591,0.7923286
25152,0.8093588
121867,0.6983923
57699,0.42649853
109888,0.23007336
96937,0.7519962
87360,0.22933199
21882,0.7118364
42026,0.7973143
99492,0.3130727
123726,0.7833666
17048,0.33149007
72565,0.6640512
116396,0.2584294
61182,0.6631665
47530,0.8069103
67108,0.35526556
116477,0.66658956
109394,0.21549153
37462,0.8020883
11008,0.25227222
38982,0.70235175
13446,0.3224685
61117,0.79203284
100076,0.2738476
111261,0.28321752
5215,0.79733104
106142,0.8035616
13414,0.49431404
72948,0.7951123
65471,0.39965454
26972,0.77549654
102409,0.52473825
125069,0.61200315
1875,0.77547044
79168,0.24469562
65512,0.37434262
28547,0.57919526
98857,0.54081625
68840,0.20498773
118843,0.7088812
46547,0.80061066
97795,0.6320999
86190,0.21544607
109100,0.28237396
115731,0.6672333
76753,0.23980272
39285,0.7960421
115956,0.69931036
33054,0.78162533
67349,0.3126439
60182,0.7628141
124471,0.7229309
32971,0.22365966
46353,0.77299595
9677,0.6956485
39904,0.80259776
7077,0.4847264
123229,0.7864152
73966,0.55140865
63200,0.76388085
2676,0.34039867
100379,0.33027163
23851,0.6875331
41738,0.28751868
89029,0.20249747
49868,0.64163226
89232,0.22782458
43268,0.79269826
99036,0.3807432
60482,0.7770301
65824,0.6547843
113220,0.5841264
61744,0.42330387
7749,0.33926332
21996,0.6254788
22947,0.8096462
14758,0.80941623
74164,0.3679058
65865,0.7819981
33325,0.4744839
9295,0.40507
109948,0.2346025
97967,0.26168445
35438,0.8012454
110787,0.27090627
110770,0.24449956
117544,0.7487566
110269,0.2830416
72202,0.37670052
119361,0.74884
54772,0.5817217
20941,0.7442541
19989,0.39358774
88732,0.20195699
91714,0.20891276
38456,0.7921124
36539,0.80895203
19501,0.7992589
107664,0.53330564
1065,0.50388336
28099,0.41016418
11448,0.47221327
28956,0.66604555
2466,0.648447
52159,0.66068083
43475,0.7859185
63976,0.3765984
28556,0.42452964
52866,0.47588307
9233,0.6801667
10290,0.57348955
12091,0.63840646
12021,0.25181505
74809,0.28247032
114965,0.6868073
10388,0.726329
117928,0.6512748
51542,0.31002885
1001,0.80024505
89416,0.20584817
33399,0.66039836
102888,0.4653843
41204,0.80259776
27435,0.69858193
2334,0.648447
23466,0.44497424
75989,0.2049479
33404,0.41119573
31347,0.78683996
30961,0.72812283
43359,0.8037478
42434,0.7703131
114779,0.69022506
28683,0.7243606
27494,0.33512822
71918,0.44230014
78417,0.19958039
93562,0.49878582
9522,0.43022835
24788,0.38455635
15216,0.721779
50644,0.71122843
109303,0.24318866
69955,0.4698362
109429,0.22585481
113587,0.4701326
86474,0.21910709
35839,0.31889588
27426,0.69858193
31379,0.78683996
1314,0.79771465
7944,0.61260855
16837,0.6707898
2780,0.30183446
101466,0.30736914
85411,0.21251988
29224,0.761747
45237,0.44400492
120671,0.66958296
87878,0.20841075
64313,0.73879033
79365,0.21394302
80632,0.22321807
8699,0.47602016
9389,0.32708207
50186,0.39771682
100244,0.3659716
69992,0.45435247
32885,0.7948307
3773,0.40868542
119434,0.5555061
107299,0.80815464
87388,0.2095323
109403,0.22118765
55723,0.5285337
113362,0.21512926
54818,0.6163295
113613,0.33930188
112331,0.52383864
55944,0.7984359
87759,0.2106527
88166,0.21244025
26378,0.67730796
27565,0.2640327
110689,0.24184655
60925,0.42411903
104178,0.5652511
107335,0.64560103
13481,0.34115642
2888,0.64551157
37329,0.8007448
38861,0.8010264
74180,0.6053038
52734,0.42418924
75494,0.24211383
27170,0.43830115
27926,0.36892182
15929,0.7301502
52683,0.4562269
8514,0.33233243
70462,0.5643258
51300,0.43278244
119602,0.67962253
59022,0.77882355
66586,0.27765134
88894,0.23064499
46828,0.650846
41025,0.80821896
89190,0.22048773
109026,0.23410286
77700,0.21421255
3348,0.5522213
93949,0.66429204
10571,0.2585775
44103,0.80095965
1109,0.8041842
25997,0.29043457
59890,0.7854728
104373,0.6096302
6544,0.26014683
46481,0.8003926
90136,0.19926375
47786,0.8025664
79596,0.20411824
54523,0.34411788
95340,0.35550728
18865,0.80906737
104444,0.5490807
95186,0.30648094
27415,0.6549277
63846,0.5380741
96886,0.3345645
57638,0.6383967
33463,0.39807302
64192,0.45985606
77342,0.20113626
15167,0.62663835
32395,0.80135787
7346,0.6293585
36499,0.8088441
10638,0.44801024
58808,0.76944894
41367,0.7404637
100791,0.515525
89791,0.20217294
59586,0.7987054
117061,0.68125767
75729,0.20036337
70657,0.42708373
99086,0.6779282
111711,0.41076306
23854,0.6875331
96271,0.3923536
80524,0.24194902
101355,0.34552115
11771,0.5077869
7607,0.59585387
14614,0.80941623
78667,0.1945091
44616,0.80340356
117275,0.3555107
109645,0.21883611
61850,0.77669144
44465,0.8091743
8141,0.35140795
21510,0.8011279
605,0.79701495
74231,0.4712375
118824,0.43363318
49794,0.7751638
113846,0.64479256
93647,0.6374339
98078,0.45748296
2371,0.69588643
46872,0.80718696
124943,0.72950125
30589,0.7894059
120617,0.782627
121604,0.7363015
60221,0.6940018
118799,0.33164853
24290,0.8010305
38508,0.34171164
60897,0.5164157
115761,0.7315953
55057,0.44876316
39276,0.7960421
39866,0.80259776
28927,0.71528393
96366,0.51005536
42409,0.79443663
50044,0.34074602
46272,0.809229
123521,0.7609271
30099,0.21384397
34450,0.7986151
111321,0.38263422
45556,0.4189826
102218,0.5506356
48562,0.80945295
47939,0.8076063
53636,0.35582966
54225,0.5532166
61351,0.7936831
63309,0.7808865
45125,0.8064426
49761,0.7634369
29565,0.7730323
36493,0.8088441
103243,0.3894731
100618,0.30239818
25657,0.71859205
38206,0.4609179
104690,0.5599871
88426,0.20066488
111447,0.6645539
27721,0.4401917
9337,0.47978067
83799,0.20913285
92564,0.7094574
11308,0.32143736
75756,0.20182537
25386,0.8003337
38053,0.8088441
114270,0.44895118
106624,0.33385614
7268,0.36396632
103183,0.36383674
24661,0.80835134
50381,0.50650233
26845,0.7883043
19758,0.5533123
115142,0.7016863
73112,0.43889228
47619,0.8069103
85945,0.20870505
54512,0.3168161
41160,0.80259776
42858,0.7922321
53260,0.4051877
90036,0.20187524
49586,0.7354832
33581,0.73209584
94590,0.5197993
63144,0.78821516
86477,0.1967374
28561,0.57919526
98365,0.35692817
40289,0.79750144
63768,0.77509916
21405,0.8016232
10228,0.42918697
15551,0.809004
71216,0.48958933
18390,0.2004756
55194,0.6753342
3949,0.30686972
123052,0.60005647
7736,0.5466378
59768,0.72726774
7080,0.38748044
15082,0.53335077
74349,0.34484085
11026,0.24941759
75332,0.20765902
90219,0.19926375
41135,0.80259776
115846,0.703083
102977,0.38454488
3823,0.3337771
109633,0.21883611
103571,0.5405253
22781,0.5417498
30873,0.7644325
95596,0.33497506
1380,0.37843663
8756,0.3210277
106636,0.3596554
64599,0.7024645
22779,0.40676835
44098,0.80095965
79768,0.21252418
38470,0.5119913
75881,0.21343903
14408,0.80941623
83928,0.20441265
74938,0.7108819
30151,0.21355927
5363,0.8019783
45501,0.26790833
83513,0.19816239
69173,0.55109644
94189,0.8091231
50349,0.49072716
13529,0.5868542
104048,0.39203405
20009,0.7578079
21775,0.7218162
63802,0.75432783
79940,0.21129899
84125,0.21314082
110894,0.40671265
52421,0.42639467
95102,0.33650005
41379,0.2944097
82779,0.19877106
47977,0.808801
105222,0.34173068
11373,0.5241241
115679,0.7253957
14162,0.8078827
99468,0.2853638
9583,0.69310874
123183,0.7315214
86503,0.19697398
100012,0.33026007
1238,0.80455685
25099,0.8093588
102645,0.3585903
45224,0.37872675
52750,0.50027215
11657,0.67406434
51099,0.35761148
51160,0.32231823
19849,0.41482174
44528,0.80340356
111368,0.36337394
48409,0.8092743
26162,0.70744634
79248,0.22643742
111131,0.31754518
95765,0.45226374
92216,0.39071086
46124,0.809229
87660,0.20976657
57416,0.6388644
50099,0.70565355
17121,0.40341872
108898,0.23699294
75999,0.20240088
8035,0.30429858
76611,0.19949698
6524,0.25836945
88349,0.22769377
99743,0.35201702
98889,0.30728543
72502,0.39658338
19341,0.7661029
116795,0.4600101
52518,0.5019312
82112,0.2098563
82496,0.2031854
69772,0.79571474
18357,0.2004756
32072,0.7994277
55465,0.79278755
22885,0.78570265
54936,0.7817709
44195,0.8053395
82070,0.20489582
63226,0.76388085
63563,0.7827006
102580,0.28833243
2749,0.24041262
17683,0.5892296
84272,0.21303757
70150,0.5739792
59238,0.79346615
44796,0.7729055
57036,0.80066
118925,0.62987655
71675,0.35336852
64507,0.80919904
27919,0.31827724
50976,0.6385976
83649,0.20411593
108891,0.23699294
122466,0.53946817
33972,0.7999786
44584,0.80340356
38901,0.361727
4771,0.7004359
59633,0.7987054
57642,0.775199
124837,0.7866228
82178,0.21534747
56628,0.53700405
95094,0.30143318
94801,0.2722864
39525,0.7981991
23364,0.5327026
60899,0.50356334
45396,0.76682657
124222,0.7778656
42013,0.7973143
101862,0.33411846
123357,0.688783
71947,0.264656
123748,0.7326545
72337,0.43150556
56353,0.7920922
67602,0.42077553
104441,0.61696374
16789,0.40680093
20507,0.42542928
107196,0.8093602
67778,0.30676827
56176,0.7632336
19122,0.5605845
61074,0.79203284
85891,0.245396
119589,0.3706879
58898,0.7481467
83677,0.2012732
7255,0.3216973
19644,0.7933174
509,0.7673016
87427,0.22430784
66212,0.4203963
82023,0.21306509
76472,0.20100705
48243,0.8023793
26946,0.77549654
79670,0.20597881
23556,0.8097241
39476,0.79076576
121816,0.73287684
65646,0.5926201
30580,0.7894059
53927,0.6877611
113511,0.5189452
25538,0.76504135
116245,0.6912467
41908,0.8029965
82179,0.21454793
12368,0.6150372
105119,0.6479045
120129,0.3511675
78328,0.21440104
26127,0.7762821
69920,0.68467414
90786,0.19603279
46069,0.27086356
9503,0.37190223
37109,0.80104226
18421,0.38841772
8070,0.30264264
43762,0.46557033
87372,0.2025151
29570,0.58012384
82155,0.20997864
21081,0.5118589
80649,0.22321807
61465,0.75686926
11942,0.26492712
108122,0.36397907
9214,0.52772415
104150,0.4039596
74832,0.3742526
18081,0.7957616
37934,0.8088405
11547,0.4646198
78526,0.24952763
45563,0.3421085
42587,0.80821896
117692,0.61152565
103756,0.6096272
70305,0.6060831
83627,0.21903904
66156,0.43373498
113607,0.33930188
30937,0.64412713
53246,0.7723164
71141,0.5424337
1289,0.34086984
62717,0.70052934
114890,0.6155591
103245,0.40120566
103729,0.3117202
69163,0.57996863
75920,0.20012447
117565,0.6577019
18859,0.80906737
6320,0.51106185
117809,0.32847828
28854,0.43285915
123201,0.7864152
48724,0.8095503
102142,0.5791679
39455,0.5860095
30340,0.809041
31615,0.8017898
8664,0.32762522
39236,0.7960421
70577,0.42060903
69685,0.79571474
124465,0.7229309
39956,0.7953884
25575,0.68475103
76282,0.20090342
96551,0.30107316
20398,0.79504216
53538,0.5343266
47137,0.79626465
45192,0.62574166
31855,0.7505653
19762,0.54594857
90139,0.19926375
54997,0.54247856
12951,0.6481512
48001,0.3767504
114038,0.62293565
85508,0.21807456
1993,0.39529997
88311,0.20059909
110500,0.23236163
38930,0.7287264
60710,0.5342492
74642,0.49156904
69899,0.4808294
102123,0.6418713
73119,0.40869683
43545,0.76983833
9095,0.6085189
8542,0.7591698
65765,0.4666993
121509,0.76941335
109961,0.23289204
74660,0.4668884
79028,0.24655582
19431,0.7992589
95931,0.32372054
90090,0.20338498
23269,0.7891411
20160,0.70739913
17334,0.7014428
78563,0.20112167
109318,0.20519689
99669,0.65043336
17036,0.3639428
94856,0.3371102
101397,0.42350802
59353,0.76938885
75474,0.19897081
11974,0.7628755
72233,0.3210808
114538,0.39038265
20338,0.79936427
76860,0.20436208
15723,0.27446127
6876,0.7685967
115905,0.4508721
48790,0.8095503
24375,0.7096664
40760,0.7961792
33999,0.7999786
30619,0.8081197
35648,0.80895203
75803,0.20510566
57380,0.76780033
939,0.8074672
99739,0.6803052
28492,0.2909377
57616,0.75985736
91854,0.21049573
6570,0.21555509
123491,0.7672387
66761,0.35797065
61399,0.7939423
24694,0.80835134
38077,0.8088441
55680,0.59867597
22266,0.79362744
28016,0.4478046
29049,0.77502143
35541,0.808773
51030,0.6107324
79465,0.20214772
92219,0.39071086
67149,0.35968107
110850,0.47946963
85351,0.2117256
1468,0.33680174
113035,0.32217428
49600,0.7354832
79481,0.1945091
78833,0.2176284
3633,0.43269196
30068,0.23306021
22132,0.8016232
9426,0.36986384
36569,0.80895203
26212,0.7145059
11806,0.25178835
94843,0.6207393
90248,0.19926375
88120,0.20599088
42644,0.7632697
59916,0.6329638
106344,0.81097645
42813,0.39605695
106013,0.5377679
36134,0.801061
6611,0.26658496
8131,0.5641957
97240,0.50494355
96362,0.3538753
32878,0.660404
74357,0.33282351
107377,0.5203649
10020,0.5010259
56318,0.7920922
124227,0.7778656
13964,0.24953407
14025,0.7616704
15996,0.26513758
43118,0.44240716
20709,0.7577378
40750,0.7531907
105558,0.3884293
83535,0.19816239
95106,0.33650005
74011,0.37397674
47232,0.40871412
60937,0.7739588
108931,0.30302045
89701,0.19925535
84761,0.20347768
123230,0.7864152
89882,0.20569646
121045,0.6584491
81141,0.20243315
52848,0.36465892
105892,0.6979583
2120,0.37823084
55692,0.53911287
44057,0.7958979
7261,0.3216973
7997,0.4421451
84989,0.21166277
99349,0.27207512
9819,0.653495
35002,0.8005567
43027,0.80101717
112185,0.3277323
15592,0.809004
33641,0.7708688
33042,0.78162533
27159,0.71769273
16773,0.50338423
79982,0.19785899
47084,0.7942474
2929,0.3752642
45521,0.43160632
162,0.8044831
46861,0.4099685
37124,0.80104226
58502,0.76278454
42040,0.7973143
116793,0.6325389
86295,0.21705042
26068,0.5018509
3547,0.374442
10027,0.520973
113782,0.41923872
71892,0.46878827
5230,0.7867436
39407,0.80112976
59892,0.7854728
108651,0.39748955
104954,0.33948243
97601,0.52111554
57056,0.80066
118970,0.6591647
27605,0.2640327
44226,0.8064426
43336,0.8037478
2876,0.24256332
109473,0.23890145
44073,0.80095965
76120,0.19572598
96102,0.65978783
7537,0.595561
53027,0.7928239
17761,0.2678726
93450,0.34198684
38553,0.5739361
49797,0.7751638
52744,0.5622432
18174,0.7957616
82056,0.20278917
114722,0.32594725
20839,0.46771622
24230,0.8010305
76542,0.19978288
121917,0.637532
118953,0.75821793
20432,0.79504216
13921,0.66224575
30714,0.8081197
107154,0.8093602
24795,0.7837901
72601,0.3917507
83124,0.20011267
98333,0.5938473
26274,0.37745112
36852,0.8023691
35318,0.74580944
113656,0.67341036
79775,0.21030717
98946,0.30871922
83579,0.20283137
19202,0.8007238
101499,0.51598686
118163,0.5685469
96124,0.7398363
80501,0.21230015
84059,0.20520006
55932,0.51830715
5641,0.80371577
2388,0.33854792
6026,0.2509454
124727,0.66489714
3435,0.60859895
34906,0.7975846
45341,0.6194287
73935,0.42245314
57989,0.7898255
89481,0.19922821
49561,0.7537612
7119,0.2747103
76958,0.22158428
49499,0.53707033
53222,0.7723164
115524,0.7166543
39258,0.7960421
34628,0.79532456
4816,0.78095263
95393,0.32372054
62631,0.57515246
108397,0.66552997
65446,0.77375305
92867,0.3717781
116373,0.66274214
78478,0.22198968
67999,0.3406656
2130,0.6333503
29304,0.40348795
29502,0.617238
91135,0.20434585
101947,0.35469556
568,0.3619551
6168,0.26399288
42420,0.79443663
95862,0.5795631
97020,0.7324878
114963,0.4881716
82020,0.21306509
98235,0.27465925
16086,0.5760418
116277,0.6747038
20548,0.45892012
96312,0.43061534
49228,0.7510495
68382,0.5529421
92176,0.39574552
107393,0.5757631
3929,0.32297492
40958,0.80793554
56083,0.78675014
60196,0.78137577
97750,0.55038446
53754,0.4601936
65543,0.55334115
24316,0.8010305
833,0.8081262
93653,0.76557666
62877,0.42550668
86921,0.20002322
43384,0.8037478
51176,0.61658674
3551,0.32984734
45548,0.31098887
40173,0.79552895
19377,0.2679169
91344,0.20980154
65567,0.66474926
43944,0.79777825
3112,0.31536475
94969,0.76153153
120057,0.56551087
70118,0.5438987
114556,0.6898034
84614,0.20986125
115226,0.69792163
79491,0.19810103
108373,0.56662303
37168,0.80104226
114286,0.65852785
3766,0.38849524
100328,0.44953108
109659,0.21883611
64552,0.62507975
59686,0.76514494
63943,0.64395404
72443,0.4244479
98263,0.5600709
121853,0.6983923
109666,0.21883611
19741,0.5306743
13867,0.5516399
122328,0.7132312
68214,0.51116544
115058,0.6973049
53647,0.35582966
96758,0.55370146
81612,0.2018793
124650,0.7769989
2930,0.3752642
47502,0.8069103
38700,0.8082987
69985,0.41602018
107616,0.74256265
5853,0.72498673
37369,0.8007448
75779,0.21897258
43673,0.63102037
85588,0.20422171
123768,0.7833666
91022,0.19921252
114440,0.7256712
43519,0.7859185
33522,0.7062454
66935,0.35933313
61512,0.7272892
44573,0.80340356
85526,0.24909882
60555,0.7770301
104656,0.4394125
2896,0.47955412
19797,0.6392699
86595,0.22601187
58814,0.76944894
13454,0.3122077
112454,0.56652176
17419,0.295209
60381,0.7936831
11803,0.251155
47125,0.5488815
120168,0.74130756
18893,0.21206717
124360,0.65818405
48645,0.8095503
103265,0.42394027
104989,0.7009656
41293,0.79722136
19412,0.7992589
36323,0.8082987
5623,0.80371577
67727,0.2839216
117371,0.6960677
97635,0.51529527
11023,0.24941759
56116,0.78675014
68985,0.24258207
85856,0.21166207
77617,0.19816259
34402,0.7986151
11560,0.59793526
95488,0.4094605
15713,0.26650742
65123,0.63736486
52088,0.7793118
14508,0.80941623
52603,0.44574466
24528,0.20154764
109275,0.23485018
89924,0.20340481
98011,0.7921526
51575,0.34557486
61129,0.7937088
60353,0.73859376
104283,0.6470826
57241,0.7994125
98816,0.6285568
116987,0.66125226
116568,0.6386992
57971,0.7898255
80262,0.2096474
51549,0.5918863
102350,0.458843
108142,0.8087252
80673,0.20308957
109763,0.21373075
102325,0.53027505
72325,0.5519262
9543,0.5695564
83274,0.2011599
21143,0.63103867
111068,0.34254757
3272,0.7661638
21487,0.8011279
84139,0.20244513
22392,0.8043312
55808,0.6541208
4593,0.7874184
76091,0.21035215
50285,0.3467738
89317,0.20318913
62165,0.79127413
25439,0.7994737
108411,0.4209726
116399,0.2584294
116799,0.62198365
8445,0.39278114
65695,0.682711
98911,0.33252978
49175,0.4473866
31334,0.78683996
74650,0.5872733
100406,0.3727331
102535,0.36136702
42127,0.80231726
88141,0.19789094
114449,0.7256712
79022,0.20820075
95907,0.29875332
12264,0.4195184
103065,0.396282
78476,0.22198968
2463,0.37217277
90322,0.21840177
18255,0.7957616
77807,0.1971586
68563,0.7530334
50198,0.4586734
47271,0.35125214
10292,0.49935418
28368,0.2923007
57276,0.7994125
31638,0.8017898
22619,0.5392564
100196,0.3659716
3730,0.43362683
100407,0.3727331
604,0.79701495
71666,0.51048523
113637,0.45370382
101375,0.50684524
295,0.39792907
55174,0.5297909
50683,0.36395013
32473,0.7805911
65560,0.7063259
32741,0.761678
18745,0.7882662
30810,0.8081197
104746,0.66140336
123311,0.74960905
114943,0.7321596
47968,0.808801
50412,0.3223178
14733,0.80941623
33767,0.35936296
56115,0.78675014
25622,0.23186314
49545,0.7361849
111917,0.36406136
120382,0.47986174
25055,0.8093588
13881,0.6595867
122762,0.4456009
61014,0.41652733
56048,0.78675014
73655,0.37813967
115918,0.5907602
69954,0.3539414
101140,0.61138517
30844,0.7904467
71454,0.30495986
54970,0.69495857
22633,0.3434569
39280,0.7960421
55599,0.5668981
102593,0.3138668
22782,0.5417498
95541,0.30268976
125084,0.6180014
120739,0.60308015
48742,0.7514085
40921,0.7978385
112508,0.61334085
53885,0.48647723
124258,0.7579664
107849,0.49374413
34011,0.43058655
7072,0.39985806
22361,0.8029905
79597,0.20411824
98665,0.5687868
89115,0.21133155
66672,0.444319
105872,0.31260884
117148,0.34477305
61523,0.55042297
47581,0.8069103
14858,0.27648756
98481,0.28812793
25665,0.71859205
98864,0.37693796
67659,0.3576852
94499,0.409143
40584,0.79639655
93103,0.7228159
43769,0.33353448
115256,0.61641353
68301,0.38291273
32785,0.7313424
83430,0.19877106
72448,0.37007722
119175,0.39926273
120420,0.5596508
21220,0.20071383
63885,0.5510232
97625,0.58926326
106777,0.8092244
9074,0.399875
17190,0.53780615
104436,0.6107238
48970,0.7953699
24287,0.7459061
39504,0.36833057
43196,0.78750926
101495,0.36535373
78975,0.24470752
27416,0.6549277
48231,0.8023793
98764,0.2566647
86294,0.21705042
23799,0.5698866
61778,0.7576876
113936,0.47049585
116192,0.72511554
49395,0.42113736
67807,0.5990001
42221,0.7994585
102725,0.6814497
114737,0.6348859
20774,0.5878649
69491,0.47469464
42951,0.80101717
78898,0.22222933
39634,0.80793554
31783,0.8023811
52529,0.52822524
8935,0.6767217
25007,0.7576231
35115,0.8005567
73062,0.67522645
103954,0.56669354
27046,0.47136417
77835,0.1971586
97040,0.7324878
30840,0.7904467
7177,0.2941823
25751,0.7639215
85312,0.20903587
6252,0.59464896
114867,0.64836466
78145,0.20271383
61543,0.6777203
22796,0.6808601
19859,0.21093589
124736,0.3223178
68539,0.76392424
79075,0.21291856
62828,0.6864459
116384,0.7315953
30318,0.7594116
15817,0.3858914
36824,0.8023691
46123,0.809229
99784,0.5280117
37490,0.8017056
122130,0.56643325
16167,0.32107997
109313,0.24318866
103560,0.52713984
19760,0.5533123
91231,0.21360156
76694,0.20257232
64870,0.6549524
111514,0.601187
43578,0.61937237
56774,0.80260444
54587,0.7165097
74113,0.28696546
54292,0.7634342
56784,0.7295036
52366,0.74396783
93095,0.7016718
88751,0.20318913
58523,0.7613611
45106,0.8064426
74148,0.2715731
114367,0.6239241
117469,0.6178797
59390,0.7355937
91259,0.209462
56088,0.78675014
23377,0.72429365
109880,0.28002214
39690,0.80761963
110405,0.24827163
112656,0.46987033
12641,0.5764136
76498,0.20798679
76986,0.2076612
101112,0.32657626
14029,0.7616704
110726,0.24533899
86934,0.20197688
84199,0.20859048
5154,0.80916846
